scenario_id,encounter_requested,encounter_observed,role,cas,cas_name,perception,dcpa_target_m,tcpa_target_s,own_speed_kn,tgt_speed_kn,own_vessel,tgt_vessel,tgt_status,visibility,initial_range_m,relative_bearing_deg,tgt_heading_deg,min_dist_m,min_intrusion,safe,domain_respected,collision,excess_path_pct,progress_loss_pct,cross_track_m,heading_changes,total_alteration_deg,crossed_ahead,detection_rate,track_delay_s,tcpa_at_track_ready,mean_pos_error_m,role_flip_rate,flip_dangerous_rate,flip_conservative_rate,mean_dcpa_sigma,conservative_steps,encounter,starboard_alteration,substantial_action,early_action,no_cross_ahead,stand_on_held,compliance
head_on_0000,head_on,head_on,both_give_way,no_action,No action (baseline),modelled,1038.1832502936181,975.3877446647756,14.030209945598884,9.464618964197363,vlcc,coastal_tanker,power_driven,good,11834.317823638297,5.510909107445061,181.18679233479313,1038.193827283104,1.9654677048213207,True,True,False,1.6824412284568013e-12,-1.6824412284568013e-12,0.0,0,0.0,True,0.001388888888888889,,,10175.025322182453,0.05,0.0,0.05,7372.149646718589,0,head_on,0.0,0.0,0.0,,,0.0
head_on_0000,head_on,head_on,both_give_way,rule_based,Rule-based COLREGS,modelled,1038.1832502936181,975.3877446647756,14.030209945598884,9.464618964197363,vlcc,coastal_tanker,power_driven,good,11834.317823638297,5.510909107445061,181.18679233479313,1038.193827283104,1.9654677048213207,True,True,False,1.6824412284568013e-12,-1.6824412284568013e-12,0.0,0,0.0,True,0.0,,,,0.0,0.0,0.0,,0,head_on,0.0,0.0,0.0,,,0.0
head_on_0000,head_on,head_on,both_give_way,velocity_obstacle,Velocity obstacle,modelled,1038.1832502936181,975.3877446647756,14.030209945598884,9.464618964197363,vlcc,coastal_tanker,power_driven,good,11834.317823638297,5.510909107445061,181.18679233479313,557.3297331069292,0.7251750599356773,False,False,False,-9.545448051397734,13.431659790968599,2065.5031896634396,158,68.14606635160258,True,0.034722222222222224,910.0,148.88778403772142,2026.7573485429352,0.020833333333333332,0.0,0.020833333333333332,1325.6532503797298,0,head_on,1.0,1.0,0.0,,,0.6666666666666666
head_on_0000,head_on,head_on,both_give_way,mpc,MPC,modelled,1038.1832502936181,975.3877446647756,14.030209945598884,9.464618964197363,vlcc,coastal_tanker,power_driven,good,11834.317823638297,5.510909107445061,181.18679233479313,1038.193827283104,1.9654677048213207,True,True,False,-2.9651675674638875,3.2105432509534984,572.6684529814381,104,19.611134096492997,True,0.001388888888888889,,,12762.75602040298,0.10833333333333334,0.0,0.10833333333333334,7122.788339549132,0,head_on,1.0,0.0,0.0,,,0.3333333333333333
head_on_0001,head_on,head_on,give_way,no_action,No action (baseline),modelled,461.369778106762,1174.8967824031902,15.895640493260917,10.794106775332105,handysize_bulker,container_feeder,fishing,moderate,16130.253402134475,-3.1387491437218342,176.29149359219235,461.3719525838031,1.596159952706612,False,True,False,-9.899990573468973e-14,9.899990573468973e-14,0.0,0,0.0,True,0.016666666666666666,1095.0,79.89678240317767,32581.044216410923,0.0,0.0,0.0,1144.455516149968,0,head_on,0.0,0.0,0.0,,,0.0
head_on_0001,head_on,head_on,give_way,rule_based,Rule-based COLREGS,modelled,461.369778106762,1174.8967824031902,15.895640493260917,10.794106775332105,handysize_bulker,container_feeder,fishing,moderate,16130.253402134475,-3.1387491437218342,176.29149359219235,1097.1788005570481,2.714533136620547,True,True,False,-0.6029963758302167,1.4700631272693208,881.4706165382365,61,43.85709585862398,True,0.006944444444444444,,,3317.7836187075804,0.0,0.0,0.0,6503.312773946153,0,head_on,1.0,1.0,0.0,,,0.6666666666666666
head_on_0001,head_on,head_on,give_way,velocity_obstacle,Velocity obstacle,modelled,461.369778106762,1174.8967824031902,15.895640493260917,10.794106775332105,handysize_bulker,container_feeder,fishing,moderate,16130.253402134475,-3.1387491437218342,176.29149359219235,740.3970465462502,2.2154694457565953,False,True,False,-0.17953768283432966,0.5295135226780031,639.2149593941242,54,23.751616472189856,True,0.011111111111111112,1260.0,0.0,55542.010744338724,0.0,0.0,0.0,1282.6759765295212,0,head_on,1.0,0.0,0.0,,,0.3333333333333333
head_on_0001,head_on,head_on,give_way,mpc,MPC,modelled,461.369778106762,1174.8967824031902,15.895640493260917,10.794106775332105,handysize_bulker,container_feeder,fishing,moderate,16130.253402134475,-3.1387491437218342,176.29149359219235,806.257808398162,2.76018865610081,False,True,False,-0.5366101772125116,0.7163027453316473,536.0005990684367,82,18.827699339680578,True,0.004166666666666667,,,14742.280714989693,0.0,0.0,0.0,2089.328844387306,0,head_on,1.0,0.0,0.0,,,0.3333333333333333
head_on_0002,head_on,head_on,both_give_way,no_action,No action (baseline),modelled,669.2070490863715,1227.7279279250586,9.85937773335666,13.0800471363339,vlcc,coastal_tanker,power_driven,good,14503.731617021169,-2.9953288264096463,179.3848766590244,669.7439686014168,1.2674246032994332,False,True,False,1.1970838472147579e-12,-1.1970838472147579e-12,0.0,0,0.0,True,0.008333333333333333,1365.0,0.0,39735.642587179325,0.6138888888888889,0.0,0.6138888888888889,1081.468941333593,0,head_on,0.0,0.0,0.0,,,0.0
head_on_0002,head_on,head_on,both_give_way,rule_based,Rule-based COLREGS,modelled,669.2070490863715,1227.7279279250586,9.85937773335666,13.0800471363339,vlcc,coastal_tanker,power_driven,good,14503.731617021169,-2.9953288264096463,179.3848766590244,886.7213302449965,1.5524164555209083,False,True,False,-4.058949167711288,5.346661926917299,894.5823151070113,123,38.41377738254198,True,0.015277777777777777,1310.0,0.0,41759.69987688222,0.6388888888888888,0.0,0.6361111111111111,1229.146193148723,0,head_on,1.0,1.0,0.0,,,0.6666666666666666
head_on_0002,head_on,head_on,both_give_way,velocity_obstacle,Velocity obstacle,modelled,669.2070490863715,1227.7279279250586,9.85937773335666,13.0800471363339,vlcc,coastal_tanker,power_driven,good,14503.731617021169,-2.9953288264096463,179.3848766590244,849.603228619349,1.5222877871311327,False,True,False,-8.08122186590556,11.292601846624047,1443.1822584580812,163,58.1508221929447,True,0.027777777777777776,1300.0,0.0,39312.00445124645,0.5375,0.0,0.5361111111111111,1125.8463198049365,0,head_on,1.0,1.0,0.0,,,0.6666666666666666
head_on_0002,head_on,head_on,both_give_way,mpc,MPC,modelled,669.2070490863715,1227.7279279250586,9.85937773335666,13.0800471363339,vlcc,coastal_tanker,power_driven,good,14503.731617021169,-2.9953288264096463,179.3848766590244,669.7439686014168,1.2674246032994332,False,True,False,1.1970838472147579e-12,-1.1970838472147579e-12,0.0,0,0.0,True,0.013888888888888888,1355.0,0.0,37560.41623844929,0.6236111111111111,0.0,0.6236111111111111,1139.0255631422222,0,head_on,0.0,0.0,0.0,,,0.0
head_on_0003,head_on,head_on,both_give_way,no_action,No action (baseline),modelled,770.90966754383,669.2208211104165,10.100569713972376,14.482925912585463,container_feeder,handysize_bulker,power_driven,good,8496.272566161799,3.6050233887956544,177.28273547983707,770.972611037122,3.208941286398216,False,True,False,1.752747938346003e-13,-1.752747938346003e-13,0.0,0,0.0,True,0.0375,475.0,194.22082111041652,72394.94395117961,0.04861111111111111,0.0,0.009722222222222222,1568.7236888978987,0,head_on,0.0,0.0,0.0,,,0.0
head_on_0003,head_on,head_on,both_give_way,rule_based,Rule-based COLREGS,modelled,770.90966754383,669.2208211104165,10.100569713972376,14.482925912585463,container_feeder,handysize_bulker,power_driven,good,8496.272566161799,3.6050233887956544,177.28273547983707,305.80935906088064,1.086186265316329,False,True,False,-1.487573259448575,2.7907404680788765,758.7443451429193,76,35.21287203652117,True,0.08055555555555556,490.0,220.36608309744756,121905.93850372087,0.022222222222222223,0.0,0.0125,1464.7486879814796,0,head_on,1.0,1.0,0.0,,,0.6666666666666666
head_on_0003,head_on,head_on,both_give_way,velocity_obstacle,Velocity obstacle,modelled,770.90966754383,669.2208211104165,10.100569713972376,14.482925912585463,container_feeder,handysize_bulker,power_driven,good,8496.272566161799,3.6050233887956544,177.28273547983707,511.3615937411031,1.9101807206110215,False,True,False,-6.334432720912444,8.296635968159206,974.2146897908344,128,62.17768504388644,True,0.06388888888888888,515.0,183.62972754691955,99324.39663401662,0.06527777777777778,0.001388888888888889,0.0375,1610.930144862024,0,head_on,1.0,1.0,0.0,,,0.6666666666666666
head_on_0003,head_on,head_on,both_give_way,mpc,MPC,modelled,770.90966754383,669.2208211104165,10.100569713972376,14.482925912585463,container_feeder,handysize_bulker,power_driven,good,8496.272566161799,3.6050233887956544,177.28273547983707,911.6802672476613,3.5785747374331014,False,True,False,-2.7614003373705893,3.4446543736044157,248.73514614184592,99,33.17095315713462,True,0.025,500.0,220.35958739208937,33592.67697863831,0.04583333333333333,0.0,0.03888888888888889,1366.9443551086815,0,head_on,0.0,1.0,0.0,,,0.3333333333333333
head_on_0004,head_on,head_on,both_give_way,no_action,No action (baseline),modelled,850.5192374600587,1631.534800787962,12.751537425176856,11.092657704984966,vlcc,handysize_bulker,power_driven,good,20031.05798382746,-2.1669496890020996,180.5729884098609,850.727575281735,1.6107727935184355,False,True,False,1.3575097211808356e-12,-1.3575097211808356e-12,0.0,0,0.0,True,0.029166666666666667,1470.0,161.53480078796935,22739.21261898014,0.17222222222222222,0.0,0.17222222222222222,754.8405478918613,0,head_on,0.0,0.0,0.0,,,0.0
head_on_0004,head_on,head_on,both_give_way,rule_based,Rule-based COLREGS,modelled,850.5192374600587,1631.534800787962,12.751537425176856,11.092657704984966,vlcc,handysize_bulker,power_driven,good,20031.05798382746,-2.1669496890020996,180.5729884098609,1331.5364503294054,2.1396214286401034,True,True,False,-2.340788903580355,3.8104698017158176,1224.8575118643937,96,38.79728023575016,True,0.020833333333333332,1745.0,0.0,64130.68871116771,0.5166666666666667,0.0,0.5166666666666667,967.3461198668601,0,head_on,1.0,1.0,0.0,,,0.6666666666666666
head_on_0004,head_on,head_on,both_give_way,velocity_obstacle,Velocity obstacle,modelled,850.5192374600587,1631.534800787962,12.751537425176856,11.092657704984966,vlcc,handysize_bulker,power_driven,good,20031.05798382746,-2.1669496890020996,180.5729884098609,1372.2925889868868,2.5507820803972563,True,True,False,-0.2243777135317987,0.43022399781166243,596.5856788692873,46,10.822606287649812,True,0.004166666666666667,,,4546.821535061557,0.04583333333333333,0.0,0.019444444444444445,5957.131467780285,0,head_on,1.0,0.0,0.0,,,0.3333333333333333
head_on_0004,head_on,head_on,both_give_way,mpc,MPC,modelled,850.5192374600587,1631.534800787962,12.751537425176856,11.092657704984966,vlcc,handysize_bulker,power_driven,good,20031.05798382746,-2.1669496890020996,180.5729884098609,1121.994700741765,1.933374656108607,True,True,False,-3.1945633902030424,3.6880403421684846,587.5784897740534,85,29.646033165560034,True,0.015277777777777777,1460.0,180.6405806312521,23585.483585697504,0.008333333333333333,0.004166666666666667,0.0,815.5174486086847,0,head_on,1.0,0.0,0.0,,,0.3333333333333333
head_on_0005,head_on,head_on,both_give_way,no_action,No action (baseline),modelled,1346.7311689076125,710.8593923408356,15.018776909166728,10.79921932544476,handysize_bulker,vlcc,power_driven,good,9537.045559845446,-7.894655064509616,180.53371843496225,1346.779539013272,4.675846965367556,True,True,False,7.596547421661362e-13,-7.596547421661362e-13,0.0,0,0.0,True,0.04027777777777778,425.0,285.8593923408365,196497.92865573676,0.32083333333333336,0.02638888888888889,0.28194444444444444,1409.421369673626,0,head_on,0.0,0.0,0.0,,,0.0
head_on_0005,head_on,head_on,both_give_way,rule_based,Rule-based COLREGS,modelled,1346.7311689076125,710.8593923408356,15.018776909166728,10.79921932544476,handysize_bulker,vlcc,power_driven,good,9537.045559845446,-7.894655064509616,180.53371843496225,1346.779539013272,4.675846965367556,True,True,False,7.596547421661362e-13,-7.596547421661362e-13,0.0,0,0.0,True,0.04861111111111111,430.0,280.8593923408365,168073.05243921865,0.4375,0.015277777777777777,0.3861111111111111,1642.7888255246146,0,head_on,0.0,0.0,0.0,,,0.0
head_on_0005,head_on,head_on,both_give_way,velocity_obstacle,Velocity obstacle,modelled,1346.7311689076125,710.8593923408356,15.018776909166728,10.79921932544476,handysize_bulker,vlcc,power_driven,good,9537.045559845446,-7.894655064509616,180.53371843496225,1346.779539013272,4.675846965367556,True,True,False,7.596547421661362e-13,-7.596547421661362e-13,0.0,0,0.0,True,0.043055555555555555,455.0,255.85939234083637,191649.65595257902,0.7763888888888889,0.009722222222222222,0.7430555555555556,1771.8128644350945,0,head_on,0.0,0.0,0.0,,,0.0
head_on_0005,head_on,head_on,both_give_way,mpc,MPC,modelled,1346.7311689076125,710.8593923408356,15.018776909166728,10.79921932544476,handysize_bulker,vlcc,power_driven,good,9537.045559845446,-7.894655064509616,180.53371843496225,1794.6260948020943,6.231031333461138,True,True,False,-0.5264266163572626,0.656494543901357,447.4941676145925,80,17.211238640692113,False,0.022222222222222223,390.0,333.2747044674942,138259.78593384835,0.5097222222222222,0.0,0.5013888888888889,1499.8979672950854,0,head_on,1.0,0.0,0.0,,,0.3333333333333333
head_on_0006,head_on,head_on,both_give_way,no_action,No action (baseline),modelled,919.0375252317873,753.0468868947153,14.944498355494579,13.493427892248114,vlcc,handysize_bulker,power_driven,moderate,11054.448686708645,-5.380369659482548,178.71135042146526,919.48154734917,1.7399888714365916,False,True,False,6.976174799293156e-13,-6.976174799293156e-13,0.0,0,0.0,True,0.005555555555555556,935.0,0.0,103691.27709726829,0.12777777777777777,0.0,0.12777777777777777,1482.839140521135,0,head_on,0.0,0.0,0.0,,,0.0
head_on_0006,head_on,head_on,both_give_way,rule_based,Rule-based COLREGS,modelled,919.0375252317873,753.0468868947153,14.944498355494579,13.493427892248114,vlcc,handysize_bulker,power_driven,moderate,11054.448686708645,-5.380369659482548,178.71135042146526,919.48154734917,1.7399888714365916,False,True,False,6.976174799293156e-13,-6.976174799293156e-13,0.0,0,0.0,True,0.008333333333333333,880.0,0.0,25729.880467177278,0.001388888888888889,0.0,0.001388888888888889,1568.6856763449848,0,head_on,0.0,0.0,0.0,,,0.0
head_on_0006,head_on,head_on,both_give_way,velocity_obstacle,Velocity obstacle,modelled,919.0375252317873,753.0468868947153,14.944498355494579,13.493427892248114,vlcc,handysize_bulker,power_driven,moderate,11054.448686708645,-5.380369659482548,178.71135042146526,919.48154734917,1.7399888714365916,False,True,False,6.976174799293156e-13,-6.976174799293156e-13,0.0,0,0.0,True,0.005555555555555556,900.0,0.0,74006.96442897254,0.16944444444444445,0.0,0.1597222222222222,2416.33976877841,0,head_on,0.0,0.0,0.0,,,0.0
head_on_0006,head_on,head_on,both_give_way,mpc,MPC,modelled,919.0375252317873,753.0468868947153,14.944498355494579,13.493427892248114,vlcc,handysize_bulker,power_driven,moderate,11054.448686708645,-5.380369659482548,178.71135042146526,1106.1906535876105,1.9499046983373258,True,True,False,-3.9919554353656963,4.479915057776946,639.8573680308575,83,31.608893138027998,True,0.009722222222222222,895.0,0.0,56687.27766641711,0.7847222222222222,0.0,0.7847222222222222,1435.230330947032,0,head_on,1.0,1.0,0.0,,,0.6666666666666666
head_on_0007,head_on,head_on,give_way,no_action,No action (baseline),modelled,864.1078710099126,1768.7272669007152,12.227828180372452,13.161668791997215,vlcc,container_feeder,fishing,good,23117.63303188457,-1.6708532185790015,180.90913969015895,864.2677510788446,1.636374162319622,False,True,False,-1.3673900775043466e-12,1.3673900775043466e-12,0.0,0,0.0,True,0.02638888888888889,1625.0,143.72726690073145,113950.07674575757,0.0,0.0,0.0,748.4626160845148,0,head_on,0.0,0.0,0.0,,,0.0
head_on_0007,head_on,head_on,give_way,rule_based,Rule-based COLREGS,modelled,864.1078710099126,1768.7272669007152,12.227828180372452,13.161668791997215,vlcc,container_feeder,fishing,good,23117.63303188457,-1.6708532185790015,180.90913969015895,864.2677510788446,1.636374162319622,False,True,False,-1.3673900775043466e-12,1.3673900775043466e-12,0.0,0,0.0,True,0.022222222222222223,1565.0,203.72726690073023,54002.46244173509,0.0,0.0,0.0,4082.1143971247243,0,head_on,0.0,0.0,0.0,,,0.0
head_on_0007,head_on,head_on,give_way,velocity_obstacle,Velocity obstacle,modelled,864.1078710099126,1768.7272669007152,12.227828180372452,13.161668791997215,vlcc,container_feeder,fishing,good,23117.63303188457,-1.6708532185790015,180.90913969015895,970.4127936945247,1.7937437204373428,True,True,False,-3.4987080578662635,4.199082357175756,737.9126222178478,100,33.26605033823547,True,0.034722222222222224,1615.0,153.87427793946978,31116.73405527694,0.0,0.0,0.0,731.669842918359,0,head_on,1.0,1.0,0.0,,,0.6666666666666666
head_on_0007,head_on,head_on,give_way,mpc,MPC,modelled,864.1078710099126,1768.7272669007152,12.227828180372452,13.161668791997215,vlcc,container_feeder,fishing,good,23117.63303188457,-1.6708532185790015,180.90913969015895,1111.113283025994,2.10379423175081,True,True,False,-1.3307192919572461,1.435195412035483,244.3759765317557,58,14.813842109131366,True,0.009722222222222222,2010.0,0.0,31879.514850090804,0.0,0.0,0.0,917.8291305024864,0,head_on,1.0,0.0,0.0,,,0.3333333333333333
head_on_0008,head_on,head_on,both_give_way,no_action,No action (baseline),modelled,315.66903901909916,1302.0807006231698,14.426474936026196,11.39148004630545,coastal_tanker,vlcc,power_driven,good,17293.307642930788,0.004740491570719997,182.38130211505472,316.87591709164934,1.791040803878299,False,True,False,-1.2408063082261904e-12,1.2408063082261904e-12,0.0,0,0.0,True,0.13472222222222222,1115.0,187.08070062316233,34616.12058826301,0.7055555555555556,0.06805555555555555,0.6236111111111111,988.8468074279378,0,head_on,0.0,0.0,0.0,,,0.0
head_on_0008,head_on,head_on,both_give_way,rule_based,Rule-based COLREGS,modelled,315.66903901909916,1302.0807006231698,14.426474936026196,11.39148004630545,coastal_tanker,vlcc,power_driven,good,17293.307642930788,0.004740491570719997,182.38130211505472,1966.6097870543063,9.078589932267692,True,True,False,-0.18757292764756292,2.8762044655276546,2472.474980938721,52,34.99987021212163,True,0.006944444444444444,1460.0,0.0,35783.63035313717,0.6333333333333333,0.009722222222222222,0.5930555555555556,1512.191042987323,0,head_on,1.0,1.0,0.0,,,0.6666666666666666
head_on_0008,head_on,head_on,both_give_way,velocity_obstacle,Velocity obstacle,modelled,315.66903901909916,1302.0807006231698,14.426474936026196,11.39148004630545,coastal_tanker,vlcc,power_driven,good,17293.307642930788,0.004740491570719997,182.38130211505472,1274.8141118223791,6.589805938147641,True,True,False,-0.06053056191749835,0.7193831235768489,1069.972403903773,70,24.829744366053767,True,0.03888888888888889,1035.0,262.6563446904724,40982.92775408636,0.6416666666666667,0.02638888888888889,0.5722222222222222,1239.0631560948723,0,head_on,1.0,0.0,0.0,,,0.3333333333333333
head_on_0008,head_on,head_on,both_give_way,mpc,MPC,modelled,315.66903901909916,1302.0807006231698,14.426474936026196,11.39148004630545,coastal_tanker,vlcc,power_driven,good,17293.307642930788,0.004740491570719997,182.38130211505472,902.3931796082073,5.05164573940576,False,True,False,-0.20237391555826986,0.49009449604822497,776.8420119521654,68,17.997688790436072,True,0.06527777777777778,1065.0,235.05516138423442,37621.805558082895,0.6263888888888889,0.016666666666666666,0.6027777777777777,1034.043466212944,0,head_on,1.0,0.0,0.0,,,0.3333333333333333
head_on_0009,head_on,head_on,both_give_way,no_action,No action (baseline),modelled,211.4811490751874,786.7692504423277,15.151577843246498,15.981780238963857,container_feeder,container_feeder,power_driven,moderate,12600.912831131993,2.025308536713944,182.0720763543511,213.3705675711588,0.8805790061392677,False,False,False,-8.438753890509868e-13,8.438753890509868e-13,0.0,0,0.0,True,0.041666666666666664,715.0,71.76925044232996,62994.74174664119,0.7166666666666667,0.0,0.6944444444444444,1453.4590125809611,0,head_on,0.0,0.0,0.0,,,0.0
head_on_0009,head_on,head_on,both_give_way,rule_based,Rule-based COLREGS,modelled,211.4811490751874,786.7692504423277,15.151577843246498,15.981780238963857,container_feeder,container_feeder,power_driven,moderate,12600.912831131993,2.025308536713944,182.0720763543511,40.21768564388996,0.14122614213445842,False,False,True,-0.7675026745674588,1.1826725348994636,421.6282748674631,64,32.18289914050619,True,0.0625,710.0,91.91048732831925,108372.57473223888,0.7791666666666667,0.0,0.7722222222222223,1431.1440735073945,0,head_on,1.0,1.0,0.0,,,0.6666666666666666
head_on_0009,head_on,head_on,both_give_way,velocity_obstacle,Velocity obstacle,modelled,211.4811490751874,786.7692504423277,15.151577843246498,15.981780238963857,container_feeder,container_feeder,power_driven,moderate,12600.912831131993,2.025308536713944,182.0720763543511,69.21792509000626,0.2854585784476176,False,False,True,-2.0816072565597654,2.2462354060438185,352.6769646291067,61,23.689929649387185,True,0.058333333333333334,735.0,63.87208487742897,121613.60759621448,0.7555555555555555,0.001388888888888889,0.7444444444444445,1423.392341559304,0,head_on,1.0,0.0,0.0,,,0.3333333333333333
head_on_0009,head_on,head_on,both_give_way,mpc,MPC,modelled,211.4811490751874,786.7692504423277,15.151577843246498,15.981780238963857,container_feeder,container_feeder,power_driven,moderate,12600.912831131993,2.025308536713944,182.0720763543511,468.96941524163265,1.400474849323822,False,True,False,-0.5582977994082391,2.5181534030844928,1345.341297452835,71,58.47402691965033,True,0.027777777777777776,815.0,0.0,81547.1260146541,0.7833333333333333,0.0,0.775,1525.3271328435121,0,head_on,1.0,1.0,0.0,,,0.6666666666666666
head_on_0010,head_on,head_on,both_give_way,no_action,No action (baseline),modelled,791.1493838240793,960.5401020963732,12.24901106361681,13.9041490997196,container_feeder,vlcc,power_driven,good,12946.217324284533,2.599034654831186,178.29864041313704,791.1827482732004,3.294785696154393,False,True,False,-5.941875162751441e-13,5.941875162751441e-13,0.0,0,0.0,True,0.09444444444444444,715.0,245.54010209637548,146305.0847202125,0.13194444444444445,0.004166666666666667,0.09166666666666666,1411.1517376898144,0,head_on,0.0,0.0,0.0,,,0.0
head_on_0010,head_on,head_on,both_give_way,rule_based,Rule-based COLREGS,modelled,791.1493838240793,960.5401020963732,12.24901106361681,13.9041490997196,container_feeder,vlcc,power_driven,good,12946.217324284533,2.599034654831186,178.29864041313704,1022.0240795249648,2.8780021936491615,True,True,False,-1.8354144521472537,8.224651226940587,1925.9244816973155,116,76.38396696839091,True,0.04722222222222222,685.0,338.6323999067608,49120.21163430632,0.2916666666666667,0.0,0.2791666666666667,1328.1797609477214,0,head_on,1.0,1.0,0.0,,,0.6666666666666666
head_on_0010,head_on,head_on,both_give_way,velocity_obstacle,Velocity obstacle,modelled,791.1493838240793,960.5401020963732,12.24901106361681,13.9041490997196,container_feeder,vlcc,power_driven,good,12946.217324284533,2.599034654831186,178.29864041313704,85.90663979605733,0.34501578829646645,False,False,True,-3.0156567432065553,4.311167151382345,744.5751027556482,73,59.60609862525817,True,0.13333333333333333,680.0,280.54010209637534,30116.668525220335,0.1527777777777778,0.001388888888888889,0.006944444444444444,5994.981263000398,0,head_on,1.0,1.0,0.0,,,0.6666666666666666
head_on_0010,head_on,head_on,both_give_way,mpc,MPC,modelled,791.1493838240793,960.5401020963732,12.24901106361681,13.9041490997196,container_feeder,vlcc,power_driven,good,12946.217324284533,2.599034654831186,178.29864041313704,1009.696866379724,3.7746179930141555,True,True,False,-1.8276589939049894,2.6606625573160136,329.0876125705804,85,33.27784327636767,True,0.07083333333333333,760.0,257.7778993518394,34040.04037113473,0.4625,0.0,0.44027777777777777,1125.5657479068377,0,head_on,0.0,1.0,0.0,,,0.3333333333333333
head_on_0011,head_on,head_on,both_give_way,no_action,No action (baseline),modelled,355.89157935346503,1470.6840651702976,9.43381756130415,12.888231939444472,handysize_bulker,handysize_bulker,power_driven,good,16892.27582792835,1.2611476978713838,180.0934113749137,355.9782633851435,1.2357667809555963,False,True,False,1.0634217260159451e-12,-1.0634217260159451e-12,0.0,0,0.0,True,0.09166666666666666,1275.0,195.68406517031886,21840.68782997401,0.04861111111111111,0.0,0.005555555555555556,971.4969850182576,0,head_on,0.0,0.0,0.0,,,0.0
head_on_0011,head_on,head_on,both_give_way,rule_based,Rule-based COLREGS,modelled,355.89157935346503,1470.6840651702976,9.43381756130415,12.888231939444472,handysize_bulker,handysize_bulker,power_driven,good,16892.27582792835,1.2611476978713838,180.0934113749137,58.770179700222855,0.1749922102190422,False,False,True,-1.7122286550313934,2.570151322192317,549.7383783958676,85,36.55466883619925,True,0.12083333333333333,1305.0,187.88649256165837,53560.19050962287,0.5777777777777777,0.0,0.55,861.6176993588435,0,head_on,1.0,1.0,0.0,,,0.6666666666666666
head_on_0011,head_on,head_on,both_give_way,velocity_obstacle,Velocity obstacle,modelled,355.89157935346503,1470.6840651702976,9.43381756130415,12.888231939444472,handysize_bulker,handysize_bulker,power_driven,good,16892.27582792835,1.2611476978713838,180.0934113749137,19.192469929811296,0.03702885005511849,False,False,True,-5.2211636751332575,7.775370554129998,958.5537527814174,111,66.36478976923387,True,0.0763888888888889,1345.0,158.67102694441874,89152.44114847797,0.1125,0.0,0.09722222222222222,749.5099680985585,0,head_on,1.0,1.0,0.0,,,0.6666666666666666
head_on_0011,head_on,head_on,both_give_way,mpc,MPC,modelled,355.89157935346503,1470.6840651702976,9.43381756130415,12.888231939444472,handysize_bulker,handysize_bulker,power_driven,good,16892.27582792835,1.2611476978713838,180.0934113749137,240.34896498226502,0.6437457971140421,False,False,False,-3.856945107078739,6.250082357561481,1126.1277072231965,124,58.90603686849615,True,0.09305555555555556,1290.0,224.55167740542933,11789.064198835733,0.2263888888888889,0.0,0.2125,952.8580637293841,0,head_on,1.0,1.0,0.0,,,0.6666666666666666
head_on_0012,head_on,head_on,both_give_way,no_action,No action (baseline),modelled,1375.7567241533045,1162.574619763288,9.205758117398027,14.31838610248024,container_feeder,handysize_bulker,power_driven,good,14135.68505334959,-4.851131218131928,181.20594826444596,1376.0697623616059,5.7315190209366005,True,True,False,-1.474389933922677e-12,1.474389933922677e-12,0.0,0,0.0,False,0.004166666666666667,,,7542.680441902376,0.013888888888888888,0.0,0.013888888888888888,2849.1548841094523,0,head_on,0.0,0.0,0.0,,,0.0
head_on_0012,head_on,head_on,both_give_way,rule_based,Rule-based COLREGS,modelled,1375.7567241533045,1162.574619763288,9.205758117398027,14.31838610248024,container_feeder,handysize_bulker,power_driven,good,14135.68505334959,-4.851131218131928,181.20594826444596,1376.0697623616059,5.7315190209366005,True,True,False,-1.474389933922677e-12,1.474389933922677e-12,0.0,0,0.0,False,0.006944444444444444,1535.0,0.0,38005.41285565414,0.5763888888888888,0.0,0.5763888888888888,1214.4708494983163,0,head_on,0.0,0.0,0.0,,,0.0
head_on_0012,head_on,head_on,both_give_way,velocity_obstacle,Velocity obstacle,modelled,1375.7567241533045,1162.574619763288,9.205758117398027,14.31838610248024,container_feeder,handysize_bulker,power_driven,good,14135.68505334959,-4.851131218131928,181.20594826444596,1376.0697623616059,5.7315190209366005,True,True,False,-1.474389933922677e-12,1.474389933922677e-12,0.0,0,0.0,False,0.005555555555555556,1445.0,0.0,18493.92279008116,0.009722222222222222,0.0,0.009722222222222222,1377.155343002978,0,head_on,0.0,0.0,0.0,,,0.0
head_on_0012,head_on,head_on,both_give_way,mpc,MPC,modelled,1375.7567241533045,1162.574619763288,9.205758117398027,14.31838610248024,container_feeder,handysize_bulker,power_driven,good,14135.68505334959,-4.851131218131928,181.20594826444596,1376.0697623616059,5.7315190209366005,True,True,False,-1.474389933922677e-12,1.474389933922677e-12,0.0,0,0.0,False,0.008333333333333333,,,8158.682181639946,0.009722222222222222,0.0,0.008333333333333333,3717.9112736906627,0,head_on,0.0,0.0,0.0,,,0.0
head_on_0013,head_on,head_on,both_give_way,no_action,No action (baseline),modelled,339.6694235559897,1715.4680728273445,13.154343474902847,12.683095410367395,coastal_tanker,coastal_tanker,power_driven,good,22804.349392209748,0.7302529533976612,179.74903093054516,339.72639768823984,1.9300538914558043,False,True,False,-2.243080745669308e-13,2.243080745669308e-13,0.0,0,0.0,True,0.03888888888888889,1635.0,80.46807282734144,117994.59973283738,0.03611111111111111,0.005555555555555556,0.0,897.2371304078291,0,head_on,0.0,0.0,0.0,,,0.0
head_on_0013,head_on,head_on,both_give_way,rule_based,Rule-based COLREGS,modelled,339.6694235559897,1715.4680728273445,13.154343474902847,12.683095410367395,coastal_tanker,coastal_tanker,power_driven,good,22804.349392209748,0.7302529533976612,179.74903093054516,801.2351555889985,4.23511422569778,False,True,False,-1.0574605331316094,1.678283589701871,465.6223487753413,94,30.187472736614566,True,0.004166666666666667,,,27965.496532531648,0.47638888888888886,0.0,0.4708333333333333,1185.5031114901738,0,head_on,1.0,1.0,0.0,,,0.6666666666666666
head_on_0013,head_on,head_on,both_give_way,velocity_obstacle,Velocity obstacle,modelled,339.6694235559897,1715.4680728273445,13.154343474902847,12.683095410367395,coastal_tanker,coastal_tanker,power_driven,good,22804.349392209748,0.7302529533976612,179.74903093054516,44.3813652833823,0.1989592889947958,False,False,True,-2.277862421368011,3.062266878194146,640.0577111473788,74,53.7361915941589,True,0.06111111111111111,1640.0,87.76864281793968,81020.8549387912,0.14166666666666666,0.0,0.12638888888888888,743.5905485192164,0,head_on,1.0,1.0,0.0,,,0.6666666666666666
head_on_0013,head_on,head_on,both_give_way,mpc,MPC,modelled,339.6694235559897,1715.4680728273445,13.154343474902847,12.683095410367395,coastal_tanker,coastal_tanker,power_driven,good,22804.349392209748,0.7302529533976612,179.74903093054516,207.00020451174382,1.1609375070914334,False,True,False,-1.0295911685420045,1.2054453317163705,181.34930606822965,42,30.811362757637497,True,0.04722222222222222,1650.0,83.49379470818371,83718.26934892613,0.4597222222222222,0.0,0.45416666666666666,770.6177159219992,0,head_on,1.0,1.0,0.0,,,0.6666666666666666
head_on_0014,head_on,head_on,both_give_way,no_action,No action (baseline),modelled,1285.1709921325673,734.243682571195,9.183249891935557,11.644084975605665,coastal_tanker,handysize_bulker,power_driven,good,7970.8056150826,-10.035879902973623,178.6454417874515,1285.196536634579,7.300244163655673,True,True,False,-6.854509804017391e-13,6.854509804017391e-13,0.0,0,0.0,True,0.015277777777777777,435.0,299.24368257119687,57571.089171511005,0.7347222222222223,0.0,0.7333333333333333,1345.5498245716537,0,head_on,0.0,0.0,0.0,,,0.0
head_on_0014,head_on,head_on,both_give_way,rule_based,Rule-based COLREGS,modelled,1285.1709921325673,734.243682571195,9.183249891935557,11.644084975605665,coastal_tanker,handysize_bulker,power_driven,good,7970.8056150826,-10.035879902973623,178.6454417874515,1285.196536634579,7.300244163655673,True,True,False,-6.854509804017391e-13,6.854509804017391e-13,0.0,0,0.0,True,0.002777777777777778,,,16195.99189901709,0.8611111111111112,0.0,0.8611111111111112,11158.163089778238,0,head_on,0.0,0.0,0.0,,,0.0
head_on_0014,head_on,head_on,both_give_way,velocity_obstacle,Velocity obstacle,modelled,1285.1709921325673,734.243682571195,9.183249891935557,11.644084975605665,coastal_tanker,handysize_bulker,power_driven,good,7970.8056150826,-10.035879902973623,178.6454417874515,1285.196536634579,7.300244163655673,True,True,False,-6.854509804017391e-13,6.854509804017391e-13,0.0,0,0.0,True,0.006944444444444444,1015.0,0.0,28066.16019480576,0.7569444444444444,0.0,0.75,1705.0103927864575,0,head_on,0.0,0.0,0.0,,,0.0
head_on_0014,head_on,head_on,both_give_way,mpc,MPC,modelled,1285.1709921325673,734.243682571195,9.183249891935557,11.644084975605665,coastal_tanker,handysize_bulker,power_driven,good,7970.8056150826,-10.035879902973623,178.6454417874515,1328.1949730410652,7.543951866241283,True,True,False,-0.1193876189487887,0.12969360230906044,43.272936231507074,19,7.4993844996687775,True,0.005555555555555556,1035.0,0.0,26899.02008986307,0.7152777777777778,0.0,0.7152777777777778,1618.3989081032803,0,head_on,1.0,0.0,0.0,,,0.3333333333333333
head_on_0015,head_on,head_on,both_give_way,no_action,No action (baseline),modelled,742.4473589619066,666.3726017818809,14.614332976626578,8.71197247661254,coastal_tanker,container_feeder,power_driven,good,8030.38181281257,5.820181634244432,181.37983261972565,742.6300216728956,4.216125280622772,False,True,False,-3.364990453511868e-13,3.364990453511868e-13,0.0,0,0.0,True,0.02638888888888889,520.0,146.37260178187984,48869.90958205451,0.009722222222222222,0.0,0.009722222222222222,1472.130668042898,0,head_on,0.0,0.0,0.0,,,0.0
head_on_0015,head_on,head_on,both_give_way,rule_based,Rule-based COLREGS,modelled,742.4473589619066,666.3726017818809,14.614332976626578,8.71197247661254,coastal_tanker,container_feeder,power_driven,good,8030.38181281257,5.820181634244432,181.37983261972565,75.81240267250224,0.3159375015756085,False,False,True,-0.4096592571936891,3.449359380931901,2682.821164730687,43,42.44240684165436,True,0.10277777777777777,510.0,180.60083904133552,24739.94147611753,0.7083333333333334,0.0,0.7,1410.8754411574248,0,head_on,1.0,1.0,0.0,,,0.6666666666666666
head_on_0015,head_on,head_on,both_give_way,velocity_obstacle,Velocity obstacle,modelled,742.4473589619066,666.3726017818809,14.614332976626578,8.71197247661254,coastal_tanker,container_feeder,power_driven,good,8030.38181281257,5.820181634244432,181.37983261972565,63.20239002986493,0.24057306757355038,False,False,True,-3.8787513121251456,6.283999922863632,1583.7870331471304,87,59.847830795688076,True,0.09583333333333334,560.0,132.67908969213923,22240.330126444733,0.2388888888888889,0.0,0.2361111111111111,1336.9991652075291,0,head_on,1.0,1.0,0.0,,,0.6666666666666666
head_on_0015,head_on,head_on,both_give_way,mpc,MPC,modelled,742.4473589619066,666.3726017818809,14.614332976626578,8.71197247661254,coastal_tanker,container_feeder,power_driven,good,8030.38181281257,5.820181634244432,181.37983261972565,619.2531277552658,2.78888254307496,False,True,False,-2.1035066322379126,3.0914784080445967,440.2280869118188,112,38.21992250968924,True,0.05,565.0,133.17905376604915,59656.316839852894,0.059722222222222225,0.0,0.03888888888888889,1502.794386063964,0,head_on,0.0,1.0,0.0,,,0.3333333333333333
head_on_0016,head_on,head_on,both_give_way,no_action,No action (baseline),modelled,1263.105677001301,1086.9326940763858,13.69326287034383,8.84371775544535,vlcc,handysize_bulker,power_driven,good,12665.050444702563,-5.796865710285228,179.81358486095127,1263.3044189929099,2.392231433703106,True,True,False,2.585761028604372e-13,-2.585761028604372e-13,0.0,0,0.0,True,0.004166666666666667,,,32891.89403313116,0.011111111111111112,0.0,0.011111111111111112,1920.6549494735123,0,head_on,0.0,0.0,0.0,,,0.0
head_on_0016,head_on,head_on,both_give_way,rule_based,Rule-based COLREGS,modelled,1263.105677001301,1086.9326940763858,13.69326287034383,8.84371775544535,vlcc,handysize_bulker,power_driven,good,12665.050444702563,-5.796865710285228,179.81358486095127,1978.6167652073675,2.9535374235664142,True,True,False,-3.8881086751310145,6.432557405334016,1574.2025024588263,118,58.448289856740985,True,0.005555555555555556,,,5967.508731693995,0.002777777777777778,0.0,0.002777777777777778,7799.0151375932255,0,head_on,1.0,1.0,0.0,,,0.6666666666666666
head_on_0016,head_on,head_on,both_give_way,velocity_obstacle,Velocity obstacle,modelled,1263.105677001301,1086.9326940763858,13.69326287034383,8.84371775544535,vlcc,handysize_bulker,power_driven,good,12665.050444702563,-5.796865710285228,179.81358486095127,1306.7982519358075,2.4748652507281266,True,True,False,-0.07012358830552551,0.07243102265738892,44.685124177408746,0,2.16986690617234,True,0.0125,830.0,257.4363351404394,51432.91424560537,0.6291666666666667,0.0,0.625,1088.9801989193072,0,head_on,0.0,0.0,0.0,,,0.0
head_on_0016,head_on,head_on,both_give_way,mpc,MPC,modelled,1263.105677001301,1086.9326940763858,13.69326287034383,8.84371775544535,vlcc,handysize_bulker,power_driven,good,12665.050444702563,-5.796865710285228,179.81358486095127,1263.3044189929099,2.392231433703106,True,True,False,2.585761028604372e-13,-2.585761028604372e-13,0.0,0,0.0,True,0.008333333333333333,1415.0,0.0,30056.097769482378,0.6166666666666667,0.0,0.6166666666666667,1172.1439692066153,0,head_on,0.0,0.0,0.0,,,0.0
head_on_0017,head_on,head_on,both_give_way,no_action,No action (baseline),modelled,1317.008792112845,1587.385787654339,12.135055409579193,8.118022162856924,coastal_tanker,handysize_bulker,power_driven,good,16591.34457487928,-4.726003564691843,179.568103175891,1317.243354971002,7.48261782893313,True,True,False,-6.159772306123825e-13,6.159772306123825e-13,0.0,0,0.0,True,0.011111111111111112,1890.0,0.0,26470.992237868115,0.3972222222222222,0.0,0.3972222222222222,1344.9471149657677,0,head_on,0.0,0.0,0.0,,,0.0
head_on_0017,head_on,head_on,both_give_way,rule_based,Rule-based COLREGS,modelled,1317.008792112845,1587.385787654339,12.135055409579193,8.118022162856924,coastal_tanker,handysize_bulker,power_driven,good,16591.34457487928,-4.726003564691843,179.568103175891,1317.243354971002,7.48261782893313,True,True,False,-6.159772306123825e-13,6.159772306123825e-13,0.0,0,0.0,True,0.009722222222222222,1875.0,0.0,42327.77612791936,0.48194444444444445,0.0,0.48194444444444445,1058.5854651894836,0,head_on,0.0,0.0,0.0,,,0.0
head_on_0017,head_on,head_on,both_give_way,velocity_obstacle,Velocity obstacle,modelled,1317.008792112845,1587.385787654339,12.135055409579193,8.118022162856924,coastal_tanker,handysize_bulker,power_driven,good,16591.34457487928,-4.726003564691843,179.568103175891,1317.243354971002,7.48261782893313,True,True,False,-6.159772306123825e-13,6.159772306123825e-13,0.0,0,0.0,True,0.008333333333333333,1880.0,0.0,36729.23954950862,0.4888888888888889,0.0,0.4888888888888889,1022.0698495664376,0,head_on,0.0,0.0,0.0,,,0.0
head_on_0017,head_on,head_on,both_give_way,mpc,MPC,modelled,1317.008792112845,1587.385787654339,12.135055409579193,8.118022162856924,coastal_tanker,handysize_bulker,power_driven,good,16591.34457487928,-4.726003564691843,179.568103175891,1317.243354971002,7.48261782893313,True,True,False,-6.159772306123825e-13,6.159772306123825e-13,0.0,0,0.0,True,0.011111111111111112,1855.0,0.0,76360.03066170307,0.5361111111111111,0.0,0.4888888888888889,5117.708436524526,0,head_on,0.0,0.0,0.0,,,0.0
head_on_0018,head_on,head_on,both_give_way,no_action,No action (baseline),modelled,776.1067885668001,1198.037284070841,12.152976276693582,13.053138796095823,vlcc,container_feeder,power_driven,good,15546.919848264777,4.717290742573346,183.5837344698494,776.5235727632439,1.4664678140797187,False,True,False,-5.665108345775541e-13,5.665108345775541e-13,0.0,0,0.0,True,0.013888888888888888,1310.0,0.0,68821.76674396999,0.6013888888888889,0.0,0.6013888888888889,1186.6048137850607,0,head_on,0.0,0.0,0.0,,,0.0
head_on_0018,head_on,head_on,both_give_way,rule_based,Rule-based COLREGS,modelled,776.1067885668001,1198.037284070841,12.152976276693582,13.053138796095823,vlcc,container_feeder,power_driven,good,15546.919848264777,4.717290742573346,183.5837344698494,776.5235727632439,1.4664678140797187,False,True,False,-5.665108345775541e-13,5.665108345775541e-13,0.0,0,0.0,True,0.022222222222222223,1050.0,148.03728407085495,59394.47345977679,0.06388888888888888,0.0,0.0125,3976.5874329523913,0,head_on,0.0,0.0,0.0,,,0.0
head_on_0018,head_on,head_on,both_give_way,velocity_obstacle,Velocity obstacle,modelled,776.1067885668001,1198.037284070841,12.152976276693582,13.053138796095823,vlcc,container_feeder,power_driven,good,15546.919848264777,4.717290742573346,183.5837344698494,582.6527621257777,1.0136844425322147,False,True,False,-9.467191037076505,12.838822124120675,1657.222395557824,162,64.49258854052552,True,0.03194444444444444,1060.0,165.5574348704186,26224.152672413464,0.55,0.0,0.55,830.1063824119004,0,head_on,1.0,1.0,0.0,,,0.6666666666666666
head_on_0018,head_on,head_on,both_give_way,mpc,MPC,modelled,776.1067885668001,1198.037284070841,12.152976276693582,13.053138796095823,vlcc,container_feeder,power_driven,good,15546.919848264777,4.717290742573346,183.5837344698494,776.5235727632439,1.4664678140797187,False,True,False,-5.665108345775541e-13,5.665108345775541e-13,0.0,0,0.0,True,0.015277777777777777,1310.0,0.0,73063.72015266705,0.04722222222222222,0.0,0.02361111111111111,3194.859901109982,0,head_on,0.0,0.0,0.0,,,0.0
head_on_0019,head_on,head_on,both_give_way,no_action,No action (baseline),modelled,753.7134857877056,1376.3752813831227,14.890215588186372,14.985577061575441,handysize_bulker,coastal_tanker,power_driven,moderate,21164.056049106755,0.9985105110709661,177.9218537946638,754.0097194653036,2.614909857895297,False,True,False,6.73739509985396e-13,-6.73739509985396e-13,0.0,0,0.0,True,0.0,,,,0.0,0.0,0.0,,0,head_on,0.0,0.0,0.0,,,0.0
head_on_0019,head_on,head_on,both_give_way,rule_based,Rule-based COLREGS,modelled,753.7134857877056,1376.3752813831227,14.890215588186372,14.985577061575441,handysize_bulker,coastal_tanker,power_driven,moderate,21164.056049106755,0.9985105110709661,177.9218537946638,754.0097194653036,2.614909857895297,False,True,False,-0.49686907371496175,1.8912300957230463,1405.9246259825843,54,34.99214809177405,True,0.001388888888888889,,,13430.445870982292,0.020833333333333332,0.0,0.020833333333333332,6294.576898391263,0,head_on,1.0,1.0,0.0,,,0.6666666666666666
head_on_0019,head_on,head_on,both_give_way,velocity_obstacle,Velocity obstacle,modelled,753.7134857877056,1376.3752813831227,14.890215588186372,14.985577061575441,handysize_bulker,coastal_tanker,power_driven,moderate,21164.056049106755,0.9985105110709661,177.9218537946638,461.85114313425504,1.210758319659969,False,True,False,-4.107498354273705,6.1740102805249055,1243.252319580283,79,62.758283001775325,True,0.027777777777777776,1320.0,82.2490710184252,667.0321191581409,0.001388888888888889,0.0,0.001388888888888889,1057.841056748958,0,head_on,1.0,1.0,0.0,,,0.6666666666666666
head_on_0019,head_on,head_on,both_give_way,mpc,MPC,modelled,753.7134857877056,1376.3752813831227,14.890215588186372,14.985577061575441,handysize_bulker,coastal_tanker,power_driven,moderate,21164.056049106755,0.9985105110709661,177.9218537946638,754.0097194653036,2.614909857895297,False,True,False,6.73739509985396e-13,-6.73739509985396e-13,0.0,0,0.0,True,0.004166666666666667,,,11006.196395051322,0.09305555555555556,0.0,0.09305555555555556,3370.09572838398,0,head_on,0.0,0.0,0.0,,,0.0
head_on_0020,head_on,head_on,both_give_way,no_action,No action (baseline),modelled,124.0878089752338,1708.320883138722,8.266227000110078,15.056812748636439,vlcc,vlcc,power_driven,moderate,20496.91460123505,0.9338814106489929,180.9092791985452,125.71257530078942,0.23568663505982237,False,False,True,9.518652889670173e-13,-9.399669728549296e-13,0.0,0,0.0,True,0.09722222222222222,1540.0,168.32088313870588,44834.02803454762,0.26944444444444443,0.0,0.2222222222222222,2873.680322716728,0,head_on,0.0,0.0,0.0,,,0.0
head_on_0020,head_on,head_on,both_give_way,rule_based,Rule-based COLREGS,modelled,124.0878089752338,1708.320883138722,8.266227000110078,15.056812748636439,vlcc,vlcc,power_driven,moderate,20496.91460123505,0.9338814106489929,180.9092791985452,67.27551151253715,0.10973799911100987,False,False,True,-4.427152530396291,6.709306294135933,1186.2470435157056,144,40.522342846226465,True,0.11944444444444445,1580.0,154.25300258356074,16631.737708036486,0.44722222222222224,0.006944444444444444,0.3861111111111111,1140.2705408912796,0,head_on,1.0,1.0,0.0,,,0.6666666666666666
head_on_0020,head_on,head_on,both_give_way,velocity_obstacle,Velocity obstacle,modelled,124.0878089752338,1708.320883138722,8.266227000110078,15.056812748636439,vlcc,vlcc,power_driven,moderate,20496.91460123505,0.9338814106489929,180.9092791985452,21.282535822058406,0.03220352572676453,False,False,True,-10.274687345026612,12.101159847911259,960.9284519990035,174,42.79395106429118,True,0.08888888888888889,1580.0,147.9459771409057,13547.69672370826,0.41388888888888886,0.008333333333333333,0.34444444444444444,1123.4730652037358,0,head_on,1.0,1.0,0.0,,,0.6666666666666666
head_on_0020,head_on,head_on,both_give_way,mpc,MPC,modelled,124.0878089752338,1708.320883138722,8.266227000110078,15.056812748636439,vlcc,vlcc,power_driven,moderate,20496.91460123505,0.9338814106489929,180.9092791985452,196.83238543049993,0.36877992003337445,False,False,True,-2.941522450462448,3.0238361042392,171.05925079026565,44,10.9256795414834,True,0.09861111111111111,1570.0,168.03413479752794,16323.691611714672,0.3819444444444444,0.0,0.3416666666666667,807.2176407699839,0,head_on,0.0,0.0,0.0,,,0.0
head_on_0021,head_on,head_on,give_way,no_action,No action (baseline),modelled,509.4453409290075,1545.438387559845,15.17002416136427,8.553396178238817,coastal_tanker,container_feeder,fishing,good,18865.52232440749,0.8503071355126116,178.06648474947042,509.4734272171377,2.891047700193268,False,True,False,-9.33617642475424e-13,9.33617642475424e-13,0.0,0,0.0,True,0.05555555555555555,1380.0,165.4383875598315,106979.88437827256,0.0,0.0,0.0,943.2556198176522,0,head_on,0.0,0.0,0.0,,,0.0
head_on_0021,head_on,head_on,give_way,rule_based,Rule-based COLREGS,modelled,509.4453409290075,1545.438387559845,15.17002416136427,8.553396178238817,coastal_tanker,container_feeder,fishing,good,18865.52232440749,0.8503071355126116,178.06648474947042,1271.673145791508,6.711236299937155,True,True,False,-1.2909656602992923,1.9859626457716848,1202.0247511488103,117,24.050514421525378,True,0.005555555555555556,1935.0,0.0,26005.488526201305,0.0,0.0,0.0,1365.2568591216902,0,head_on,0.0,0.0,0.0,,,0.0
head_on_0021,head_on,head_on,give_way,velocity_obstacle,Velocity obstacle,modelled,509.4453409290075,1545.438387559845,15.17002416136427,8.553396178238817,coastal_tanker,container_feeder,fishing,good,18865.52232440749,0.8503071355126116,178.06648474947042,1062.5117722502614,3.7543912889076703,True,True,False,-1.5656267555520886,3.917471520445493,1688.2617908532511,86,59.45334617151481,True,0.0125,1830.0,0.0,235759.24713313964,0.0,0.0,0.0,1088.9150995173286,0,head_on,1.0,1.0,0.0,,,0.6666666666666666
head_on_0021,head_on,head_on,give_way,mpc,MPC,modelled,509.4453409290075,1545.438387559845,15.17002416136427,8.553396178238817,coastal_tanker,container_feeder,fishing,good,18865.52232440749,0.8503071355126116,178.06648474947042,774.5457766706365,2.5002217545867635,False,True,False,-0.9827753168882211,3.827554983204519,1768.6589115435147,69,59.704236219106896,True,0.011111111111111112,1885.0,0.0,24243.613806867932,0.0,0.0,0.0,954.2180926810706,0,head_on,1.0,1.0,0.0,,,0.6666666666666666
head_on_0022,head_on,head_on,give_way,no_action,No action (baseline),modelled,171.16058446701598,1796.5146702861794,13.841095903755086,15.050889294443254,container_feeder,handysize_bulker,restricted_manoeuvrability,good,26701.85779757372,-0.11314238288252575,179.0777877224477,172.63472822132294,0.7147443915273619,False,False,False,-6.395358021282889e-13,6.395358021282889e-13,0.0,0,0.0,True,0.08333333333333333,1690.0,106.51467028616771,28415.573808927173,0.0,0.0,0.0,759.7192567405136,0,head_on,0.0,0.0,0.0,,,0.0
head_on_0022,head_on,head_on,give_way,rule_based,Rule-based COLREGS,modelled,171.16058446701598,1796.5146702861794,13.841095903755086,15.050889294443254,container_feeder,handysize_bulker,restricted_manoeuvrability,good,26701.85779757372,-0.11314238288252575,179.0777877224477,663.0252665356634,2.5957117986817315,False,True,False,-1.4653182457953775,1.9742606937455267,778.6015732126075,82,25.069165953940203,True,0.02638888888888889,1885.0,0.0,29356.95905361928,0.0,0.0,0.0,1128.765886052006,0,head_on,0.0,0.0,0.0,,,0.0
head_on_0022,head_on,head_on,give_way,velocity_obstacle,Velocity obstacle,modelled,171.16058446701598,1796.5146702861794,13.841095903755086,15.050889294443254,container_feeder,handysize_bulker,restricted_manoeuvrability,good,26701.85779757372,-0.11314238288252575,179.0777877224477,412.1872410550003,1.4874465811200062,False,True,False,-0.42191623987953325,1.157835534715445,861.6720449638105,48,29.84158073991441,True,0.05,1830.0,0.0,30897.353404863283,0.0,0.0,0.0,799.1835847265678,0,head_on,1.0,0.0,0.0,,,0.3333333333333333
head_on_0022,head_on,head_on,give_way,mpc,MPC,modelled,171.16058446701598,1796.5146702861794,13.841095903755086,15.050889294443254,container_feeder,handysize_bulker,restricted_manoeuvrability,good,26701.85779757372,-0.11314238288252575,179.0777877224477,515.1120070627321,1.6225669560639964,False,True,False,-0.8745315739746754,2.352575282663693,1183.0757176111763,81,47.27434785006356,True,0.05277777777777778,1840.0,0.0,34681.878628101746,0.0,0.0,0.0,756.3118948697303,0,head_on,1.0,1.0,0.0,,,0.6666666666666666
head_on_0023,head_on,head_on,give_way,no_action,No action (baseline),modelled,918.4193565483524,841.2751787144146,12.015066572748664,10.969176549228628,vlcc,vlcc,fishing,good,9989.467147663769,-4.949290028854007,180.68279704657283,918.5431118294196,1.7392858238965225,False,True,False,-1.7517834628296995e-12,1.7517834628296995e-12,0.0,0,0.0,True,0.0875,560.0,281.27517871441637,42404.53920790776,0.0,0.0,0.0,1435.6287629425567,0,head_on,0.0,0.0,0.0,,,0.0
head_on_0023,head_on,head_on,give_way,rule_based,Rule-based COLREGS,modelled,918.4193565483524,841.2751787144146,12.015066572748664,10.969176549228628,vlcc,vlcc,fishing,good,9989.467147663769,-4.949290028854007,180.68279704657283,2258.4626950476795,3.4266146302771165,True,True,False,-2.5356700974149433,5.204693795006862,2007.3279472656266,99,39.08731838745064,False,0.005555555555555556,1500.0,0.0,24160.593355758116,0.0,0.0,0.0,1744.5789968718618,0,head_on,1.0,1.0,0.0,,,0.6666666666666666
head_on_0023,head_on,head_on,give_way,velocity_obstacle,Velocity obstacle,modelled,918.4193565483524,841.2751787144146,12.015066572748664,10.969176549228628,vlcc,vlcc,fishing,good,9989.467147663769,-4.949290028854007,180.68279704657283,1200.716250537088,2.268894159603105,True,True,False,-0.549670088802173,0.6648311850050159,288.5984268635556,56,13.113659530179573,True,0.04861111111111111,565.0,293.2122208572661,57026.23714489613,0.0,0.0,0.0,1388.2185701665426,0,head_on,1.0,0.0,0.0,,,0.3333333333333333
head_on_0023,head_on,head_on,give_way,mpc,MPC,modelled,918.4193565483524,841.2751787144146,12.015066572748664,10.969176549228628,vlcc,vlcc,fishing,good,9989.467147663769,-4.949290028854007,180.68279704657283,1127.282916297048,2.13241031501181,True,True,False,-1.3987619307028694,1.4858433869520071,216.92553589061856,54,13.54862848536607,True,0.06388888888888888,1060.0,0.0,37817.16237903731,0.0,0.0,0.0,1463.5265457291002,0,head_on,1.0,0.0,0.0,,,0.3333333333333333
head_on_0024,head_on,head_on,give_way,no_action,No action (baseline),modelled,668.172757486458,1489.9029978409972,15.398992062421465,15.623945128617729,coastal_tanker,coastal_tanker,not_under_command,restricted,23781.7766863773,-2.8882693673664046,177.46185680025022,668.174550043985,3.791628751649448,False,True,False,-9.8360619652545e-13,9.8360619652545e-13,0.0,0,0.0,True,0.0,,,,0.0,0.0,0.0,,0,head_on,0.0,0.0,0.0,,,0.0
head_on_0024,head_on,head_on,give_way,rule_based,Rule-based COLREGS,modelled,668.172757486458,1489.9029978409972,15.398992062421465,15.623945128617729,coastal_tanker,coastal_tanker,not_under_command,restricted,23781.7766863773,-2.8882693673664046,177.46185680025022,668.174550043985,3.791628751649448,False,True,False,-9.8360619652545e-13,9.8360619652545e-13,0.0,0,0.0,True,0.0,,,,0.0,0.0,0.0,,0,head_on,0.0,0.0,0.0,,,0.0
head_on_0024,head_on,head_on,give_way,velocity_obstacle,Velocity obstacle,modelled,668.172757486458,1489.9029978409972,15.398992062421465,15.623945128617729,coastal_tanker,coastal_tanker,not_under_command,restricted,23781.7766863773,-2.8882693673664046,177.46185680025022,668.174550043985,3.791628751649448,False,True,False,-9.8360619652545e-13,9.8360619652545e-13,0.0,0,0.0,True,0.0,,,,0.0,0.0,0.0,,0,head_on,0.0,0.0,0.0,,,0.0
head_on_0024,head_on,head_on,give_way,mpc,MPC,modelled,668.172757486458,1489.9029978409972,15.398992062421465,15.623945128617729,coastal_tanker,coastal_tanker,not_under_command,restricted,23781.7766863773,-2.8882693673664046,177.46185680025022,668.174550043985,3.791628751649448,False,True,False,-9.8360619652545e-13,9.8360619652545e-13,0.0,0,0.0,True,0.0,,,,0.0,0.0,0.0,,0,head_on,0.0,0.0,0.0,,,0.0
head_on_0025,head_on,head_on,give_way,no_action,No action (baseline),modelled,396.57459127527005,935.8899183457988,15.727905011149836,13.886434887644185,handysize_bulker,container_feeder,fishing,good,14257.18228238361,3.2261974905288606,183.48105492746453,396.806064321926,1.3736192418556616,False,True,False,-1.2757104708922913e-12,1.2757104708922913e-12,0.0,0,0.0,True,0.043055555555555555,855.0,80.88991834578776,61774.33341635867,0.0,0.0,0.0,1341.497098883808,0,head_on,0.0,0.0,0.0,,,0.0
head_on_0025,head_on,head_on,give_way,rule_based,Rule-based COLREGS,modelled,396.57459127527005,935.8899183457988,15.727905011149836,13.886434887644185,handysize_bulker,container_feeder,fishing,good,14257.18228238361,3.2261974905288606,183.48105492746453,624.5405228383352,1.7077692433201388,False,True,False,-1.6710986950441145,3.4400805592024666,1193.2555116175636,83,64.73713754974814,True,0.011111111111111112,1120.0,0.0,44530.40971221203,0.0,0.0,0.0,1341.909284724866,0,head_on,1.0,1.0,0.0,,,0.6666666666666666
head_on_0025,head_on,head_on,give_way,velocity_obstacle,Velocity obstacle,modelled,396.57459127527005,935.8899183457988,15.727905011149836,13.886434887644185,handysize_bulker,container_feeder,fishing,good,14257.18228238361,3.2261974905288606,183.48105492746453,396.806064321926,1.3736192418556616,False,True,False,-1.2757104708922913e-12,1.2757104708922913e-12,0.0,0,0.0,True,0.041666666666666664,830.0,105.88991834578802,52507.66871226468,0.0,0.0,0.0,1855.5069178473295,0,head_on,0.0,0.0,0.0,,,0.0
head_on_0025,head_on,head_on,give_way,mpc,MPC,modelled,396.57459127527005,935.8899183457988,15.727905011149836,13.886434887644185,handysize_bulker,container_feeder,fishing,good,14257.18228238361,3.2261974905288606,183.48105492746453,733.0520990572944,2.126719518764067,False,True,False,-0.6890990794519224,2.3166728958103646,1595.7354582783917,71,40.002761545474065,True,0.020833333333333332,1010.0,0.0,124261.36791376573,0.0,0.0,0.0,1530.0761357066717,0,head_on,1.0,1.0,0.0,,,0.6666666666666666
head_on_0026,head_on,head_on,both_give_way,no_action,No action (baseline),modelled,695.4386647610473,691.1895065116671,10.052216224956906,9.163075855666051,container_feeder,coastal_tanker,power_driven,moderate,6863.783372306042,3.9236237682315447,176.03324631627984,695.5379455650836,2.8877517778853172,False,True,False,2.543925311805709e-13,-2.543925311805709e-13,0.0,0,0.0,True,0.006944444444444444,875.0,0.0,33669.359811350245,0.04583333333333333,0.0,0.04583333333333333,1492.6620480283007,0,head_on,0.0,0.0,0.0,,,0.0
head_on_0026,head_on,head_on,both_give_way,rule_based,Rule-based COLREGS,modelled,695.4386647610473,691.1895065116671,10.052216224956906,9.163075855666051,container_feeder,coastal_tanker,power_driven,moderate,6863.783372306042,3.9236237682315447,176.03324631627984,922.2095466031665,3.654481955307397,False,True,False,-1.94653616249023,2.515504781245087,600.3579139509718,86,26.115187494258127,True,0.004166666666666667,,,18816.40860495564,0.04583333333333333,0.0,0.04583333333333333,2242.7845406210104,0,head_on,0.0,0.0,0.0,,,0.0
head_on_0026,head_on,head_on,both_give_way,velocity_obstacle,Velocity obstacle,modelled,695.4386647610473,691.1895065116671,10.052216224956906,9.163075855666051,container_feeder,coastal_tanker,power_driven,moderate,6863.783372306042,3.9236237682315447,176.03324631627984,459.9800648998031,1.4569411436289639,False,True,False,-5.519439670218206,7.7826104227463295,1014.3603008662274,106,62.4865054333706,True,0.022222222222222223,595.0,126.38084312909896,84944.3685714137,0.004166666666666667,0.004166666666666667,0.0,1222.9398747151886,0,head_on,1.0,1.0,0.0,,,0.6666666666666666
head_on_0026,head_on,head_on,both_give_way,mpc,MPC,modelled,695.4386647610473,691.1895065116671,10.052216224956906,9.163075855666051,container_feeder,coastal_tanker,power_driven,moderate,6863.783372306042,3.9236237682315447,176.03324631627984,377.0756330097353,1.5657392389222935,False,True,False,-2.135731931785263,2.5816758010403387,333.64926352246096,55,37.63753827994045,True,0.030555555555555555,585.0,166.3174454414679,57035.98622087974,0.006944444444444444,0.0,0.006944444444444444,1430.5068928482597,0,head_on,1.0,1.0,0.0,,,0.6666666666666666
head_on_0027,head_on,head_on,both_give_way,no_action,No action (baseline),modelled,534.978526157737,668.9003244871066,15.665496977291642,14.916625285059212,handysize_bulker,container_feeder,power_driven,moderate,10534.000564793942,1.5174968800306816,177.14287809002653,535.258032460975,1.8547040125201193,False,True,False,1.029656821947087e-12,-1.029656821947087e-12,0.0,0,0.0,True,0.02361111111111111,580.0,88.90032448710316,98302.91638167764,0.009722222222222222,0.0,0.006944444444444444,1505.0199900344328,0,head_on,0.0,0.0,0.0,,,0.0
head_on_0027,head_on,head_on,both_give_way,rule_based,Rule-based COLREGS,modelled,534.978526157737,668.9003244871066,15.665496977291642,14.916625285059212,handysize_bulker,container_feeder,power_driven,moderate,10534.000564793942,1.5174968800306816,177.14287809002653,948.4848525976589,3.100085948332501,True,True,False,-1.5530435016592798,2.3470449988200897,528.1960684624727,97,33.41740575346763,True,0.001388888888888889,,,10898.781021280929,0.05694444444444444,0.0,0.05,9573.645048874629,0,head_on,1.0,1.0,0.0,,,0.6666666666666666
head_on_0027,head_on,head_on,both_give_way,velocity_obstacle,Velocity obstacle,modelled,534.978526157737,668.9003244871066,15.665496977291642,14.916625285059212,handysize_bulker,container_feeder,power_driven,moderate,10534.000564793942,1.5174968800306816,177.14287809002653,224.14217751608666,0.5855669366419962,False,False,False,-3.2077353358724547,4.704823626323744,1066.2666443232163,80,61.281765932683044,True,0.044444444444444446,595.0,87.60300717470066,156838.40773923398,0.7638888888888888,0.0,0.7638888888888888,1397.9271911855506,0,head_on,1.0,1.0,0.0,,,0.6666666666666666
head_on_0027,head_on,head_on,both_give_way,mpc,MPC,modelled,534.978526157737,668.9003244871066,15.665496977291642,14.916625285059212,handysize_bulker,container_feeder,power_driven,moderate,10534.000564793942,1.5174968800306816,177.14287809002653,786.9158974655526,2.6896120207074503,False,True,False,-2.498044576460359,2.758453351168904,533.1123394840931,78,23.91451308793862,True,0.0125,800.0,0.0,88091.10458577592,0.025,0.0,0.025,1608.794074741834,0,head_on,0.0,0.0,0.0,,,0.0
head_on_0028,head_on,head_on,both_give_way,no_action,No action (baseline),modelled,1294.1914364809772,1171.560826071629,14.91401561792932,9.822807085431023,coastal_tanker,coastal_tanker,power_driven,good,14960.31234511001,-6.133641882794193,177.0512124209682,1294.3437520298705,7.334850752663955,True,True,False,3.956849090999135e-13,-3.956849090999135e-13,0.0,0,0.0,True,0.002777777777777778,,,72714.73809971163,0.7430555555555556,0.0,0.7430555555555556,9689.227502704278,0,head_on,0.0,0.0,0.0,,,0.0
head_on_0028,head_on,head_on,both_give_way,rule_based,Rule-based COLREGS,modelled,1294.1914364809772,1171.560826071629,14.91401561792932,9.822807085431023,coastal_tanker,coastal_tanker,power_driven,good,14960.31234511001,-6.133641882794193,177.0512124209682,1294.3437520298705,7.334850752663955,True,True,False,3.956849090999135e-13,-3.956849090999135e-13,0.0,0,0.0,True,0.0,,,,0.0,0.0,0.0,,0,head_on,0.0,0.0,0.0,,,0.0
head_on_0028,head_on,head_on,both_give_way,velocity_obstacle,Velocity obstacle,modelled,1294.1914364809772,1171.560826071629,14.91401561792932,9.822807085431023,coastal_tanker,coastal_tanker,power_driven,good,14960.31234511001,-6.133641882794193,177.0512124209682,1662.6988297780613,9.232556283440903,True,True,False,-0.025466895702224428,0.13941137051105784,382.70246315072313,38,12.585127782336047,False,0.001388888888888889,,,5331.136669193675,0.06527777777777778,0.0,0.06527777777777778,8533.715404330871,0,head_on,1.0,0.0,0.0,,,0.3333333333333333
head_on_0028,head_on,head_on,both_give_way,mpc,MPC,modelled,1294.1914364809772,1171.560826071629,14.91401561792932,9.822807085431023,coastal_tanker,coastal_tanker,power_driven,good,14960.31234511001,-6.133641882794193,177.0512124209682,1752.3659668528599,9.930401135217396,True,True,False,-0.0657192113797643,0.28400646214494624,459.9051607681739,40,19.5300225572964,False,0.002777777777777778,,,18051.506443608734,0.09027777777777778,0.0,0.0875,4156.023198345806,0,head_on,1.0,0.0,0.0,,,0.3333333333333333
head_on_0029,head_on,head_on,both_give_way,no_action,No action (baseline),modelled,404.89626848268904,1792.510846418027,8.931765975971441,11.354482019338144,handysize_bulker,container_feeder,power_driven,good,18706.694174214772,0.19155910255774394,182.5580367088184,405.7283207623013,1.404636232937079,False,True,False,1.1672432203905813e-12,-1.1672432203905813e-12,0.0,0,0.0,True,0.07083333333333333,1605.0,187.51084641803047,69895.95633736657,0.29305555555555557,0.013888888888888888,0.25,892.5028131607654,0,head_on,0.0,0.0,0.0,,,0.0
head_on_0029,head_on,head_on,both_give_way,rule_based,Rule-based COLREGS,modelled,404.89626848268904,1792.510846418027,8.931765975971441,11.354482019338144,handysize_bulker,container_feeder,power_driven,good,18706.694174214772,0.19155910255774394,182.5580367088184,488.02157626677933,1.6250370802897571,False,True,False,-1.4860587291406675,1.9035387797985581,344.0217124251414,65,30.66420768493392,True,0.08055555555555556,1600.0,192.5108464180305,18948.35581009859,0.46111111111111114,0.05138888888888889,0.3736111111111111,1233.750549160505,0,head_on,1.0,1.0,0.0,,,0.6666666666666666
head_on_0029,head_on,head_on,both_give_way,velocity_obstacle,Velocity obstacle,modelled,404.89626848268904,1792.510846418027,8.931765975971441,11.354482019338144,handysize_bulker,container_feeder,power_driven,good,18706.694174214772,0.19155910255774394,182.5580367088184,880.5353196461992,2.516661269017407,False,True,False,-3.6794999357584084,6.340052726475636,1016.2499996668244,117,63.94561293805361,True,0.05555555555555555,1625.0,175.91783801315057,20326.828478233874,0.5069444444444444,0.015277777777777777,0.4875,669.654618861167,0,head_on,1.0,1.0,0.0,,,0.6666666666666666
head_on_0029,head_on,head_on,both_give_way,mpc,MPC,modelled,404.89626848268904,1792.510846418027,8.931765975971441,11.354482019338144,handysize_bulker,container_feeder,power_driven,good,18706.694174214772,0.19155910255774394,182.5580367088184,975.208773515512,2.888039538354889,True,True,False,-2.951918900058221,4.262381567370665,774.6503146352833,103,47.51371878505969,True,0.011111111111111112,2165.0,0.0,19739.134328621218,0.019444444444444445,0.0,0.001388888888888889,1060.2119438281588,0,head_on,1.0,1.0,0.0,,,0.6666666666666666
head_on_0030,head_on,head_on,both_give_way,no_action,No action (baseline),modelled,1080.328104927748,1701.861890419257,10.683710879846053,9.419596601303375,vlcc,coastal_tanker,power_driven,moderate,17628.645346141617,-4.8214467648109345,177.20839778131253,1080.4995966909632,2.0425639541658067,True,True,False,4.787117057360949e-13,-4.787117057360949e-13,0.0,0,0.0,True,0.0,,,,0.0,0.0,0.0,,0,head_on,0.0,0.0,0.0,,,0.0
head_on_0030,head_on,head_on,both_give_way,rule_based,Rule-based COLREGS,modelled,1080.328104927748,1701.861890419257,10.683710879846053,9.419596601303375,vlcc,coastal_tanker,power_driven,moderate,17628.645346141617,-4.8214467648109345,177.20839778131253,1080.4995966909632,2.0425639541658067,True,True,False,4.787117057360949e-13,-4.787117057360949e-13,0.0,0,0.0,True,0.0,,,,0.0,0.0,0.0,,0,head_on,0.0,0.0,0.0,,,0.0
head_on_0030,head_on,head_on,both_give_way,velocity_obstacle,Velocity obstacle,modelled,1080.328104927748,1701.861890419257,10.683710879846053,9.419596601303375,vlcc,coastal_tanker,power_driven,moderate,17628.645346141617,-4.8214467648109345,177.20839778131253,1080.4995966909632,2.0425639541658067,True,True,False,4.787117057360949e-13,-4.787117057360949e-13,0.0,0,0.0,True,0.0,,,,0.0,0.0,0.0,,0,head_on,0.0,0.0,0.0,,,0.0
head_on_0030,head_on,head_on,both_give_way,mpc,MPC,modelled,1080.328104927748,1701.861890419257,10.683710879846053,9.419596601303375,vlcc,coastal_tanker,power_driven,moderate,17628.645346141617,-4.8214467648109345,177.20839778131253,1080.4995966909632,2.0425639541658067,True,True,False,4.787117057360949e-13,-4.787117057360949e-13,0.0,0,0.0,True,0.0,,,,0.0,0.0,0.0,,0,head_on,0.0,0.0,0.0,,,0.0
head_on_0031,head_on,head_on,both_give_way,no_action,No action (baseline),modelled,1053.5328275651848,1283.8428313774562,10.61136450782325,12.208657944421075,coastal_tanker,coastal_tanker,power_driven,moderate,15101.519808308523,-5.889208875918437,176.46956530487617,1053.6203251263892,5.973137441081182,True,True,False,-7.415007321938468e-13,7.229632138890007e-13,0.0,0,0.0,True,0.001388888888888889,,,10939.99102626925,0.09166666666666666,0.0,0.09166666666666666,6435.379376529172,0,head_on,0.0,0.0,0.0,,,0.0
head_on_0031,head_on,head_on,both_give_way,rule_based,Rule-based COLREGS,modelled,1053.5328275651848,1283.8428313774562,10.61136450782325,12.208657944421075,coastal_tanker,coastal_tanker,power_driven,moderate,15101.519808308523,-5.889208875918437,176.46956530487617,1053.6203251263892,5.973137441081182,True,True,False,-7.415007321938468e-13,7.229632138890007e-13,0.0,0,0.0,True,0.002777777777777778,,,15626.076424498873,0.6597222222222222,0.0,0.6597222222222222,2125.6444251586518,0,head_on,0.0,0.0,0.0,,,0.0
head_on_0031,head_on,head_on,both_give_way,velocity_obstacle,Velocity obstacle,modelled,1053.5328275651848,1283.8428313774562,10.61136450782325,12.208657944421075,coastal_tanker,coastal_tanker,power_driven,moderate,15101.519808308523,-5.889208875918437,176.46956530487617,1053.6203251263892,5.973137441081182,True,True,False,-7.415007321938468e-13,7.229632138890007e-13,0.0,0,0.0,True,0.0,,,,0.0,0.0,0.0,,0,head_on,0.0,0.0,0.0,,,0.0
head_on_0031,head_on,head_on,both_give_way,mpc,MPC,modelled,1053.5328275651848,1283.8428313774562,10.61136450782325,12.208657944421075,coastal_tanker,coastal_tanker,power_driven,moderate,15101.519808308523,-5.889208875918437,176.46956530487617,1053.6203251263892,5.973137441081182,True,True,False,-7.415007321938468e-13,7.229632138890007e-13,0.0,0,0.0,True,0.001388888888888889,,,8454.510019632817,0.17083333333333334,0.0,0.17083333333333334,8871.19524441385,0,head_on,0.0,0.0,0.0,,,0.0
head_on_0032,head_on,head_on,both_give_way,no_action,No action (baseline),modelled,376.16414544464664,1129.1199766770787,11.904953251973389,10.964131014464975,container_feeder,container_feeder,power_driven,good,13283.837930240397,0.04882302088570962,176.71718354781166,376.30648230316325,1.563803599669003,False,True,False,-1.1566265885117455e-13,1.1566265885117455e-13,0.0,0,0.0,True,0.059722222222222225,960.0,169.11997667709088,36601.02360070407,0.5458333333333333,0.0,0.4652777777777778,1223.2289325255601,0,head_on,0.0,0.0,0.0,,,0.0
head_on_0032,head_on,head_on,both_give_way,rule_based,Rule-based COLREGS,modelled,376.16414544464664,1129.1199766770787,11.904953251973389,10.964131014464975,container_feeder,container_feeder,power_driven,good,13283.837930240397,0.04882302088570962,176.71718354781166,133.30615813836997,0.43928949680023155,False,False,True,-1.2634583568374016,4.257823985040967,2106.0855864045716,67,39.84102027331756,True,0.06527777777777778,975.0,182.29008044862883,19061.65081196624,0.5777777777777777,0.0,0.5611111111111111,1074.1984366165539,0,head_on,1.0,1.0,0.0,,,0.6666666666666666
head_on_0032,head_on,head_on,both_give_way,velocity_obstacle,Velocity obstacle,modelled,376.16414544464664,1129.1199766770787,11.904953251973389,10.964131014464975,container_feeder,container_feeder,power_driven,good,13283.837930240397,0.04882302088570962,176.71718354781166,76.90551577911798,0.304846234544529,False,False,True,-0.7140025770137802,0.9766229804238702,309.35455940794293,44,30.9873521390957,True,0.09722222222222222,970.0,186.44583988744614,32065.10020008958,0.0625,0.001388888888888889,0.029166666666666667,1120.8077516078768,0,head_on,1.0,1.0,0.0,,,0.6666666666666666
head_on_0032,head_on,head_on,both_give_way,mpc,MPC,modelled,376.16414544464664,1129.1199766770787,11.904953251973389,10.964131014464975,container_feeder,container_feeder,power_driven,good,13283.837930240397,0.04882302088570962,176.71718354781166,264.21449890364903,0.7591421377059097,False,False,False,-1.8849910566116146,3.075106597649389,929.6168136812217,98,52.85885585072046,True,0.08194444444444444,1010.0,148.58980835192887,21659.516907903948,0.2388888888888889,0.0,0.23333333333333334,1251.862369470843,0,head_on,1.0,1.0,0.0,,,0.6666666666666666
head_on_0033,head_on,head_on,both_give_way,no_action,No action (baseline),modelled,1155.917651412559,829.3231149662172,8.392476843730496,11.554203288993488,coastal_tanker,vlcc,power_driven,good,8587.55255310218,-8.574750333021612,178.55153261691137,1155.9385164658847,6.565924131645854,True,True,False,-9.023881921198881e-13,9.023881921198881e-13,0.0,0,0.0,True,0.0875,405.0,424.3231149662205,23761.973803691315,0.7069444444444445,0.06111111111111111,0.6041666666666666,1623.6921892452444,0,head_on,0.0,0.0,0.0,,,0.0
head_on_0033,head_on,head_on,both_give_way,rule_based,Rule-based COLREGS,modelled,1155.917651412559,829.3231149662172,8.392476843730496,11.554203288993488,coastal_tanker,vlcc,power_driven,good,8587.55255310218,-8.574750333021612,178.55153261691137,1155.9385164658847,6.565924131645854,True,True,False,-9.023881921198881e-13,9.023881921198881e-13,0.0,0,0.0,True,0.08194444444444444,435.0,394.32311496622077,21298.247978331892,0.35555555555555557,0.043055555555555555,0.29583333333333334,1288.203224795021,0,head_on,0.0,0.0,0.0,,,0.0
head_on_0033,head_on,head_on,both_give_way,velocity_obstacle,Velocity obstacle,modelled,1155.917651412559,829.3231149662172,8.392476843730496,11.554203288993488,coastal_tanker,vlcc,power_driven,good,8587.55255310218,-8.574750333021612,178.55153261691137,1155.9385164658847,6.565924131645854,True,True,False,-9.023881921198881e-13,9.023881921198881e-13,0.0,0,0.0,True,0.08472222222222223,450.0,379.32311496622094,18157.973365333128,0.3888888888888889,0.05138888888888889,0.3013888888888889,1444.898186231479,0,head_on,0.0,0.0,0.0,,,0.0
head_on_0033,head_on,head_on,both_give_way,mpc,MPC,modelled,1155.917651412559,829.3231149662172,8.392476843730496,11.554203288993488,coastal_tanker,vlcc,power_driven,good,8587.55255310218,-8.574750333021612,178.55153261691137,1265.1463327865956,7.185172521940974,True,True,False,-0.1623601596717567,0.224794706658927,109.56434667205129,34,15.34494665623436,True,0.06805555555555555,430.0,403.1494012122502,26262.658820195782,0.2388888888888889,0.0,0.23194444444444445,1263.9710356018652,0,head_on,1.0,0.0,1.0,,,0.6666666666666666
head_on_0034,head_on,head_on,both_give_way,no_action,No action (baseline),modelled,498.4707605752661,1374.968665208162,10.484640933723455,10.246711004996643,container_feeder,vlcc,power_driven,good,14672.633242117594,1.7944187642376521,179.6915495871356,498.4708725997382,2.0769519262542437,False,True,False,6.191319327517734e-13,-6.191319327517734e-13,0.0,0,0.0,True,0.16111111111111112,1105.0,269.96866520814547,46966.76831528516,0.09027777777777778,0.0,0.03194444444444444,934.7392352214857,0,head_on,0.0,0.0,0.0,,,0.0
head_on_0034,head_on,head_on,both_give_way,rule_based,Rule-based COLREGS,modelled,498.4707605752661,1374.968665208162,10.484640933723455,10.246711004996643,container_feeder,vlcc,power_driven,good,14672.633242117594,1.7944187642376521,179.6915495871356,1989.616257428921,7.503808824650067,True,True,False,-5.4815451039611665,8.755879635857056,1537.7072154904515,236,35.00001500094503,False,0.006944444444444444,1990.0,0.0,19174.383325098115,0.06666666666666667,0.0,0.04861111111111111,3897.155355752225,0,head_on,1.0,1.0,1.0,,,1.0
head_on_0034,head_on,head_on,both_give_way,velocity_obstacle,Velocity obstacle,modelled,498.4707605752661,1374.968665208162,10.484640933723455,10.246711004996643,container_feeder,vlcc,power_driven,good,14672.633242117594,1.7944187642376521,179.6915495871356,52.412387408400036,0.165640273019194,False,False,True,-8.538337683191005,10.954744003444588,1132.3908245101074,162,62.571355207788756,True,0.20833333333333334,1095.0,342.7195799023032,12159.104213979552,0.5861111111111111,0.001388888888888889,0.5291666666666667,754.7183400284208,0,head_on,1.0,1.0,0.0,,,0.6666666666666666
head_on_0034,head_on,head_on,both_give_way,mpc,MPC,modelled,498.4707605752661,1374.968665208162,10.484640933723455,10.246711004996643,container_feeder,vlcc,power_driven,good,14672.633242117594,1.7944187642376521,179.6915495871356,897.5268759362827,3.738572339921139,False,True,False,-1.1589853186294394,1.7760308325945529,397.86973869543505,73,37.91065290404576,True,0.07916666666666666,1210.0,197.91172185066824,18600.015726450987,0.20833333333333334,0.015277777777777777,0.04027777777777778,2698.481525216297,0,head_on,0.0,1.0,0.0,,,0.3333333333333333
head_on_0035,head_on,head_on,both_give_way,no_action,No action (baseline),modelled,1158.031935384401,1256.9027638648156,12.54906209834295,13.879748578584646,handysize_bulker,coastal_tanker,power_driven,moderate,17128.111408047243,-4.10610273716612,179.563237669056,1158.3208642406225,4.020809530149137,True,True,False,8.151075225865233e-13,-8.151075225865233e-13,0.0,0,0.0,True,0.0,,,,0.0,0.0,0.0,,0,head_on,0.0,0.0,0.0,,,0.0
head_on_0035,head_on,head_on,both_give_way,rule_based,Rule-based COLREGS,modelled,1158.031935384401,1256.9027638648156,12.54906209834295,13.879748578584646,handysize_bulker,coastal_tanker,power_driven,moderate,17128.111408047243,-4.10610273716612,179.563237669056,1158.3208642406225,4.020809530149137,True,True,False,8.151075225865233e-13,-8.151075225865233e-13,0.0,0,0.0,True,0.0,,,,0.0,0.0,0.0,,0,head_on,0.0,0.0,0.0,,,0.0
head_on_0035,head_on,head_on,both_give_way,velocity_obstacle,Velocity obstacle,modelled,1158.031935384401,1256.9027638648156,12.54906209834295,13.879748578584646,handysize_bulker,coastal_tanker,power_driven,moderate,17128.111408047243,-4.10610273716612,179.563237669056,1266.7184302134024,4.36317599521903,True,True,False,-0.047664805181030535,0.08701894377624667,184.8270465135948,26,8.03008391458161,True,0.001388888888888889,,,8482.240634479333,0.06805555555555555,0.0,0.06805555555555555,7840.359807858389,0,head_on,1.0,0.0,0.0,,,0.3333333333333333
head_on_0035,head_on,head_on,both_give_way,mpc,MPC,modelled,1158.031935384401,1256.9027638648156,12.54906209834295,13.879748578584646,handysize_bulker,coastal_tanker,power_driven,moderate,17128.111408047243,-4.10610273716612,179.563237669056,1158.3208642406225,4.020809530149137,True,True,False,8.151075225865233e-13,-8.151075225865233e-13,0.0,0,0.0,True,0.0,,,,0.0,0.0,0.0,,0,head_on,0.0,0.0,0.0,,,0.0
head_on_0036,head_on,head_on,both_give_way,no_action,No action (baseline),modelled,89.22149603722906,1367.6668149816878,8.950617516777378,15.568796269355385,vlcc,handysize_bulker,power_driven,moderate,17243.873842270124,-2.588685978389288,176.39018415004037,93.94590625615905,0.16963682139659053,False,False,True,-6.812892257397856e-13,6.812892257397856e-13,0.0,0,0.0,True,0.06944444444444445,1290.0,77.66681498169206,30308.564596312677,0.07083333333333333,0.0,0.044444444444444446,1089.7877999515706,0,head_on,0.0,0.0,0.0,,,0.0
head_on_0036,head_on,head_on,both_give_way,rule_based,Rule-based COLREGS,modelled,89.22149603722906,1367.6668149816878,8.950617516777378,15.568796269355385,vlcc,handysize_bulker,power_driven,moderate,17243.873842270124,-2.588685978389288,176.39018415004037,135.16185389558981,0.25057264358615744,False,False,True,-4.072964330900525,6.045386350897007,1128.2361067904988,134,40.26154410030827,True,0.06805555555555555,1280.0,97.76144034331001,19721.3379559505,0.5083333333333333,0.0125,0.4847222222222222,1041.2226722079895,0,head_on,1.0,1.0,0.0,,,0.6666666666666666
head_on_0036,head_on,head_on,both_give_way,velocity_obstacle,Velocity obstacle,modelled,89.22149603722906,1367.6668149816878,8.950617516777378,15.568796269355385,vlcc,handysize_bulker,power_driven,moderate,17243.873842270124,-2.588685978389288,176.39018415004037,120.88657764921686,0.22447864235661383,False,False,True,-7.987143985775769,9.013934621933448,703.3292875675784,134,35.08917951267021,True,0.07361111111111111,1260.0,119.37519015815819,16737.452391211267,0.5083333333333333,0.006944444444444444,0.4708333333333333,1562.62593440678,0,head_on,1.0,1.0,0.0,,,0.6666666666666666
head_on_0036,head_on,head_on,both_give_way,mpc,MPC,modelled,89.22149603722906,1367.6668149816878,8.950617516777378,15.568796269355385,vlcc,handysize_bulker,power_driven,moderate,17243.873842270124,-2.588685978389288,176.39018415004037,316.37641076670855,0.5653563202425856,False,False,False,-4.009711820482926,4.563511498926102,531.3742590916316,108,26.093872341641774,True,0.059722222222222225,1265.0,122.3593646254477,24021.523611155484,0.4013888888888889,0.0,0.38472222222222224,1138.9513836676679,0,head_on,1.0,0.0,0.0,,,0.3333333333333333
head_on_0037,head_on,head_on,both_give_way,no_action,No action (baseline),modelled,823.0357309073895,898.4684858945409,15.65760310354581,15.053679239298324,handysize_bulker,handysize_bulker,power_driven,moderate,14216.057737202142,-4.457089827569151,177.67812178594278,823.3911936488968,2.8549640586120244,False,True,False,2.6382554293581896e-13,-2.6382554293581896e-13,0.0,0,0.0,True,0.008333333333333333,1010.0,0.0,102591.56807661132,0.14444444444444443,0.0,0.14444444444444443,1607.917601184113,0,head_on,0.0,0.0,0.0,,,0.0
head_on_0037,head_on,head_on,both_give_way,rule_based,Rule-based COLREGS,modelled,823.0357309073895,898.4684858945409,15.65760310354581,15.053679239298324,handysize_bulker,handysize_bulker,power_driven,moderate,14216.057737202142,-4.457089827569151,177.67812178594278,1335.25242942757,3.8561335298739126,True,True,False,-0.4550174078640078,1.498836722989596,1159.0996191046393,54,34.919150350200226,True,0.006944444444444444,990.0,0.0,90442.756052463,0.7458333333333333,0.0,0.7458333333333333,1917.6217805692,0,head_on,1.0,1.0,0.0,,,0.6666666666666666
head_on_0037,head_on,head_on,both_give_way,velocity_obstacle,Velocity obstacle,modelled,823.0357309073895,898.4684858945409,15.65760310354581,15.053679239298324,handysize_bulker,handysize_bulker,power_driven,moderate,14216.057737202142,-4.457089827569151,177.67812178594278,938.4154122642377,3.1720294332056422,True,True,False,-0.042511976442931504,0.11159276930334189,290.0671012185782,33,9.905601731313492,True,0.004166666666666667,,,27179.47593875646,0.7555555555555555,0.0,0.7555555555555555,1455.3094346315288,0,head_on,1.0,0.0,0.0,,,0.3333333333333333
head_on_0037,head_on,head_on,both_give_way,mpc,MPC,modelled,823.0357309073895,898.4684858945409,15.65760310354581,15.053679239298324,handysize_bulker,handysize_bulker,power_driven,moderate,14216.057737202142,-4.457089827569151,177.67812178594278,1207.6057466132077,3.831501620916923,True,True,False,-0.3146122708566023,0.5511562979394595,459.93116430082904,37,21.25999746852839,True,0.002777777777777778,,,22326.932137571857,0.05416666666666667,0.0,0.05416666666666667,4094.543320644964,0,head_on,1.0,0.0,0.0,,,0.3333333333333333
head_on_0038,head_on,head_on,both_give_way,no_action,No action (baseline),modelled,542.7754541694351,881.0984917318517,10.274597747283142,8.33341825838547,coastal_tanker,handysize_bulker,power_driven,good,8447.294389773073,1.9555800533325167,176.14028286676225,542.8771942982045,3.0731536969875766,False,True,False,5.552083585754303e-13,-5.552083585754303e-13,0.0,0,0.0,True,0.06944444444444445,605.0,276.09849173184756,43639.78269511856,0.5347222222222222,0.0,0.45555555555555555,1459.7258308441155,0,head_on,0.0,0.0,0.0,,,0.0
head_on_0038,head_on,head_on,both_give_way,rule_based,Rule-based COLREGS,modelled,542.7754541694351,881.0984917318517,10.274597747283142,8.33341825838547,coastal_tanker,handysize_bulker,power_driven,good,8447.294389773073,1.9555800533325167,176.14028286676225,969.3144342239485,3.412638258212939,True,True,False,-0.8196843837788743,5.01099265232047,1662.2553409453867,101,59.61849121748696,True,0.018055555555555554,1205.0,0.0,60848.29425639553,0.6736111111111112,0.0,0.6611111111111111,1345.2820828612673,0,head_on,1.0,1.0,0.0,,,0.6666666666666666
head_on_0038,head_on,head_on,both_give_way,velocity_obstacle,Velocity obstacle,modelled,542.7754541694351,881.0984917318517,10.274597747283142,8.33341825838547,coastal_tanker,handysize_bulker,power_driven,good,8447.294389773073,1.9555800533325167,176.14028286676225,137.32207745963768,0.5615349065481063,False,False,True,-4.664623622054967,6.103804446575693,828.9516534858001,125,59.3498435259277,True,0.14444444444444443,640.0,267.79459513885996,45667.82595799702,0.14722222222222223,0.0,0.12083333333333333,1121.9318267705473,0,head_on,1.0,1.0,0.0,,,0.6666666666666666
head_on_0038,head_on,head_on,both_give_way,mpc,MPC,modelled,542.7754541694351,881.0984917318517,10.274597747283142,8.33341825838547,coastal_tanker,handysize_bulker,power_driven,good,8447.294389773073,1.9555800533325167,176.14028286676225,13.267821919574763,0.07524108936666954,False,False,True,-4.201820357603023,4.944494711624458,615.4981027173723,114,28.819740993999904,True,0.15416666666666667,640.0,318.9762163687791,15185.922772899123,0.14722222222222223,0.009722222222222222,0.1,1506.2250181923314,0,head_on,0.0,0.0,1.0,,,0.3333333333333333
head_on_0039,head_on,head_on,both_give_way,no_action,No action (baseline),modelled,472.9342113168726,1381.6305626206595,9.406932239625835,12.701102903412956,vlcc,container_feeder,power_driven,good,15720.403169843052,-2.2481274433092087,179.08760253933886,473.2976470771404,0.8956017615682901,False,False,False,-2.718430051690161e-13,2.718430051690161e-13,0.0,0,0.0,True,0.05555555555555555,1215.0,166.63056262067352,34292.362831305014,0.17083333333333334,0.027777777777777776,0.11527777777777778,1077.1046139973917,0,head_on,0.0,0.0,0.0,,,0.0
head_on_0039,head_on,head_on,both_give_way,rule_based,Rule-based COLREGS,modelled,472.9342113168726,1381.6305626206595,9.406932239625835,12.701102903412956,vlcc,container_feeder,power_driven,good,15720.403169843052,-2.2481274433092087,179.08760253933886,642.1357365499524,1.1366099491504145,False,True,False,-4.605622845548027,5.623628316060133,748.3270014826963,117,34.82247541467816,True,0.05694444444444444,1255.0,148.25257921598686,18061.510040360325,0.35694444444444445,0.008333333333333333,0.3458333333333333,919.0214621525206,0,head_on,1.0,1.0,0.0,,,0.6666666666666666
head_on_0039,head_on,head_on,both_give_way,velocity_obstacle,Velocity obstacle,modelled,472.9342113168726,1381.6305626206595,9.406932239625835,12.701102903412956,vlcc,container_feeder,power_driven,good,15720.403169843052,-2.2481274433092087,179.08760253933886,502.08165899890065,0.943239031528482,False,False,False,-4.843827869880454,5.1731827918701185,380.4119676644702,91,22.285419614239117,True,0.05694444444444444,1255.0,126.83383280528835,17985.274564693085,0.3263888888888889,0.002777777777777778,0.28055555555555556,1535.1192909012568,0,head_on,1.0,0.0,0.0,,,0.3333333333333333
head_on_0039,head_on,head_on,both_give_way,mpc,MPC,modelled,472.9342113168726,1381.6305626206595,9.406932239625835,12.701102903412956,vlcc,container_feeder,power_driven,good,15720.403169843052,-2.2481274433092087,179.08760253933886,637.1590157344657,1.16207445180142,False,True,False,-4.201213682888997,4.545924083078651,418.2556774349351,96,22.129966816604885,True,0.04722222222222222,1220.0,177.19593367469426,33530.95497428991,0.6111111111111112,0.009722222222222222,0.5944444444444444,960.4415016181479,0,head_on,1.0,0.0,0.0,,,0.3333333333333333
head_on_0040,head_on,head_on,both_give_way,no_action,No action (baseline),modelled,303.5546944937136,1401.4937476711013,11.924170505464325,12.012875458151658,handysize_bulker,handysize_bulker,power_driven,good,17255.627811473085,-2.4503255749740473,177.12595838324347,304.11115511054743,1.052703013730982,False,True,False,-1.187755759391217e-12,1.187755759391217e-12,0.0,0,0.0,True,0.08055555555555556,1250.0,151.49374767110675,21837.404441975945,0.20694444444444443,0.013888888888888888,0.14722222222222223,1019.3023117059029,0,head_on,0.0,0.0,0.0,,,0.0
head_on_0040,head_on,head_on,both_give_way,rule_based,Rule-based COLREGS,modelled,303.5546944937136,1401.4937476711013,11.924170505464325,12.012875458151658,handysize_bulker,handysize_bulker,power_driven,good,17255.627811473085,-2.4503255749740473,177.12595838324347,884.2818431630842,2.4746391474023675,False,True,False,-0.7421823477915898,2.005166206099644,1023.7665234734221,60,35.25540858288215,True,0.029166666666666667,1470.0,0.0,49256.846857844765,0.6,0.0,0.5916666666666667,1063.375739333516,0,head_on,1.0,1.0,0.0,,,0.6666666666666666
head_on_0040,head_on,head_on,both_give_way,velocity_obstacle,Velocity obstacle,modelled,303.5546944937136,1401.4937476711013,11.924170505464325,12.012875458151658,handysize_bulker,handysize_bulker,power_driven,good,17255.627811473085,-2.4503255749740473,177.12595838324347,1374.2382330244236,3.8479403222418904,True,True,False,-0.6199570003418291,2.1807591138507694,1117.5103314409905,79,42.21581845354539,True,0.006944444444444444,1680.0,0.0,29425.46757380637,0.5402777777777777,0.005555555555555556,0.5319444444444444,1130.4485288850444,0,head_on,1.0,1.0,0.0,,,0.6666666666666666
head_on_0040,head_on,head_on,both_give_way,mpc,MPC,modelled,303.5546944937136,1401.4937476711013,11.924170505464325,12.012875458151658,handysize_bulker,handysize_bulker,power_driven,good,17255.627811473085,-2.4503255749740473,177.12595838324347,908.7589731505091,2.569626295567534,False,True,False,-1.4887573098354396,2.4117892905651095,798.9314257145694,91,45.5986653707341,True,0.025,1585.0,0.0,19416.152910337823,0.13333333333333333,0.006944444444444444,0.12361111111111112,867.654990021577,0,head_on,1.0,1.0,0.0,,,0.6666666666666666
head_on_0041,head_on,head_on,both_give_way,no_action,No action (baseline),modelled,578.3133720734722,753.9102892138618,9.555800011474325,15.68412077437834,handysize_bulker,coastal_tanker,power_driven,moderate,9805.592789516562,-4.227801499925283,178.63752029554624,578.4864172045512,2.0078697217071637,False,True,False,3.2936371806352885e-13,-3.2936371806352885e-13,0.0,0,0.0,True,0.005555555555555556,885.0,0.0,54135.62632756266,0.7583333333333333,0.0,0.7583333333333333,1663.6745312077005,0,head_on,0.0,0.0,0.0,,,0.0
head_on_0041,head_on,head_on,both_give_way,rule_based,Rule-based COLREGS,modelled,578.3133720734722,753.9102892138618,9.555800011474325,15.68412077437834,handysize_bulker,coastal_tanker,power_driven,moderate,9805.592789516562,-4.227801499925283,178.63752029554624,744.9725939029386,2.3919056148304674,False,True,False,-1.1798318386594298,1.8898817416221416,514.7958571802901,72,35.911402895744374,True,0.016666666666666666,805.0,0.0,68564.36357477054,0.7791666666666667,0.0,0.7791666666666667,1571.020550073213,0,head_on,1.0,1.0,0.0,,,0.6666666666666666
head_on_0041,head_on,head_on,both_give_way,velocity_obstacle,Velocity obstacle,modelled,578.3133720734722,753.9102892138618,9.555800011474325,15.68412077437834,handysize_bulker,coastal_tanker,power_driven,moderate,9805.592789516562,-4.227801499925283,178.63752029554624,578.4864172045512,2.0078697217071637,False,True,False,-0.17734656594209955,0.18068927451059918,27.923429897347575,6,3.2996994148343823,True,0.008333333333333333,880.0,0.0,34322.79106474546,0.7652777777777777,0.0,0.7652777777777777,2989.160545389903,0,head_on,0.0,0.0,0.0,,,0.0
head_on_0041,head_on,head_on,both_give_way,mpc,MPC,modelled,578.3133720734722,753.9102892138618,9.555800011474325,15.68412077437834,handysize_bulker,coastal_tanker,power_driven,moderate,9805.592789516562,-4.227801499925283,178.63752029554624,835.5099302518144,2.7942715556625832,False,True,False,-1.67957600797017,1.998524113348275,305.24636343745016,60,28.463553296232398,True,0.002777777777777778,,,10542.339044217444,0.0125,0.0,0.006944444444444444,7570.161784440468,0,head_on,1.0,0.0,0.0,,,0.3333333333333333
head_on_0042,head_on,head_on,both_give_way,no_action,No action (baseline),modelled,1098.217389819164,1091.0611377413784,15.756685260893839,11.83355729464462,vlcc,handysize_bulker,power_driven,good,15525.01649374163,4.114756765636482,180.1360392183784,1098.320664085025,2.079954377617828,True,True,False,-1.1735073647367449e-12,1.1735073647367449e-12,0.0,0,0.0,True,0.0125,910.0,181.0611377413852,37238.2204071486,0.025,0.0,0.022222222222222223,1132.5115247409135,0,head_on,0.0,0.0,0.0,,,0.0
head_on_0042,head_on,head_on,both_give_way,rule_based,Rule-based COLREGS,modelled,1098.217389819164,1091.0611377413784,15.756685260893839,11.83355729464462,vlcc,handysize_bulker,power_driven,good,15525.01649374163,4.114756765636482,180.1360392183784,1098.320664085025,2.079954377617828,True,True,False,-1.1735073647367449e-12,1.1735073647367449e-12,0.0,0,0.0,True,0.004166666666666667,,,26272.733531962367,0.04583333333333333,0.0,0.04583333333333333,2244.2229422892283,0,head_on,0.0,0.0,0.0,,,0.0
head_on_0042,head_on,head_on,both_give_way,velocity_obstacle,Velocity obstacle,modelled,1098.217389819164,1091.0611377413784,15.756685260893839,11.83355729464462,vlcc,handysize_bulker,power_driven,good,15525.01649374163,4.114756765636482,180.1360392183784,1098.320664085025,2.079954377617828,True,True,False,-1.1735073647367449e-12,1.1735073647367449e-12,0.0,0,0.0,True,0.002777777777777778,,,25350.619509260934,0.05138888888888889,0.0,0.05138888888888889,3903.3462555854294,0,head_on,0.0,0.0,0.0,,,0.0
head_on_0042,head_on,head_on,both_give_way,mpc,MPC,modelled,1098.217389819164,1091.0611377413784,15.756685260893839,11.83355729464462,vlcc,handysize_bulker,power_driven,good,15525.01649374163,4.114756765636482,180.1360392183784,326.0517734345963,0.6133491610823005,False,False,False,-2.9947247675486772,3.5885452542788685,832.5349201853287,84,29.205490570573794,True,0.06527777777777778,1010.0,152.83920697686108,104144.16826584318,0.5402777777777777,0.001388888888888889,0.5180555555555556,1450.0240597482716,0,head_on,1.0,0.0,0.0,,,0.3333333333333333
head_on_0043,head_on,head_on,both_give_way,no_action,No action (baseline),modelled,1409.7702324639517,715.5453331161314,9.757363263572131,11.433040068417757,handysize_bulker,vlcc,power_driven,good,7924.067363509306,8.613056132193568,176.9697095926228,1409.7827580189578,4.887530985808382,True,True,False,1.3305594616404786e-12,-1.3305594616404786e-12,0.0,0,0.0,False,0.04861111111111111,375.0,340.54533311612926,172347.9915008409,0.08333333333333333,0.03611111111111111,0.0,2063.5902591482786,0,head_on,0.0,0.0,0.0,,,0.0
head_on_0043,head_on,head_on,both_give_way,rule_based,Rule-based COLREGS,modelled,1409.7702324639517,715.5453331161314,9.757363263572131,11.433040068417757,handysize_bulker,vlcc,power_driven,good,7924.067363509306,8.613056132193568,176.9697095926228,1409.7827580189578,4.887530985808382,True,True,False,1.3305594616404786e-12,-1.3305594616404786e-12,0.0,0,0.0,False,0.06111111111111111,250.0,465.54533311613,106186.62038186063,0.06111111111111111,0.006944444444444444,0.006944444444444444,5422.819447001207,0,head_on,0.0,0.0,0.0,,,0.0
head_on_0043,head_on,head_on,both_give_way,velocity_obstacle,Velocity obstacle,modelled,1409.7702324639517,715.5453331161314,9.757363263572131,11.433040068417757,handysize_bulker,vlcc,power_driven,good,7924.067363509306,8.613056132193568,176.9697095926228,1409.7827580189578,4.887530985808382,True,True,False,1.3305594616404786e-12,-1.3305594616404786e-12,0.0,0,0.0,False,0.05,380.0,335.54533311612926,56657.729336304285,0.018055555555555554,0.0,0.0125,1309.2328099810227,0,head_on,0.0,0.0,0.0,,,0.0
head_on_0043,head_on,head_on,both_give_way,mpc,MPC,modelled,1409.7702324639517,715.5453331161314,9.757363263572131,11.433040068417757,handysize_bulker,vlcc,power_driven,good,7924.067363509306,8.613056132193568,176.9697095926228,1011.9249582406912,3.5077111177002234,True,True,False,-1.599429863988998,2.1031517875409227,419.28514869571944,67,32.105095316178364,True,0.08333333333333333,460.0,314.3517463296837,32362.258333510912,0.05416666666666667,0.0,0.04861111111111111,1504.985090890232,0,head_on,1.0,1.0,0.0,,,0.6666666666666666
head_on_0044,head_on,head_on,give_way,no_action,No action (baseline),modelled,1249.9493653017287,886.4441782506503,10.83867308245588,13.815541122228463,coastal_tanker,vlcc,not_under_command,good,11308.04189733413,4.573460501066785,176.8365237069254,1250.0834653417717,7.091092360063869,True,True,False,-3.629749920616616e-14,3.629749920616616e-14,0.0,0,0.0,True,0.06111111111111111,560.0,326.4441782506444,67745.17670676048,0.0,0.0,0.0,1231.1341106160958,0,head_on,0.0,0.0,0.0,,,0.0
head_on_0044,head_on,head_on,give_way,rule_based,Rule-based COLREGS,modelled,1249.9493653017287,886.4441782506503,10.83867308245588,13.815541122228463,coastal_tanker,vlcc,not_under_command,good,11308.04189733413,4.573460501066785,176.8365237069254,1250.0834653417717,7.091092360063869,True,True,False,-3.629749920616616e-14,3.629749920616616e-14,0.0,0,0.0,True,0.05416666666666667,630.0,256.44417825064437,60541.478844883255,0.0,0.0,0.0,1298.3255440922255,0,head_on,0.0,0.0,0.0,,,0.0
head_on_0044,head_on,head_on,give_way,velocity_obstacle,Velocity obstacle,modelled,1249.9493653017287,886.4441782506503,10.83867308245588,13.815541122228463,coastal_tanker,vlcc,not_under_command,good,11308.04189733413,4.573460501066785,176.8365237069254,1250.0834653417717,7.091092360063869,True,True,False,-3.629749920616616e-14,3.629749920616616e-14,0.0,0,0.0,True,0.041666666666666664,650.0,236.44417825064434,94020.03706738444,0.0,0.0,0.0,1213.7576596295241,0,head_on,0.0,0.0,0.0,,,0.0
head_on_0044,head_on,head_on,give_way,mpc,MPC,modelled,1249.9493653017287,886.4441782506503,10.83867308245588,13.815541122228463,coastal_tanker,vlcc,not_under_command,good,11308.04189733413,4.573460501066785,176.8365237069254,1399.5900384047272,7.943917577219785,True,True,False,-0.0933445899376919,0.16305241111889934,152.4072300343978,35,15.950057430722595,True,0.05,585.0,301.4441782506444,173427.46703384432,0.0,0.0,0.0,1607.2682874865204,0,head_on,0.0,0.0,0.0,,,0.0
head_on_0045,head_on,head_on,both_give_way,no_action,No action (baseline),modelled,506.789456276294,902.9875797811021,9.122055577304735,10.166956118443327,handysize_bulker,coastal_tanker,power_driven,good,8971.370028120617,4.908016900181544,183.16770941096718,507.1824425003951,1.7565916912851518,False,True,False,-1.0135098411098034e-12,1.0135098411098034e-12,0.0,0,0.0,True,0.018055555555555554,745.0,157.98757978110103,28874.88884063134,0.027777777777777776,0.0,0.018055555555555554,1323.6488231506437,0,head_on,0.0,0.0,0.0,,,0.0
head_on_0045,head_on,head_on,both_give_way,rule_based,Rule-based COLREGS,modelled,506.789456276294,902.9875797811021,9.122055577304735,10.166956118443327,handysize_bulker,coastal_tanker,power_driven,good,8971.370028120617,4.908016900181544,183.16770941096718,852.0548470605539,2.7473700972483788,False,True,False,-2.9821868435446266,3.6258385228817356,564.4864962073103,96,32.78505868211003,True,0.0125,1055.0,0.0,45284.008092207856,0.030555555555555555,0.0,0.02361111111111111,1530.037972204745,0,head_on,0.0,1.0,0.0,,,0.3333333333333333
head_on_0045,head_on,head_on,both_give_way,velocity_obstacle,Velocity obstacle,modelled,506.789456276294,902.9875797811021,9.122055577304735,10.166956118443327,handysize_bulker,coastal_tanker,power_driven,good,8971.370028120617,4.908016900181544,183.16770941096718,249.68076823254702,0.8437111443936751,False,False,False,-6.571572115178504,7.331644732597809,614.2638867399652,124,36.84124137429317,True,0.05416666666666667,800.0,157.07265103284877,68097.32464063649,0.08194444444444444,0.0,0.05416666666666667,1197.0536758268074,0,head_on,1.0,1.0,0.0,,,0.6666666666666666
head_on_0045,head_on,head_on,both_give_way,mpc,MPC,modelled,506.789456276294,902.9875797811021,9.122055577304735,10.166956118443327,handysize_bulker,coastal_tanker,power_driven,good,8971.370028120617,4.908016900181544,183.16770941096718,507.1824425003951,1.7565916912851518,False,True,False,-1.0135098411098034e-12,1.0135098411098034e-12,0.0,0,0.0,True,0.030555555555555555,730.0,172.98757978110112,35757.47311284155,0.7125,0.0,0.6402777777777777,4319.707998103552,0,head_on,0.0,0.0,0.0,,,0.0
head_on_0046,head_on,head_on,both_give_way,no_action,No action (baseline),modelled,793.4785783661681,1195.776955244066,9.66044812503392,10.419383291225458,vlcc,handysize_bulker,power_driven,good,12373.291680133078,2.0703782704250253,176.90418232507804,793.519138198545,1.5001729244524464,False,True,False,6.312294418409095e-13,-6.312294418409095e-13,0.0,0,0.0,True,0.0375,985.0,210.77695524407594,66619.76974275042,0.0125,0.0,0.0125,944.4649505378142,0,head_on,0.0,0.0,0.0,,,0.0
head_on_0046,head_on,head_on,both_give_way,rule_based,Rule-based COLREGS,modelled,793.4785783661681,1195.776955244066,9.66044812503392,10.419383291225458,vlcc,handysize_bulker,power_driven,good,12373.291680133078,2.0703782704250253,176.90418232507804,793.519138198545,1.5001729244524464,False,True,False,6.312294418409095e-13,-6.312294418409095e-13,0.0,0,0.0,True,0.03611111111111111,945.0,250.77695524407616,45505.03624793228,0.07083333333333333,0.0,0.04027777777777778,1839.87934761418,0,head_on,0.0,0.0,0.0,,,0.0
head_on_0046,head_on,head_on,both_give_way,velocity_obstacle,Velocity obstacle,modelled,793.4785783661681,1195.776955244066,9.66044812503392,10.419383291225458,vlcc,handysize_bulker,power_driven,good,12373.291680133078,2.0703782704250253,176.90418232507804,793.519138198545,1.5001729244524464,False,True,False,6.312294418409095e-13,-6.312294418409095e-13,0.0,0,0.0,True,0.03888888888888889,950.0,245.7769552440761,34995.04869048691,0.29444444444444445,0.0,0.23055555555555557,1847.3222967267948,0,head_on,0.0,0.0,0.0,,,0.0
head_on_0046,head_on,head_on,both_give_way,mpc,MPC,modelled,793.4785783661681,1195.776955244066,9.66044812503392,10.419383291225458,vlcc,handysize_bulker,power_driven,good,12373.291680133078,2.0703782704250253,176.90418232507804,805.114662861339,1.5226441860524105,False,True,False,-0.16647575507453236,0.1669279448731531,13.12768032646083,0,0.8870811624616446,True,0.04027777777777778,1010.0,185.77695524407582,123231.79340347613,0.02638888888888889,0.013888888888888888,0.0,1295.9632637477816,0,head_on,0.0,0.0,0.0,,,0.0
head_on_0047,head_on,head_on,both_give_way,no_action,No action (baseline),modelled,397.6377709481428,1555.9994516201587,10.357065213176668,9.24599026363342,coastal_tanker,handysize_bulker,power_driven,moderate,15696.559881461808,-1.1538322236847893,180.63135563351238,397.76548758440254,2.259669522458653,False,True,False,-1.7473260134412949e-12,1.7473260134412949e-12,0.0,0,0.0,True,0.05694444444444444,1400.0,155.99945162014342,84019.87488842948,0.1125,0.02638888888888889,0.07777777777777778,845.869981195643,0,head_on,0.0,0.0,0.0,,,0.0
head_on_0047,head_on,head_on,both_give_way,rule_based,Rule-based COLREGS,modelled,397.6377709481428,1555.9994516201587,10.357065213176668,9.24599026363342,coastal_tanker,handysize_bulker,power_driven,moderate,15696.559881461808,-1.1538322236847893,180.63135563351238,847.095076252838,3.9943999263796734,False,True,False,-0.26588884919001404,1.4330040295283877,854.3715950483551,54,34.90726656400048,True,0.015277777777777777,1635.0,0.0,59179.81665759254,0.55,0.002777777777777778,0.5444444444444444,966.0451822248508,0,head_on,1.0,1.0,0.0,,,0.6666666666666666
head_on_0047,head_on,head_on,both_give_way,velocity_obstacle,Velocity obstacle,modelled,397.6377709481428,1555.9994516201587,10.357065213176668,9.24599026363342,coastal_tanker,handysize_bulker,power_driven,moderate,15696.559881461808,-1.1538322236847893,180.63135563351238,1407.157505709437,5.9581004684801355,True,True,False,-0.23836723145442723,2.169516531085634,1065.2615652712109,77,49.25206141321341,True,0.002777777777777778,,,3587.933886251489,0.013888888888888888,0.0,0.006944444444444444,6247.651724945424,0,head_on,1.0,1.0,0.0,,,0.6666666666666666
head_on_0047,head_on,head_on,both_give_way,mpc,MPC,modelled,397.6377709481428,1555.9994516201587,10.357065213176668,9.24599026363342,coastal_tanker,handysize_bulker,power_driven,moderate,15696.559881461808,-1.1538322236847893,180.63135563351238,754.1375780593328,3.623205741889441,False,True,False,-0.7499042568118466,1.1838315212518906,424.2833755634257,68,39.50571914320677,True,0.009722222222222222,1745.0,0.0,151663.38996185974,0.5194444444444445,0.0,0.5138888888888888,944.9223289853842,0,head_on,1.0,1.0,0.0,,,0.6666666666666666
head_on_0048,head_on,head_on,both_give_way,no_action,No action (baseline),modelled,548.0430610709558,1740.892115248273,12.61536462442278,15.733365648705083,coastal_tanker,coastal_tanker,power_driven,moderate,25381.95067113756,-0.8001615434027306,176.32912773441453,548.1973162972055,3.1076552821026606,False,True,False,-4.833755867898456e-13,4.833755867898456e-13,0.0,0,0.0,True,0.009722222222222222,1865.0,0.0,62518.3496346797,0.020833333333333332,0.0,0.020833333333333332,752.0775646636172,0,head_on,0.0,0.0,0.0,,,0.0
head_on_0048,head_on,head_on,both_give_way,rule_based,Rule-based COLREGS,modelled,548.0430610709558,1740.892115248273,12.61536462442278,15.733365648705083,coastal_tanker,coastal_tanker,power_driven,moderate,25381.95067113756,-0.8001615434027306,176.32912773441453,313.03151285089183,1.4997252190708201,False,True,False,-0.20935271900554714,0.6775136185383932,514.1739206140562,54,32.909449040156076,True,0.025,1670.0,77.85292536370449,105510.88570000455,0.0,0.0,0.0,723.1534666924811,0,head_on,1.0,1.0,0.0,,,0.6666666666666666
head_on_0048,head_on,head_on,both_give_way,velocity_obstacle,Velocity obstacle,modelled,548.0430610709558,1740.892115248273,12.61536462442278,15.733365648705083,coastal_tanker,coastal_tanker,power_driven,moderate,25381.95067113756,-0.8001615434027306,176.32912773441453,342.5429266594317,1.5705620007807755,False,True,False,-2.654678543813784,3.970355313577523,785.7928824092472,72,58.57823595569295,True,0.027777777777777776,1680.0,71.05117305863374,85622.65665814573,0.001388888888888889,0.001388888888888889,0.0,665.0973017477039,0,head_on,1.0,1.0,0.0,,,0.6666666666666666
head_on_0048,head_on,head_on,both_give_way,mpc,MPC,modelled,548.0430610709558,1740.892115248273,12.61536462442278,15.733365648705083,coastal_tanker,coastal_tanker,power_driven,moderate,25381.95067113756,-0.8001615434027306,176.32912773441453,302.34866449266804,1.2187686015671761,False,True,False,-0.8708354037290651,3.2395189203817214,1271.4849511319367,76,58.54218696793624,True,0.02638888888888889,1790.0,0.0,23799.062479761196,0.22361111111111112,0.0,0.21944444444444444,866.6428918527413,0,head_on,1.0,1.0,0.0,,,0.6666666666666666
head_on_0049,head_on,head_on,both_give_way,no_action,No action (baseline),modelled,618.2286734155631,1719.9857309448732,12.065293789158671,9.573180897505534,handysize_bulker,vlcc,power_driven,good,19154.987592551788,-2.4916475979847585,178.54863529298322,618.2286938175433,2.145546551711919,False,True,False,5.217168973835926e-13,-5.217168973835926e-13,0.0,0,0.0,True,0.125,1385.0,334.98573094487335,44610.71728427055,0.5569444444444445,0.08888888888888889,0.4597222222222222,1457.73019722217,0,head_on,0.0,0.0,0.0,,,0.0
head_on_0049,head_on,head_on,both_give_way,rule_based,Rule-based COLREGS,modelled,618.2286734155631,1719.9857309448732,12.065293789158671,9.573180897505534,handysize_bulker,vlcc,power_driven,good,19154.987592551788,-2.4916475979847585,178.54863529298322,1850.6656025602585,5.235161836571638,True,True,False,-0.726957472433233,2.2918529622764012,1249.9086127249861,60,35.21589750307091,True,0.02361111111111111,2115.0,0.0,66187.91409901166,0.28194444444444444,0.0625,0.20972222222222223,1084.7852418112952,0,head_on,1.0,1.0,0.0,,,0.6666666666666666
head_on_0049,head_on,head_on,both_give_way,velocity_obstacle,Velocity obstacle,modelled,618.2286734155631,1719.9857309448732,12.065293789158671,9.573180897505534,handysize_bulker,vlcc,power_driven,good,19154.987592551788,-2.4916475979847585,178.54863529298322,1073.5308722759476,3.5373793141421026,True,True,False,-0.34504928865653206,0.5707555520115235,524.8877826762404,70,14.997569923049703,True,0.06805555555555555,1445.0,280.7021898973333,16054.03168601979,0.3736111111111111,0.0,0.3638888888888889,727.2358710644056,0,head_on,1.0,0.0,0.0,,,0.3333333333333333
head_on_0049,head_on,head_on,both_give_way,mpc,MPC,modelled,618.2286734155631,1719.9857309448732,12.065293789158671,9.573180897505534,handysize_bulker,vlcc,power_driven,good,19154.987592551788,-2.4916475979847585,178.54863529298322,1163.7235945862642,4.038247974559407,True,True,False,-0.7529832778972138,1.0473732847001318,548.0838847415513,77,20.071071106125274,True,0.06111111111111111,1345.0,397.43283020931113,22108.897512968244,0.4236111111111111,0.0,0.41388888888888886,1084.9421765359004,0,head_on,1.0,0.0,1.0,,,0.6666666666666666
head_on_0050,head_on,head_on,give_way,no_action,No action (baseline),modelled,1108.118527588046,1116.5059646919137,15.352203046062726,15.945326845297977,vlcc,vlcc,not_under_command,good,18003.52548485025,1.8655485049313654,176.73540043658687,1108.3835643049993,2.0945071910938013,True,True,False,1.6656949636273995e-12,-1.6656949636273995e-12,0.0,0,0.0,True,0.05138888888888889,920.0,196.50596469191288,300878.05356507935,0.0,0.0,0.0,4915.676689986478,0,head_on,0.0,0.0,0.0,,,0.0
head_on_0050,head_on,head_on,give_way,rule_based,Rule-based COLREGS,modelled,1108.118527588046,1116.5059646919137,15.352203046062726,15.945326845297977,vlcc,vlcc,not_under_command,good,18003.52548485025,1.8655485049313654,176.73540043658687,2517.8684451780596,4.5257817023863,True,True,False,-8.039321341051663,9.716524251444364,2421.318266271536,192,29.509974293174622,False,0.006944444444444444,1540.0,0.0,42160.7903412085,0.0,0.0,0.0,2634.845333816743,0,head_on,0.0,0.0,0.0,,,0.0
head_on_0050,head_on,head_on,give_way,velocity_obstacle,Velocity obstacle,modelled,1108.118527588046,1116.5059646919137,15.352203046062726,15.945326845297977,vlcc,vlcc,not_under_command,good,18003.52548485025,1.8655485049313654,176.73540043658687,91.06415343135575,0.12955766384916775,False,False,True,-7.773079651477934,11.591359761534685,2124.198941428622,135,70.47048379176132,True,0.09305555555555556,945.0,234.05104423051378,111978.44723706543,0.0,0.0,0.0,855.9915529835955,0,head_on,1.0,1.0,0.0,,,0.6666666666666666
head_on_0050,head_on,head_on,give_way,mpc,MPC,modelled,1108.118527588046,1116.5059646919137,15.352203046062726,15.945326845297977,vlcc,vlcc,not_under_command,good,18003.52548485025,1.8655485049313654,176.73540043658687,1278.8553852022767,2.323765264270628,True,True,False,-2.1503653231115107,2.3480650864271615,307.31049751539865,70,21.325142135585466,True,0.04861111111111111,880.0,244.42365956476095,184062.41762096694,0.0,0.0,0.0,1053.248290983567,0,head_on,0.0,0.0,0.0,,,0.0
head_on_0051,head_on,head_on,both_give_way,no_action,No action (baseline),modelled,1303.834750368585,1334.4648993395267,15.826238676614684,8.008823849705173,coastal_tanker,coastal_tanker,power_driven,good,16409.18711484193,-3.4858359002147123,183.18941029365104,1303.8512481250689,7.381736513776436,True,True,False,1.1683500151441587e-12,-1.1683500151441587e-12,0.0,0,0.0,False,0.001388888888888889,,,9435.995033119592,0.08333333333333333,0.0,0.08333333333333333,6261.541548817362,0,head_on,0.0,0.0,0.0,,,0.0
head_on_0051,head_on,head_on,both_give_way,rule_based,Rule-based COLREGS,modelled,1303.834750368585,1334.4648993395267,15.826238676614684,8.008823849705173,coastal_tanker,coastal_tanker,power_driven,good,16409.18711484193,-3.4858359002147123,183.18941029365104,1303.8512481250689,7.381736513776436,True,True,False,1.1683500151441587e-12,-1.1683500151441587e-12,0.0,0,0.0,False,0.004166666666666667,,,23293.722264659475,0.6111111111111112,0.0,0.6111111111111112,1577.488446106978,0,head_on,0.0,0.0,0.0,,,0.0
head_on_0051,head_on,head_on,both_give_way,velocity_obstacle,Velocity obstacle,modelled,1303.834750368585,1334.4648993395267,15.826238676614684,8.008823849705173,coastal_tanker,coastal_tanker,power_driven,good,16409.18711484193,-3.4858359002147123,183.18941029365104,1632.4786567344752,9.265786556451168,True,True,False,-0.01584320400281682,0.09468893994453957,339.5062040592161,30,9.890466969317098,False,0.001388888888888889,,,4134.6716566944815,0.07361111111111111,0.0,0.07361111111111111,8035.246046749772,0,head_on,1.0,0.0,0.0,,,0.3333333333333333
head_on_0051,head_on,head_on,both_give_way,mpc,MPC,modelled,1303.834750368585,1334.4648993395267,15.826238676614684,8.008823849705173,coastal_tanker,coastal_tanker,power_driven,good,16409.18711484193,-3.4858359002147123,183.18941029365104,1581.4256449056156,8.95856820800325,True,True,False,-0.06875074024751157,0.16944037435142276,279.38402773371826,39,17.72598564323059,False,0.001388888888888889,,,4242.012777498067,0.058333333333333334,0.0,0.058333333333333334,7781.454944986488,0,head_on,1.0,0.0,0.0,,,0.3333333333333333
head_on_0052,head_on,head_on,both_give_way,no_action,No action (baseline),modelled,1277.528872893827,1419.973854555968,10.623921043944716,15.818381528123123,container_feeder,vlcc,power_driven,good,19347.692327620654,1.4728594420108616,176.133547553039,1277.5289223466639,5.312941109130535,True,True,False,-1.851560859587579e-13,1.851560859587579e-13,0.0,0,0.0,True,0.043055555555555555,1155.0,264.97385455596753,151773.2188862639,0.09861111111111111,0.025,0.0,3654.63200830823,0,head_on,0.0,0.0,0.0,,,0.0
head_on_0052,head_on,head_on,both_give_way,rule_based,Rule-based COLREGS,modelled,1277.528872893827,1419.973854555968,10.623921043944716,15.818381528123123,container_feeder,vlcc,power_driven,good,19347.692327620654,1.4728594420108616,176.133547553039,673.1489197698362,2.394545018924764,False,True,False,-0.5715033990514541,2.0056894930200597,1030.477917664312,56,34.99593208452017,True,0.11805555555555555,1095.0,324.9738545559678,71903.62447850377,0.1763888888888889,0.001388888888888889,0.009722222222222222,2186.6023041381145,0,head_on,1.0,1.0,0.0,,,0.6666666666666666
head_on_0052,head_on,head_on,both_give_way,velocity_obstacle,Velocity obstacle,modelled,1277.528872893827,1419.973854555968,10.623921043944716,15.818381528123123,container_feeder,vlcc,power_driven,good,19347.692327620654,1.4728594420108616,176.133547553039,1277.5289223466639,5.312941109130535,True,True,False,-1.851560859587579e-13,1.851560859587579e-13,0.0,0,0.0,True,0.044444444444444446,1195.0,224.9738545559674,140160.87620641527,0.0125,0.011111111111111112,0.0,1574.264114521898,0,head_on,0.0,0.0,0.0,,,0.0
head_on_0052,head_on,head_on,both_give_way,mpc,MPC,modelled,1277.528872893827,1419.973854555968,10.623921043944716,15.818381528123123,container_feeder,vlcc,power_driven,good,19347.692327620654,1.4728594420108616,176.133547553039,1043.2660309708224,4.3385905066864865,True,True,False,-0.5019000140079458,0.6831527924594789,239.90246654866075,44,24.37452178585379,True,0.07361111111111111,1115.0,316.04685132563395,34889.42976663468,0.31805555555555554,0.001388888888888889,0.28194444444444444,1010.1689268780473,0,head_on,1.0,0.0,1.0,,,0.6666666666666666
head_on_0053,head_on,head_on,both_give_way,no_action,No action (baseline),modelled,30.005109649111517,1619.0427163236009,13.541948652011069,11.653470272632381,vlcc,container_feeder,power_driven,good,20985.210479152804,-0.3481843630035743,179.42432798332612,32.4693766952302,0.05770452908210658,False,False,True,-1.7431024339968028e-12,1.7576282876134428e-12,0.0,0,0.0,True,0.09444444444444444,1490.0,129.0427163235962,21112.285912337647,0.16666666666666666,0.001388888888888889,0.12916666666666668,904.2847311938092,0,head_on,0.0,0.0,0.0,,,0.0
head_on_0053,head_on,head_on,both_give_way,rule_based,Rule-based COLREGS,modelled,30.005109649111517,1619.0427163236009,13.541948652011069,11.653470272632381,vlcc,container_feeder,power_driven,good,20985.210479152804,-0.3481843630035743,179.42432798332612,945.7537019995617,1.3958547151750695,True,True,False,-2.0723214866613024,3.9643111315055517,1637.5585104984177,90,38.48818587054084,True,0.018055555555555554,1740.0,0.0,62701.22886003775,0.5333333333333333,0.004166666666666667,0.5166666666666667,1183.7413930178716,0,head_on,1.0,1.0,0.0,,,0.6666666666666666
head_on_0053,head_on,head_on,both_give_way,velocity_obstacle,Velocity obstacle,modelled,30.005109649111517,1619.0427163236009,13.541948652011069,11.653470272632381,vlcc,container_feeder,power_driven,good,20985.210479152804,-0.3481843630035743,179.42432798332612,226.86119304743096,0.3892949856246207,False,False,True,-8.55424600705157,11.854101485253883,1747.6528565154351,149,66.58177327288894,True,0.059722222222222225,1515.0,140.37200427670535,11004.785889677867,0.4444444444444444,0.006944444444444444,0.42916666666666664,582.7007006976231,0,head_on,1.0,1.0,0.0,,,0.6666666666666666
head_on_0053,head_on,head_on,both_give_way,mpc,MPC,modelled,30.005109649111517,1619.0427163236009,13.541948652011069,11.653470272632381,vlcc,container_feeder,power_driven,good,20985.210479152804,-0.3481843630035743,179.42432798332612,586.7477715478132,0.8328967853930889,False,False,False,-5.116724162226597,7.082650782735504,1326.2240987488065,117,53.67952696099908,True,0.059722222222222225,1695.0,0.0,15247.712131127055,0.2263888888888889,0.008333333333333333,0.20972222222222223,725.6613823106734,0,head_on,1.0,1.0,0.0,,,0.6666666666666666
head_on_0054,head_on,head_on,both_give_way,no_action,No action (baseline),modelled,793.0419470536175,1731.4062472903063,14.699225160130617,14.678337587601703,coastal_tanker,coastal_tanker,power_driven,good,26177.31566735221,-2.3799261045952806,178.7113147554742,793.3266374277744,4.504798011861549,False,True,False,-4.014668018081176e-13,4.014668018081176e-13,0.0,0,0.0,True,0.008333333333333333,1840.0,0.0,38954.85881382448,0.5055555555555555,0.0,0.5,840.1345161856921,0,head_on,0.0,0.0,0.0,,,0.0
head_on_0054,head_on,head_on,both_give_way,rule_based,Rule-based COLREGS,modelled,793.0419470536175,1731.4062472903063,14.699225160130617,14.678337587601703,coastal_tanker,coastal_tanker,power_driven,good,26177.31566735221,-2.3799261045952806,178.7113147554742,1286.3077296554077,6.170487990684345,True,True,False,-0.19219656500416657,1.2476575165035415,1109.2624939145899,50,34.85484985111354,True,0.002777777777777778,,,21225.12848301971,0.4111111111111111,0.0,0.4111111111111111,1607.613020851984,0,head_on,1.0,1.0,0.0,,,0.6666666666666666
head_on_0054,head_on,head_on,both_give_way,velocity_obstacle,Velocity obstacle,modelled,793.0419470536175,1731.4062472903063,14.699225160130617,14.678337587601703,coastal_tanker,coastal_tanker,power_driven,good,26177.31566735221,-2.3799261045952806,178.7113147554742,793.3266374277744,4.504798011861549,False,True,False,-4.014668018081176e-13,4.014668018081176e-13,0.0,0,0.0,True,0.006944444444444444,1840.0,0.0,36517.83740163444,0.6097222222222223,0.008333333333333333,0.4708333333333333,3898.004501061725,0,head_on,0.0,0.0,0.0,,,0.0
head_on_0054,head_on,head_on,both_give_way,mpc,MPC,modelled,793.0419470536175,1731.4062472903063,14.699225160130617,14.678337587601703,coastal_tanker,coastal_tanker,power_driven,good,26177.31566735221,-2.3799261045952806,178.7113147554742,793.3266374277744,4.504798011861549,False,True,False,-4.014668018081176e-13,4.014668018081176e-13,0.0,0,0.0,True,0.008333333333333333,1840.0,0.0,58677.30095153139,0.5055555555555555,0.0,0.4847222222222222,1546.9117558865657,0,head_on,0.0,0.0,0.0,,,0.0
head_on_0055,head_on,head_on,both_give_way,no_action,No action (baseline),modelled,413.1386659127342,1141.5979854659165,11.507355690978986,11.424517162115793,container_feeder,container_feeder,power_driven,restricted,13473.656078852597,1.3704136774856484,179.22378598133497,413.5685287928926,1.7217226359121707,False,True,False,-5.128242380411731e-13,5.128242380411731e-13,0.0,0,0.0,True,0.006944444444444444,1255.0,0.0,45785.39516086266,0.4305555555555556,0.0,0.4305555555555556,1180.880712199072,0,head_on,0.0,0.0,0.0,,,0.0
head_on_0055,head_on,head_on,both_give_way,rule_based,Rule-based COLREGS,modelled,413.1386659127342,1141.5979854659165,11.507355690978986,11.424517162115793,container_feeder,container_feeder,power_driven,restricted,13473.656078852597,1.3704136774856484,179.22378598133497,371.45826705827164,1.3735563389129934,False,True,False,-0.6249857844791885,1.0858363170803957,448.36421273203126,60,33.03703617842613,True,0.004166666666666667,,,26132.79424932134,0.6416666666666667,0.0,0.6416666666666667,1163.479765899985,0,head_on,1.0,1.0,0.0,,,0.6666666666666666
head_on_0055,head_on,head_on,both_give_way,velocity_obstacle,Velocity obstacle,modelled,413.1386659127342,1141.5979854659165,11.507355690978986,11.424517162115793,container_feeder,container_feeder,power_driven,restricted,13473.656078852597,1.3704136774856484,179.22378598133497,81.1516940043102,0.2554902348434168,False,False,True,-2.9422415000893984,4.403182522999253,809.1429230706034,79,58.9656010530269,True,0.029166666666666667,1080.0,85.70722463344865,96783.41501694662,0.005555555555555556,0.001388888888888889,0.0,1070.1050158625578,0,head_on,1.0,1.0,0.0,,,0.6666666666666666
head_on_0055,head_on,head_on,both_give_way,mpc,MPC,modelled,413.1386659127342,1141.5979854659165,11.507355690978986,11.424517162115793,container_feeder,container_feeder,power_driven,restricted,13473.656078852597,1.3704136774856484,179.22378598133497,490.2278769067384,1.929558032315442,False,True,False,-1.3764483874788842,1.6143380010520223,280.39948386300694,48,29.700142288119668,True,0.008333333333333333,1220.0,0.0,46612.98169459313,0.013888888888888888,0.0,0.013888888888888888,1206.5151349759703,0,head_on,0.0,0.0,0.0,,,0.0
head_on_0056,head_on,head_on,both_give_way,no_action,No action (baseline),modelled,34.931115083452255,923.7399979668072,13.854902671214617,8.594314505554195,coastal_tanker,container_feeder,power_driven,good,10668.107021417267,-0.014568306863549938,179.47189721977708,37.8408212495564,0.20081646922235405,False,False,True,-8.092714184182462e-13,8.092714184182462e-13,0.0,0,0.0,True,0.09722222222222222,795.0,128.73999796679874,35558.578185832666,0.05694444444444444,0.0,0.004166666666666667,1276.0873590378555,0,head_on,0.0,0.0,0.0,,,0.0
head_on_0056,head_on,head_on,both_give_way,rule_based,Rule-based COLREGS,modelled,34.931115083452255,923.7399979668072,13.854902671214617,8.594314505554195,coastal_tanker,container_feeder,power_driven,good,10668.107021417267,-0.014568306863549938,179.47189721977708,992.9282208673048,4.288922647893884,True,True,False,-0.182195049632303,1.534725384356794,1291.8931795086694,52,34.958172269309586,True,0.008333333333333333,1240.0,0.0,42502.249468076254,0.05416666666666667,0.002777777777777778,0.0,2611.3234359066496,0,head_on,1.0,1.0,0.0,,,0.6666666666666666
head_on_0056,head_on,head_on,both_give_way,velocity_obstacle,Velocity obstacle,modelled,34.931115083452255,923.7399979668072,13.854902671214617,8.594314505554195,coastal_tanker,container_feeder,power_driven,good,10668.107021417267,-0.014568306863549938,179.47189721977708,707.8640307888345,2.687778851495881,False,True,False,-2.943947773490996,4.713861461350541,1093.7548317790336,84,59.470481010943054,True,0.0125,1230.0,0.0,32292.592390233272,0.6583333333333333,0.002777777777777778,0.6486111111111111,1161.3590585989427,0,head_on,1.0,1.0,0.0,,,0.6666666666666666
head_on_0056,head_on,head_on,both_give_way,mpc,MPC,modelled,34.931115083452255,923.7399979668072,13.854902671214617,8.594314505554195,coastal_tanker,container_feeder,power_driven,good,10668.107021417267,-0.014568306863549938,179.47189721977708,982.9179153894424,4.474412203529263,True,True,False,-0.1447319369788815,1.3410399485486435,1240.5561460640392,53,33.96197172266742,True,0.005555555555555556,1230.0,0.0,27519.69221404157,0.7305555555555555,0.0,0.725,1510.9395779672705,0,head_on,1.0,1.0,0.0,,,0.6666666666666666
head_on_0057,head_on,head_on,give_way,no_action,No action (baseline),modelled,173.96970997065176,1290.5350955765025,13.622913295865963,14.00393902353778,vlcc,vlcc,fishing,moderate,18337.84933855059,0.768677368636377,182.58878180528166,174.13577184357294,0.32973919014256936,False,False,True,-9.963270563086884e-13,9.963270563086884e-13,0.0,0,0.0,True,0.09166666666666666,1170.0,120.53509557650592,45613.33939578763,0.0,0.0,0.0,1022.3743141471588,0,head_on,0.0,0.0,0.0,,,0.0
head_on_0057,head_on,head_on,give_way,rule_based,Rule-based COLREGS,modelled,173.96970997065176,1290.5350955765025,13.622913295865963,14.00393902353778,vlcc,vlcc,fishing,moderate,18337.84933855059,0.768677368636377,182.58878180528166,625.2980018411065,1.013454891284288,False,True,False,-2.522137949404828,3.3597689551816026,850.1572520247046,90,36.764085356474226,True,0.05694444444444444,1175.0,140.98904633910004,81109.15616627765,0.0,0.0,0.0,1214.627427033663,0,head_on,1.0,1.0,0.0,,,0.6666666666666666
head_on_0057,head_on,head_on,give_way,velocity_obstacle,Velocity obstacle,modelled,173.96970997065176,1290.5350955765025,13.622913295865963,14.00393902353778,vlcc,vlcc,fishing,moderate,18337.84933855059,0.768677368636377,182.58878180528166,704.3021620721886,1.1038317093585541,False,True,False,-6.271599578958424,9.396968955518746,1709.8678538353772,136,65.77292892867816,True,0.06666666666666667,1170.0,142.58561183666026,41461.298519978176,0.0,0.0,0.0,931.0224018547681,0,head_on,1.0,1.0,0.0,,,0.6666666666666666
head_on_0057,head_on,head_on,give_way,mpc,MPC,modelled,173.96970997065176,1290.5350955765025,13.622913295865963,14.00393902353778,vlcc,vlcc,fishing,moderate,18337.84933855059,0.768677368636377,182.58878180528166,832.8612015479639,1.2492157287162744,False,True,False,-4.028380928843087,6.838968143346596,1714.9297899529663,129,61.04632079499051,True,0.06666666666666667,1145.0,153.77621246890877,45613.40100926747,0.0,0.0,0.0,998.8192716107437,0,head_on,1.0,1.0,0.0,,,0.6666666666666666
head_on_0058,head_on,head_on,both_give_way,no_action,No action (baseline),modelled,610.8727194225618,626.0747321717063,10.594142840580787,12.97115774615104,coastal_tanker,vlcc,power_driven,good,7614.257121748769,4.125644975304065,179.13523601087016,611.0116406997209,3.470944924730676,False,True,False,-1.1140591556856031e-13,1.1140591556856031e-13,0.0,0,0.0,True,0.1111111111111111,395.0,231.0747321717049,44736.82439107405,0.4527777777777778,0.0,0.375,1465.9581483218792,0,head_on,0.0,0.0,0.0,,,0.0
head_on_0058,head_on,head_on,both_give_way,rule_based,Rule-based COLREGS,modelled,610.8727194225618,626.0747321717063,10.594142840580787,12.97115774615104,coastal_tanker,vlcc,power_driven,good,7614.257121748769,4.125644975304065,179.13523601087016,951.0542588415227,3.9007353766306516,True,True,False,-0.4652471267460352,4.612665138181622,1713.9037903644426,79,59.5345596277506,True,0.058333333333333334,870.0,0.0,25198.21925020906,0.31527777777777777,0.0,0.2652777777777778,1484.0325583813556,0,head_on,1.0,1.0,0.0,,,0.6666666666666666
head_on_0058,head_on,head_on,both_give_way,velocity_obstacle,Velocity obstacle,modelled,610.8727194225618,626.0747321717063,10.594142840580787,12.97115774615104,coastal_tanker,vlcc,power_driven,good,7614.257121748769,4.125644975304065,179.13523601087016,274.31406070249557,1.54989703046594,False,True,False,-0.13800337555199652,0.386140194357984,338.82832472727813,38,20.19815500151356,True,0.15138888888888888,360.0,273.2419572379991,32431.616325595813,0.6208333333333333,0.002777777777777778,0.5472222222222223,1472.320203900325,0,head_on,1.0,0.0,0.0,,,0.3333333333333333
head_on_0058,head_on,head_on,both_give_way,mpc,MPC,modelled,610.8727194225618,626.0747321717063,10.594142840580787,12.97115774615104,coastal_tanker,vlcc,power_driven,good,7614.257121748769,4.125644975304065,179.13523601087016,391.5094113264517,2.2208000163221078,False,True,False,-0.27635961628173805,0.43104071374769665,226.6011843398603,34,19.019814145792722,True,0.1486111111111111,350.0,283.81918717561996,32917.69058119926,0.32222222222222224,0.001388888888888889,0.2361111111111111,1595.725693966165,0,head_on,1.0,0.0,1.0,,,0.6666666666666666
head_on_0059,head_on,head_on,both_give_way,no_action,No action (baseline),modelled,1227.3616844906953,1253.4320213931069,9.933827613374476,15.14697332979858,container_feeder,handysize_bulker,power_driven,restricted,16219.013368893884,-4.615226565132911,179.54421280908343,1227.528409722324,5.1140299510865885,True,True,False,-1.108904724513884e-12,1.108904724513884e-12,0.0,0,0.0,True,0.0,,,,0.0,0.0,0.0,,0,head_on,0.0,0.0,0.0,,,0.0
head_on_0059,head_on,head_on,both_give_way,rule_based,Rule-based COLREGS,modelled,1227.3616844906953,1253.4320213931069,9.933827613374476,15.14697332979858,container_feeder,handysize_bulker,power_driven,restricted,16219.013368893884,-4.615226565132911,179.54421280908343,1227.528409722324,5.1140299510865885,True,True,False,-1.108904724513884e-12,1.108904724513884e-12,0.0,0,0.0,True,0.0,,,,0.0,0.0,0.0,,0,head_on,0.0,0.0,0.0,,,0.0
head_on_0059,head_on,head_on,both_give_way,velocity_obstacle,Velocity obstacle,modelled,1227.3616844906953,1253.4320213931069,9.933827613374476,15.14697332979858,container_feeder,handysize_bulker,power_driven,restricted,16219.013368893884,-4.615226565132911,179.54421280908343,1227.528409722324,5.1140299510865885,True,True,False,-1.108904724513884e-12,1.108904724513884e-12,0.0,0,0.0,True,0.0,,,,0.0,0.0,0.0,,0,head_on,0.0,0.0,0.0,,,0.0
head_on_0059,head_on,head_on,both_give_way,mpc,MPC,modelled,1227.3616844906953,1253.4320213931069,9.933827613374476,15.14697332979858,container_feeder,handysize_bulker,power_driven,restricted,16219.013368893884,-4.615226565132911,179.54421280908343,1227.528409722324,5.1140299510865885,True,True,False,-1.108904724513884e-12,1.108904724513884e-12,0.0,0,0.0,True,0.0,,,,0.0,0.0,0.0,,0,head_on,0.0,0.0,0.0,,,0.0
head_on_0060,head_on,head_on,give_way,no_action,No action (baseline),modelled,131.9509567397209,848.5054415685173,15.939207126983142,15.007450569870786,handysize_bulker,handysize_bulker,fishing,good,13505.554260134986,-0.7203646804923405,177.36018406950149,134.07797408584767,0.45760327015156965,False,False,True,-3.085290915602776e-13,3.085290915602776e-13,0.0,0,0.0,True,0.07083333333333333,770.0,78.50544156851466,59929.834803801474,0.0,0.0,0.0,1389.415655859409,0,head_on,0.0,0.0,0.0,,,0.0
head_on_0060,head_on,head_on,give_way,rule_based,Rule-based COLREGS,modelled,131.9509567397209,848.5054415685173,15.939207126983142,15.007450569870786,handysize_bulker,handysize_bulker,fishing,good,13505.554260134986,-0.7203646804923405,177.36018406950149,617.9463866864124,1.9896957386552023,False,True,False,-1.8340615315132023,2.297269507789477,748.9679775290854,81,25.44744939940394,True,0.027777777777777776,925.0,0.0,37372.13341311498,0.0,0.0,0.0,1581.9726860399178,0,head_on,0.0,0.0,0.0,,,0.0
head_on_0060,head_on,head_on,give_way,velocity_obstacle,Velocity obstacle,modelled,131.9509567397209,848.5054415685173,15.939207126983142,15.007450569870786,handysize_bulker,handysize_bulker,fishing,good,13505.554260134986,-0.7203646804923405,177.36018406950149,690.9750069142935,1.726877643242523,False,True,False,-2.4547902592926407,4.424562302340422,1413.115082536414,87,60.31813090380636,True,0.05694444444444444,895.0,0.0,57263.34201518779,0.0,0.0,0.0,1349.910272806671,0,head_on,1.0,1.0,0.0,,,0.6666666666666666
head_on_0060,head_on,head_on,give_way,mpc,MPC,modelled,131.9509567397209,848.5054415685173,15.939207126983142,15.007450569870786,handysize_bulker,handysize_bulker,fishing,good,13505.554260134986,-0.7203646804923405,177.36018406950149,754.8263547104347,2.042377544968313,False,True,False,-0.7229188454182292,2.133990685363244,1317.517029128412,67,45.77559674967757,True,0.02638888888888889,915.0,0.0,110372.04439579142,0.0,0.0,0.0,1501.5739680180109,0,head_on,1.0,1.0,0.0,,,0.6666666666666666
head_on_0061,head_on,head_on,give_way,no_action,No action (baseline),modelled,1294.2458611796098,840.9643428294871,15.632334540709845,8.971030417299971,container_feeder,vlcc,fishing,good,10716.746039137595,5.499747788644238,176.05923244986894,1294.3033517145293,5.36589988170184,True,True,False,5.410874250105547e-13,-5.410874250105547e-13,0.0,0,0.0,False,0.05555555555555555,490.0,350.96434282949076,70402.75781365302,0.0,0.0,0.0,1372.9478004990663,0,head_on,0.0,0.0,0.0,,,0.0
head_on_0061,head_on,head_on,give_way,rule_based,Rule-based COLREGS,modelled,1294.2458611796098,840.9643428294871,15.632334540709845,8.971030417299971,container_feeder,vlcc,fishing,good,10716.746039137595,5.499747788644238,176.05923244986894,121.37371137710089,0.4824081064507122,False,False,True,-0.8855744463465234,3.0465334763171734,1473.2102190024532,78,70.29759794422745,True,0.12361111111111112,575.0,276.40700994989146,56712.047647503954,0.0,0.0,0.0,1287.3764149576537,0,head_on,1.0,1.0,0.0,,,0.6666666666666666
head_on_0061,head_on,head_on,give_way,velocity_obstacle,Velocity obstacle,modelled,1294.2458611796098,840.9643428294871,15.632334540709845,8.971030417299971,container_feeder,vlcc,fishing,good,10716.746039137595,5.499747788644238,176.05923244986894,1294.3033517145293,5.36589988170184,True,True,False,5.410874250105547e-13,-5.410874250105547e-13,0.0,0,0.0,False,0.05694444444444444,495.0,345.96434282949076,64773.30250321083,0.0,0.0,0.0,2317.1837113008555,0,head_on,0.0,0.0,0.0,,,0.0
head_on_0061,head_on,head_on,give_way,mpc,MPC,modelled,1294.2458611796098,840.9643428294871,15.632334540709845,8.971030417299971,container_feeder,vlcc,fishing,good,10716.746039137595,5.499747788644238,176.05923244986894,724.7323484745923,1.8351555033771096,False,True,False,-0.5664210558328866,3.6844783523650952,2637.108215738481,108,50.358980393310304,True,0.08055555555555556,575.0,277.0749376861465,51169.974019887035,0.0,0.0,0.0,1391.357367052642,0,head_on,1.0,1.0,1.0,,,1.0
head_on_0062,head_on,head_on,both_give_way,no_action,No action (baseline),modelled,1029.1493065840882,1783.1562278168365,14.547928575299839,9.264910491430314,coastal_tanker,coastal_tanker,power_driven,moderate,21865.835960995297,1.9733590165627555,178.13821335727286,1029.3970739480797,5.841638248488008,True,True,False,6.490272078035332e-13,-6.490272078035332e-13,0.0,0,0.0,True,0.0,,,,0.0,0.0,0.0,,0,head_on,0.0,0.0,0.0,,,0.0
head_on_0062,head_on,head_on,both_give_way,rule_based,Rule-based COLREGS,modelled,1029.1493065840882,1783.1562278168365,14.547928575299839,9.264910491430314,coastal_tanker,coastal_tanker,power_driven,moderate,21865.835960995297,1.9733590165627555,178.13821335727286,1029.3970739480797,5.841638248488008,True,True,False,6.490272078035332e-13,-6.490272078035332e-13,0.0,0,0.0,True,0.0,,,,0.0,0.0,0.0,,0,head_on,0.0,0.0,0.0,,,0.0
head_on_0062,head_on,head_on,both_give_way,velocity_obstacle,Velocity obstacle,modelled,1029.1493065840882,1783.1562278168365,14.547928575299839,9.264910491430314,coastal_tanker,coastal_tanker,power_driven,moderate,21865.835960995297,1.9733590165627555,178.13821335727286,1029.3970739480797,5.841638248488008,True,True,False,-0.706774547951065,1.3169509168229636,637.0738869711885,56,47.03874476423981,True,0.001388888888888889,,,7692.14650656004,0.018055555555555554,0.0,0.018055555555555554,4967.5402430317845,0,head_on,1.0,1.0,0.0,,,0.6666666666666666
head_on_0062,head_on,head_on,both_give_way,mpc,MPC,modelled,1029.1493065840882,1783.1562278168365,14.547928575299839,9.264910491430314,coastal_tanker,coastal_tanker,power_driven,moderate,21865.835960995297,1.9733590165627555,178.13821335727286,1029.3970739480797,5.841638248488008,True,True,False,6.490272078035332e-13,-6.490272078035332e-13,0.0,0,0.0,True,0.001388888888888889,,,6332.902869441226,0.10694444444444444,0.0,0.10694444444444444,6615.763616885099,0,head_on,0.0,0.0,0.0,,,0.0
head_on_0063,head_on,head_on,both_give_way,no_action,No action (baseline),modelled,1362.278512736115,1425.6103542502883,13.672359491044284,15.74930902801837,coastal_tanker,coastal_tanker,power_driven,good,21609.46208125497,5.603884832930145,183.71657486011404,1362.3098037689226,7.721987872563339,True,True,False,-1.1797587565208038e-12,1.1797587565208038e-12,0.0,0,0.0,True,0.002777777777777778,,,17914.90151829972,0.5069444444444444,0.0,0.5069444444444444,4037.082952071327,0,head_on,0.0,0.0,0.0,,,0.0
head_on_0063,head_on,head_on,both_give_way,rule_based,Rule-based COLREGS,modelled,1362.278512736115,1425.6103542502883,13.672359491044284,15.74930902801837,coastal_tanker,coastal_tanker,power_driven,good,21609.46208125497,5.603884832930145,183.71657486011404,1362.3098037689226,7.721987872563339,True,True,False,-1.1797587565208038e-12,1.1797587565208038e-12,0.0,0,0.0,True,0.001388888888888889,,,14193.051126290493,0.1,0.0,0.1,6339.530947283179,0,head_on,0.0,0.0,0.0,,,0.0
head_on_0063,head_on,head_on,both_give_way,velocity_obstacle,Velocity obstacle,modelled,1362.278512736115,1425.6103542502883,13.672359491044284,15.74930902801837,coastal_tanker,coastal_tanker,power_driven,good,21609.46208125497,5.603884832930145,183.71657486011404,1362.3098037689226,7.721987872563339,True,True,False,-1.1797587565208038e-12,1.1797587565208038e-12,0.0,0,0.0,True,0.0,,,,0.0,0.0,0.0,,0,head_on,0.0,0.0,0.0,,,0.0
head_on_0063,head_on,head_on,both_give_way,mpc,MPC,modelled,1362.278512736115,1425.6103542502883,13.672359491044284,15.74930902801837,coastal_tanker,coastal_tanker,power_driven,good,21609.46208125497,5.603884832930145,183.71657486011404,1362.3098037689226,7.721987872563339,True,True,False,-1.1797587565208038e-12,1.1797587565208038e-12,0.0,0,0.0,True,0.0,,,,0.0,0.0,0.0,,0,head_on,0.0,0.0,0.0,,,0.0
head_on_0064,head_on,head_on,both_give_way,no_action,No action (baseline),modelled,957.6515661542311,712.84426567559,13.736184477856403,11.983348102361216,vlcc,vlcc,power_driven,good,9475.404188361681,-4.067115883268042,183.72067159574394,958.0757987175228,1.8080608143380286,True,True,False,1.1026747665817358e-12,-1.1026747665817358e-12,0.0,0,0.0,True,0.0875,450.0,262.8442656755916,69548.77367127995,0.29583333333333334,0.03194444444444444,0.25972222222222224,1297.8745870780476,0,head_on,0.0,0.0,0.0,,,0.0
head_on_0064,head_on,head_on,both_give_way,rule_based,Rule-based COLREGS,modelled,957.6515661542311,712.84426567559,13.736184477856403,11.983348102361216,vlcc,vlcc,power_driven,good,9475.404188361681,-4.067115883268042,183.72067159574394,1837.336642088829,2.8856146213230813,True,True,False,-2.025481609585257,3.6720987548932515,1461.0153592828585,88,38.410899184759,True,0.02361111111111111,430.0,304.33496166021166,48288.510423962005,0.725,0.06527777777777778,0.6486111111111111,1200.4264223233445,0,head_on,1.0,1.0,0.0,,,0.6666666666666666
head_on_0064,head_on,head_on,both_give_way,velocity_obstacle,Velocity obstacle,modelled,957.6515661542311,712.84426567559,13.736184477856403,11.983348102361216,vlcc,vlcc,power_driven,good,9475.404188361681,-4.067115883268042,183.72067159574394,958.0757987175228,1.8080608143380286,True,True,False,1.1026747665817358e-12,-1.1026747665817358e-12,0.0,0,0.0,True,0.07361111111111111,380.0,332.84426567559143,48523.23999743913,0.8236111111111111,0.044444444444444446,0.7555555555555555,1648.8327410017284,0,head_on,0.0,0.0,0.0,,,0.0
head_on_0064,head_on,head_on,both_give_way,mpc,MPC,modelled,957.6515661542311,712.84426567559,13.736184477856403,11.983348102361216,vlcc,vlcc,power_driven,good,9475.404188361681,-4.067115883268042,183.72067159574394,1163.082207015435,2.2013191531436913,True,True,False,-1.0102765370096654,1.067363138493928,209.8827272221183,51,11.499591139492445,True,0.06388888888888888,440.0,293.98493662636776,181603.20161097607,0.22361111111111112,0.0,0.20416666666666666,1514.1920457799135,0,head_on,1.0,0.0,0.0,,,0.3333333333333333
head_on_0065,head_on,head_on,both_give_way,no_action,No action (baseline),modelled,216.15536238750155,1764.3566708917433,10.355518219834604,11.164557880127596,container_feeder,vlcc,power_driven,good,19533.909726759066,0.32013037200847466,179.39495183123736,216.2726642677014,0.9005891393223612,False,False,True,7.598204537032247e-14,-7.598204537032247e-14,0.0,0,0.0,True,0.17777777777777778,1485.0,279.35667089174666,18175.53738485372,0.11805555555555555,0.0,0.001388888888888889,893.9646941839542,0,head_on,0.0,0.0,0.0,,,0.0
head_on_0065,head_on,head_on,both_give_way,rule_based,Rule-based COLREGS,modelled,216.15536238750155,1764.3566708917433,10.355518219834604,11.164557880127596,container_feeder,vlcc,power_driven,good,19533.909726759066,0.32013037200847466,179.39495183123736,408.5743945532764,1.698887372575928,False,True,False,-1.5342908363699985,1.627866970133752,189.8388228421591,62,16.0949798465239,True,0.16527777777777777,1440.0,371.87916709238874,15295.494763539524,0.08472222222222223,0.0,0.019444444444444445,924.703675353653,0,head_on,0.0,0.0,0.0,,,0.0
head_on_0065,head_on,head_on,both_give_way,velocity_obstacle,Velocity obstacle,modelled,216.15536238750155,1764.3566708917433,10.355518219834604,11.164557880127596,container_feeder,vlcc,power_driven,good,19533.909726759066,0.32013037200847466,179.39495183123736,1086.366119201852,3.740213996846798,True,True,False,-0.771862223815151,2.7322466185382015,1535.7934211743395,105,36.438752753008636,True,0.04861111111111111,1425.0,357.9346175681556,20805.675880315248,0.5,0.009722222222222222,0.4722222222222222,698.5802731671226,0,head_on,1.0,1.0,1.0,,,1.0
head_on_0065,head_on,head_on,both_give_way,mpc,MPC,modelled,216.15536238750155,1764.3566708917433,10.355518219834604,11.164557880127596,container_feeder,vlcc,power_driven,good,19533.909726759066,0.32013037200847466,179.39495183123736,1434.0764690993444,5.878689282418156,True,True,False,-0.5328762275712131,1.950889014716971,1663.9421298776083,66,20.00000066177621,True,0.029166666666666667,2065.0,0.0,32526.81110934109,0.725,0.0,0.7152777777777778,2121.7049782588842,0,head_on,1.0,0.0,1.0,,,0.6666666666666666
head_on_0066,head_on,head_on,both_give_way,no_action,No action (baseline),modelled,1376.6997667055211,727.7676976388277,15.120546210645355,13.620098851557955,handysize_bulker,vlcc,power_driven,good,10845.102972651726,8.580325840896052,182.71666262711526,1377.0951341530638,4.772436740485554,True,True,False,-1.2488968759481205e-12,1.2488968759481205e-12,0.0,0,0.0,True,0.04722222222222222,445.0,282.7676976388306,184604.75200497673,0.6166666666666667,0.005555555555555556,0.575,1458.0703188508387,0,head_on,0.0,0.0,0.0,,,0.0
head_on_0066,head_on,head_on,both_give_way,rule_based,Rule-based COLREGS,modelled,1376.6997667055211,727.7676976388277,15.120546210645355,13.620098851557955,handysize_bulker,vlcc,power_driven,good,10845.102972651726,8.580325840896052,182.71666262711526,1377.0951341530638,4.772436740485554,True,True,False,-1.2488968759481205e-12,1.2488968759481205e-12,0.0,0,0.0,True,0.044444444444444446,460.0,267.76769763883055,43219.28773915388,0.5902777777777778,0.0,0.5625,1385.2892538798437,0,head_on,0.0,0.0,0.0,,,0.0
head_on_0066,head_on,head_on,both_give_way,velocity_obstacle,Velocity obstacle,modelled,1376.6997667055211,727.7676976388277,15.120546210645355,13.620098851557955,handysize_bulker,vlcc,power_driven,good,10845.102972651726,8.580325840896052,182.71666262711526,1377.0951341530638,4.772436740485554,True,True,False,-1.2488968759481205e-12,1.2488968759481205e-12,0.0,0,0.0,True,0.044444444444444446,465.0,262.76769763883044,71621.09371520794,0.4736111111111111,0.0,0.44166666666666665,1426.3764772079608,0,head_on,0.0,0.0,0.0,,,0.0
head_on_0066,head_on,head_on,both_give_way,mpc,MPC,modelled,1376.6997667055211,727.7676976388277,15.120546210645355,13.620098851557955,handysize_bulker,vlcc,power_driven,good,10845.102972651726,8.580325840896052,182.71666262711526,1377.0951341530638,4.772436740485554,True,True,False,-1.2488968759481205e-12,1.2488968759481205e-12,0.0,0,0.0,True,0.03333333333333333,510.0,217.76769763883024,58583.23619720405,0.48194444444444445,0.0,0.48055555555555557,1378.5488082904865,0,head_on,0.0,0.0,0.0,,,0.0
head_on_0067,head_on,head_on,both_give_way,no_action,No action (baseline),modelled,546.3489128636638,958.178375316551,9.26555133409377,10.23606624178992,handysize_bulker,vlcc,power_driven,good,9627.1239978816,2.2575955448029297,178.1029277426636,546.65440198365,1.896092068562233,False,True,False,-9.3412336678678e-13,9.3412336678678e-13,0.0,0,0.0,True,0.16111111111111112,595.0,363.17837531654806,20881.33694357321,0.29305555555555557,0.0,0.1736111111111111,1264.4430098655862,0,head_on,0.0,0.0,0.0,,,0.0
head_on_0067,head_on,head_on,both_give_way,rule_based,Rule-based COLREGS,modelled,546.3489128636638,958.178375316551,9.26555133409377,10.23606624178992,handysize_bulker,vlcc,power_driven,good,9627.1239978816,2.2575955448029297,178.1029277426636,472.74145289735327,1.6411017734332998,False,True,False,-2.372936800110282,4.61238820105231,1037.7582337411782,106,56.08105024158649,True,0.09166666666666666,1120.0,0.0,16244.418417647383,0.43472222222222223,0.0,0.375,1651.8864723324846,0,head_on,1.0,1.0,0.0,,,0.6666666666666666
head_on_0067,head_on,head_on,both_give_way,velocity_obstacle,Velocity obstacle,modelled,546.3489128636638,958.178375316551,9.26555133409377,10.23606624178992,handysize_bulker,vlcc,power_driven,good,9627.1239978816,2.2575955448029297,178.1029277426636,257.4348123127043,0.8625198723173794,False,False,False,-8.39610758578353,9.123491947519067,682.2173830561878,166,36.429082766119855,True,0.18611111111111112,655.0,344.6308022039303,44361.10304783787,0.13055555555555556,0.001388888888888889,0.10138888888888889,1028.4018510083831,0,head_on,1.0,1.0,0.0,,,0.6666666666666666
head_on_0067,head_on,head_on,both_give_way,mpc,MPC,modelled,546.3489128636638,958.178375316551,9.26555133409377,10.23606624178992,handysize_bulker,vlcc,power_driven,good,9627.1239978816,2.2575955448029297,178.1029277426636,799.9274425338995,2.077546818537273,False,True,False,-2.693535556564958,6.573940840648093,1766.973667247745,134,53.67595010920232,True,0.09305555555555556,1080.0,0.0,21020.964980094883,0.5986111111111111,0.0,0.5875,1072.6604783764249,0,head_on,1.0,1.0,0.0,,,0.6666666666666666
head_on_0068,head_on,head_on,both_give_way,no_action,No action (baseline),modelled,114.25241569336575,1694.1518694992958,11.385167098493458,10.774347610869107,coastal_tanker,handysize_bulker,power_driven,good,19304.54653967909,2.0264089959617135,183.4702999187311,114.66041042403813,0.650703547343738,False,False,True,6.565488024773497e-13,-6.738264025425431e-13,0.0,0,0.0,True,0.1111111111111111,1565.0,129.151869499284,20911.61857410317,0.45555555555555555,0.0,0.42777777777777776,895.6282782604858,0,head_on,0.0,0.0,0.0,,,0.0
head_on_0068,head_on,head_on,both_give_way,rule_based,Rule-based COLREGS,modelled,114.25241569336575,1694.1518694992958,11.385167098493458,10.774347610869107,coastal_tanker,handysize_bulker,power_driven,good,19304.54653967909,2.0264089959617135,183.4702999187311,1495.8098099491333,7.159267981900411,True,True,False,-0.22955967652643378,3.310378976203913,2217.8912673714003,54,34.999977591103594,True,0.004166666666666667,,,13258.851376618613,0.5388888888888889,0.004166666666666667,0.4875,6157.784042177968,0,head_on,1.0,1.0,0.0,,,0.6666666666666666
head_on_0068,head_on,head_on,both_give_way,velocity_obstacle,Velocity obstacle,modelled,114.25241569336575,1694.1518694992958,11.385167098493458,10.774347610869107,coastal_tanker,handysize_bulker,power_driven,good,19304.54653967909,2.0264089959617135,183.4702999187311,763.0315638932385,3.664592963701417,False,True,False,-0.26437638678349146,1.8248177143880226,1270.138284595444,68,34.96725813243485,True,0.029166666666666667,1485.0,212.61579143844443,43561.57224005604,0.5597222222222222,0.004166666666666667,0.5458333333333333,1134.0751951184216,0,head_on,1.0,1.0,0.0,,,0.6666666666666666
head_on_0068,head_on,head_on,both_give_way,mpc,MPC,modelled,114.25241569336575,1694.1518694992958,11.385167098493458,10.774347610869107,coastal_tanker,handysize_bulker,power_driven,good,19304.54653967909,2.0264089959617135,183.4702999187311,995.0842987708777,5.193903892860362,True,True,False,-0.18474428128863032,1.5363654240154905,1207.894590084604,57,29.999809522682966,True,0.005555555555555556,2055.0,0.0,17317.176265362228,0.45555555555555555,0.0,0.4486111111111111,1486.8315577002604,0,head_on,1.0,0.0,0.0,,,0.3333333333333333
head_on_0069,head_on,head_on,both_give_way,no_action,No action (baseline),modelled,62.0406142522773,819.0858770714617,9.493662196031462,9.612225633224728,container_feeder,container_feeder,power_driven,good,8050.423564734458,-1.1109106700587699,178.6695442505668,62.68775204512532,0.2592836932268265,False,False,True,-1.0567182976191442e-12,1.0567182976191442e-12,0.0,0,0.0,True,0.11666666666666667,635.0,184.08587707146614,23869.19480355801,0.1875,0.025,0.15694444444444444,1299.4393851048014,0,head_on,0.0,0.0,0.0,,,0.0
head_on_0069,head_on,head_on,both_give_way,rule_based,Rule-based COLREGS,modelled,62.0406142522773,819.0858770714617,9.493662196031462,9.612225633224728,container_feeder,container_feeder,power_driven,good,8050.423564734458,-1.1109106700587699,178.6695442505668,810.4415421859741,2.519336650328135,False,True,False,-1.88234230285602,3.9425657468462756,877.7681261765108,87,63.35514304680543,True,0.0125,1085.0,0.0,51558.76092180573,0.6847222222222222,0.002777777777777778,0.675,1276.56078133534,0,head_on,1.0,1.0,0.0,,,0.6666666666666666
head_on_0069,head_on,head_on,both_give_way,velocity_obstacle,Velocity obstacle,modelled,62.0406142522773,819.0858770714617,9.493662196031462,9.612225633224728,container_feeder,container_feeder,power_driven,good,8050.423564734458,-1.1109106700587699,178.6695442505668,769.8275270950323,2.378625629071338,False,True,False,-4.014195615403695,6.984676914235449,1122.769287874497,90,61.98566561003384,True,0.05138888888888889,905.0,0.0,25294.95818108565,0.24722222222222223,0.022222222222222223,0.2222222222222222,1262.1152740236905,0,head_on,1.0,1.0,0.0,,,0.6666666666666666
head_on_0069,head_on,head_on,both_give_way,mpc,MPC,modelled,62.0406142522773,819.0858770714617,9.493662196031462,9.612225633224728,container_feeder,container_feeder,power_driven,good,8050.423564734458,-1.1109106700587699,178.6695442505668,1113.7471192999833,4.63825431510687,True,True,False,-0.8907906619209635,2.3859318254727575,1056.4762020391456,85,36.50870608870958,True,0.004166666666666667,,,34054.5886268972,0.6847222222222222,0.0,0.675,2168.588794075989,0,head_on,1.0,1.0,1.0,,,1.0
head_on_0070,head_on,head_on,both_give_way,no_action,No action (baseline),modelled,93.89915254311398,1782.8820802170371,12.513368602520504,8.03428641260437,handysize_bulker,handysize_bulker,power_driven,good,18846.209124238336,0.4993818330586322,180.54707702658612,96.53108712748173,0.3278914538236492,False,False,True,-6.287942761105798e-14,6.287942761105798e-14,0.0,0,0.0,True,0.12777777777777777,1615.0,167.88208021702306,15520.347721804348,0.225,0.0,0.16527777777777777,645.97536720673,0,head_on,0.0,0.0,0.0,,,0.0
head_on_0070,head_on,head_on,both_give_way,rule_based,Rule-based COLREGS,modelled,93.89915254311398,1782.8820802170371,12.513368602520504,8.03428641260437,handysize_bulker,handysize_bulker,power_driven,good,18846.209124238336,0.4993818330586322,180.54707702658612,917.7331399676574,1.9865004741998777,False,True,False,-1.5025236708311356,4.032639685209482,1342.7482006384228,88,55.29040180533991,True,0.018055555555555554,2130.0,0.0,27933.439780450353,0.41388888888888886,0.0,0.4,722.9710998870555,0,head_on,1.0,1.0,0.0,,,0.6666666666666666
head_on_0070,head_on,head_on,both_give_way,velocity_obstacle,Velocity obstacle,modelled,93.89915254311398,1782.8820802170371,12.513368602520504,8.03428641260437,handysize_bulker,handysize_bulker,power_driven,good,18846.209124238336,0.4993818330586322,180.54707702658612,813.2684301470719,2.4811647601196114,False,True,False,-0.27905326523914775,1.2645252151639716,1244.6832979981452,73,25.018978610885167,True,0.011111111111111112,2055.0,0.0,11868.725120582101,0.12916666666666668,0.0,0.11805555555555555,838.0781691898707,0,head_on,1.0,0.0,0.0,,,0.3333333333333333
head_on_0070,head_on,head_on,both_give_way,mpc,MPC,modelled,93.89915254311398,1782.8820802170371,12.513368602520504,8.03428641260437,handysize_bulker,handysize_bulker,power_driven,good,18846.209124238336,0.4993818330586322,180.54707702658612,617.4862024777585,1.942083199675531,False,True,False,-1.1789779869464774,1.964041853963486,1005.8974851699859,60,30.49697592041292,True,0.04583333333333333,1890.0,0.0,17398.06103646518,0.5736111111111111,0.005555555555555556,0.5625,1047.4650693245992,0,head_on,1.0,1.0,0.0,,,0.6666666666666666
head_on_0071,head_on,head_on,both_give_way,no_action,No action (baseline),modelled,864.1061924398933,696.2522833219072,11.278155188688226,13.718692195671697,handysize_bulker,container_feeder,power_driven,good,8990.725111785889,-7.483896746868922,176.41304606707388,864.2560905775829,2.99420132661672,False,True,False,-9.767260858430056e-13,9.767260858430056e-13,0.0,0,0.0,True,0.0125,540.0,156.25228332190608,39258.98836273631,0.7708333333333334,0.0,0.7708333333333334,1433.2108200492705,0,head_on,0.0,0.0,0.0,,,0.0
head_on_0071,head_on,head_on,both_give_way,rule_based,Rule-based COLREGS,modelled,864.1061924398933,696.2522833219072,11.278155188688226,13.718692195671697,handysize_bulker,container_feeder,power_driven,good,8990.725111785889,-7.483896746868922,176.41304606707388,1241.7131571556954,3.6809697962126293,True,True,False,-0.8208166199214424,1.9562120561867347,882.3537425567721,62,35.475853947465865,True,0.011111111111111112,795.0,0.0,58963.45675248465,0.8055555555555556,0.0,0.8055555555555556,1579.3935652205078,0,head_on,1.0,1.0,0.0,,,0.6666666666666666
head_on_0071,head_on,head_on,both_give_way,velocity_obstacle,Velocity obstacle,modelled,864.1061924398933,696.2522833219072,11.278155188688226,13.718692195671697,handysize_bulker,container_feeder,power_driven,good,8990.725111785889,-7.483896746868922,176.41304606707388,977.1582500562118,3.297466291046753,True,True,False,-0.09576208207000382,0.15976881271228882,196.42139779061128,36,10.09435837808896,True,0.016666666666666666,530.0,166.3929644951522,39322.74250778215,0.18055555555555555,0.0,0.17777777777777778,1362.3071435198044,0,head_on,1.0,0.0,0.0,,,0.3333333333333333
head_on_0071,head_on,head_on,both_give_way,mpc,MPC,modelled,864.1061924398933,696.2522833219072,11.278155188688226,13.718692195671697,handysize_bulker,container_feeder,power_driven,good,8990.725111785889,-7.483896746868922,176.41304606707388,864.2560905775829,2.99420132661672,False,True,False,-9.767260858430056e-13,9.767260858430056e-13,0.0,0,0.0,True,0.018055555555555554,830.0,0.0,109811.48995584542,0.7722222222222223,0.0,0.7722222222222223,1413.0517595479278,0,head_on,0.0,0.0,0.0,,,0.0
head_on_0072,head_on,head_on,both_give_way,no_action,No action (baseline),modelled,774.2105246911875,1574.9777227049904,15.120105711644857,12.498890120694025,vlcc,coastal_tanker,power_driven,moderate,22387.208892772334,-2.985718791986188,177.7816819526473,774.2105893707721,1.464627311341262,False,True,False,1.2099040960808565e-12,-1.2099040960808565e-12,0.0,0,0.0,True,0.004166666666666667,,,16971.60156896581,0.5875,0.0,0.5875,1731.2791374535257,0,head_on,0.0,0.0,0.0,,,0.0
head_on_0072,head_on,head_on,both_give_way,rule_based,Rule-based COLREGS,modelled,774.2105246911875,1574.9777227049904,15.120105711644857,12.498890120694025,vlcc,coastal_tanker,power_driven,moderate,22387.208892772334,-2.985718791986188,177.7816819526473,950.5683771994521,1.643173682045057,True,True,False,-2.03283921959345,2.8522401121824084,909.7392693833467,85,37.12199770088292,True,0.002777777777777778,,,21950.173497643795,0.5388888888888889,0.0,0.5388888888888889,1344.0364716746408,0,head_on,1.0,1.0,0.0,,,0.6666666666666666
head_on_0072,head_on,head_on,both_give_way,velocity_obstacle,Velocity obstacle,modelled,774.2105246911875,1574.9777227049904,15.120105711644857,12.498890120694025,vlcc,coastal_tanker,power_driven,moderate,22387.208892772334,-2.985718791986188,177.7816819526473,856.6823983427247,1.5799407420038074,False,True,False,-0.1493735403156378,0.2016311283649446,233.3519848201556,41,9.547219401886277,True,0.001388888888888889,,,7166.968803860936,0.06666666666666667,0.0,0.06666666666666667,6711.409883898962,0,head_on,1.0,0.0,0.0,,,0.3333333333333333
head_on_0072,head_on,head_on,both_give_way,mpc,MPC,modelled,774.2105246911875,1574.9777227049904,15.120105711644857,12.498890120694025,vlcc,coastal_tanker,power_driven,moderate,22387.208892772334,-2.985718791986188,177.7816819526473,774.2105893707721,1.464627311341262,False,True,False,-0.37335543420391987,0.386297351039099,92.91915774056875,20,5.941501562501368,True,0.002777777777777778,,,14136.88175808542,0.044444444444444446,0.0,0.044444444444444446,4184.077859169878,0,head_on,0.0,0.0,0.0,,,0.0
head_on_0073,head_on,head_on,both_give_way,no_action,No action (baseline),modelled,1268.7551505823783,1099.6649825331365,15.125442744987705,11.01516175128155,handysize_bulker,vlcc,power_driven,moderate,14842.463924486741,-4.798730320651257,180.24913225630135,1268.7631495116577,4.405359499980257,True,True,False,-1.1444515249257847e-12,1.1444515249257847e-12,0.0,0,0.0,True,0.004166666666666667,,,24147.173430196628,0.027777777777777776,0.0,0.027777777777777776,1951.9979925037856,0,head_on,0.0,0.0,0.0,,,0.0
head_on_0073,head_on,head_on,both_give_way,rule_based,Rule-based COLREGS,modelled,1268.7551505823783,1099.6649825331365,15.125442744987705,11.01516175128155,handysize_bulker,vlcc,power_driven,moderate,14842.463924486741,-4.798730320651257,180.24913225630135,1268.7631495116577,4.405359499980257,True,True,False,-1.1444515249257847e-12,1.1444515249257847e-12,0.0,0,0.0,True,0.009722222222222222,1310.0,0.0,147714.46357824412,0.7194444444444444,0.0,0.7194444444444444,1529.8094197567532,0,head_on,0.0,0.0,0.0,,,0.0
head_on_0073,head_on,head_on,both_give_way,velocity_obstacle,Velocity obstacle,modelled,1268.7551505823783,1099.6649825331365,15.125442744987705,11.01516175128155,handysize_bulker,vlcc,power_driven,moderate,14842.463924486741,-4.798730320651257,180.24913225630135,1573.9539008659926,5.462645666930977,True,True,False,-0.016222655988898188,0.06047887676194378,311.81714643088253,18,4.999975893990358,False,0.002777777777777778,,,18194.769395891508,0.14027777777777778,0.0,0.12222222222222222,5319.172845014694,0,head_on,0.0,0.0,0.0,,,0.0
head_on_0073,head_on,head_on,both_give_way,mpc,MPC,modelled,1268.7551505823783,1099.6649825331365,15.125442744987705,11.01516175128155,handysize_bulker,vlcc,power_driven,moderate,14842.463924486741,-4.798730320651257,180.24913225630135,1268.7631495116577,4.405359499980257,True,True,False,-1.1444515249257847e-12,1.1444515249257847e-12,0.0,0,0.0,True,0.006944444444444444,1290.0,0.0,39665.141384531635,0.6472222222222223,0.0,0.6472222222222223,1223.9045073423988,0,head_on,0.0,0.0,0.0,,,0.0
head_on_0074,head_on,head_on,both_give_way,no_action,No action (baseline),modelled,1.2831967413117207,630.7528251944545,15.14210018946465,10.934367835631429,container_feeder,container_feeder,power_driven,good,8460.025161188603,0.8947094226349455,182.15449119131222,10.178540459021612,0.01790934655203362,False,False,True,7.404769877683009e-13,-7.404769877683009e-13,0.0,0,0.0,True,0.07361111111111111,530.0,100.75282519445425,56871.437049861626,0.8722222222222222,0.0,0.8138888888888889,1583.4853947243746,0,head_on,0.0,0.0,0.0,,,0.0
head_on_0074,head_on,head_on,both_give_way,rule_based,Rule-based COLREGS,modelled,1.2831967413117207,630.7528251944545,15.14210018946465,10.934367835631429,container_feeder,container_feeder,power_driven,good,8460.025161188603,0.8947094226349455,182.15449119131222,28.452657835343313,0.048056814346975035,False,False,True,-0.7215923565186796,2.047140631727432,1063.2382620243213,77,34.932978357259806,True,0.08472222222222223,545.0,101.12455536303794,36693.212750691564,0.7625,0.0,0.7569444444444444,1525.3986726063695,0,head_on,1.0,1.0,0.0,,,0.6666666666666666
head_on_0074,head_on,head_on,both_give_way,velocity_obstacle,Velocity obstacle,modelled,1.2831967413117207,630.7528251944545,15.14210018946465,10.934367835631429,container_feeder,container_feeder,power_driven,good,8460.025161188603,0.8947094226349455,182.15449119131222,1209.8899838863847,5.041163000772807,True,True,False,-0.14438000263428025,1.0709428373413383,1217.0343448334318,66,29.61128997653542,True,0.004166666666666667,,,49778.715741292384,0.022222222222222223,0.0,0.013888888888888888,2395.7737843833693,0,head_on,1.0,0.0,0.0,,,0.3333333333333333
head_on_0074,head_on,head_on,both_give_way,mpc,MPC,modelled,1.2831967413117207,630.7528251944545,15.14210018946465,10.934367835631429,container_feeder,container_feeder,power_driven,good,8460.025161188603,0.8947094226349455,182.15449119131222,481.0725276480081,1.3810158581871594,False,True,False,-1.0821119639238415,2.345240142072282,942.0697240447982,75,55.92682184540299,True,0.044444444444444446,535.0,113.62404396936978,81435.80401268062,0.8347222222222223,0.006944444444444444,0.8138888888888889,1448.8408483827413,0,head_on,1.0,1.0,0.0,,,0.6666666666666666
head_on_0075,head_on,head_on,both_give_way,no_action,No action (baseline),modelled,598.6075292068683,1215.137408172771,9.51292110448837,12.022576655890889,handysize_bulker,coastal_tanker,power_driven,good,13468.042846468768,-4.704953135307467,176.1354894214368,598.6094627401718,2.0738444340774684,False,True,False,1.2820371809918813e-12,-1.2820371809918813e-12,0.0,0,0.0,True,0.015277777777777777,1315.0,0.0,22982.030830571184,0.19166666666666668,0.015277777777777777,0.1388888888888889,1313.0814158441317,0,head_on,0.0,0.0,0.0,,,0.0
head_on_0075,head_on,head_on,both_give_way,rule_based,Rule-based COLREGS,modelled,598.6075292068683,1215.137408172771,9.51292110448837,12.022576655890889,handysize_bulker,coastal_tanker,power_driven,good,13468.042846468768,-4.704953135307467,176.1354894214368,802.3382233782862,2.458119981129743,False,True,False,-1.1424074372322492,1.9970038253155897,589.1610644307053,71,36.352793883005134,True,0.0125,1295.0,0.0,40529.37065095897,0.3472222222222222,0.0,0.3472222222222222,1298.3218396522154,0,head_on,1.0,1.0,0.0,,,0.6666666666666666
head_on_0075,head_on,head_on,both_give_way,velocity_obstacle,Velocity obstacle,modelled,598.6075292068683,1215.137408172771,9.51292110448837,12.022576655890889,handysize_bulker,coastal_tanker,power_driven,good,13468.042846468768,-4.704953135307467,176.1354894214368,1229.962202605719,3.4839846800467105,True,True,False,-1.0730722719520134,2.2304492099193216,716.8241059628812,82,40.88899927447239,True,0.004166666666666667,,,17516.229387546264,0.013888888888888888,0.0,0.004166666666666667,1342.9911733894578,0,head_on,1.0,1.0,0.0,,,0.6666666666666666
head_on_0075,head_on,head_on,both_give_way,mpc,MPC,modelled,598.6075292068683,1215.137408172771,9.51292110448837,12.022576655890889,handysize_bulker,coastal_tanker,power_driven,good,13468.042846468768,-4.704953135307467,176.1354894214368,661.3442281371922,2.2911269344644833,False,True,False,-0.3367852872120914,0.3544880048687814,65.02875354278343,27,7.53981920411366,True,0.011111111111111112,1350.0,0.0,59545.06489673557,0.6291666666666667,0.0,0.6291666666666667,1205.9127947403406,0,head_on,1.0,0.0,0.0,,,0.3333333333333333
head_on_0076,head_on,head_on,both_give_way,no_action,No action (baseline),modelled,338.206599856558,808.6654632507853,15.428337536973945,13.207782089850056,vlcc,vlcc,power_driven,good,11914.394052398324,-0.3568838106592364,182.75303124588004,338.7772091377752,0.6397265760168975,False,False,False,1.4024790400451991e-13,-1.4024790400451991e-13,0.0,0,0.0,True,0.1111111111111111,615.0,193.66546325078386,60088.11387176714,0.8611111111111112,0.05138888888888889,0.7611111111111111,1358.7114484494227,0,head_on,0.0,0.0,0.0,,,0.0
head_on_0076,head_on,head_on,both_give_way,rule_based,Rule-based COLREGS,modelled,338.206599856558,808.6654632507853,15.428337536973945,13.207782089850056,vlcc,vlcc,power_driven,good,11914.394052398324,-0.3568838106592364,182.75303124588004,1247.5108343147185,1.915851299585828,True,True,False,-1.6903095651593898,3.3525975619176567,1660.0371529885915,80,37.754188986497034,True,0.05694444444444444,615.0,225.4355430684643,93661.72110534982,0.7958333333333333,0.041666666666666664,0.7458333333333333,1393.387117727834,0,head_on,1.0,1.0,0.0,,,0.6666666666666666
head_on_0076,head_on,head_on,both_give_way,velocity_obstacle,Velocity obstacle,modelled,338.206599856558,808.6654632507853,15.428337536973945,13.207782089850056,vlcc,vlcc,power_driven,good,11914.394052398324,-0.3568838106592364,182.75303124588004,1181.3723845065067,2.0949878356323373,True,True,False,-0.7079380325669208,1.1494260877927638,995.277135070632,67,20.421624838647933,True,0.0375,580.0,234.99608443477214,77961.16987249303,0.7833333333333333,0.06527777777777778,0.7083333333333334,1260.480911639806,0,head_on,1.0,0.0,0.0,,,0.3333333333333333
head_on_0076,head_on,head_on,both_give_way,mpc,MPC,modelled,338.206599856558,808.6654632507853,15.428337536973945,13.207782089850056,vlcc,vlcc,power_driven,good,11914.394052398324,-0.3568838106592364,182.75303124588004,1067.2135950520671,1.983435247852183,True,True,False,-2.374525363406942,2.851990537415945,1096.3465150682548,117,22.82953405940395,True,0.08055555555555556,560.0,261.78289377096246,26766.279873781456,0.25416666666666665,0.0625,0.18472222222222223,1238.6873508733277,0,head_on,1.0,0.0,0.0,,,0.3333333333333333
head_on_0077,head_on,head_on,both_give_way,no_action,No action (baseline),modelled,1138.033803575912,1679.0317849356748,12.807239841589483,13.420334012236333,handysize_bulker,coastal_tanker,power_driven,restricted,22682.242481177593,-2.3598720645315803,181.0084862872559,1138.108776373012,3.950948383276096,True,True,False,-6.450844508201014e-13,6.450844508201014e-13,0.0,0,0.0,True,0.0,,,,0.0,0.0,0.0,,0,head_on,0.0,0.0,0.0,,,0.0
head_on_0077,head_on,head_on,both_give_way,rule_based,Rule-based COLREGS,modelled,1138.033803575912,1679.0317849356748,12.807239841589483,13.420334012236333,handysize_bulker,coastal_tanker,power_driven,restricted,22682.242481177593,-2.3598720645315803,181.0084862872559,1138.108776373012,3.950948383276096,True,True,False,-6.450844508201014e-13,6.450844508201014e-13,0.0,0,0.0,True,0.0,,,,0.0,0.0,0.0,,0,head_on,0.0,0.0,0.0,,,0.0
head_on_0077,head_on,head_on,both_give_way,velocity_obstacle,Velocity obstacle,modelled,1138.033803575912,1679.0317849356748,12.807239841589483,13.420334012236333,handysize_bulker,coastal_tanker,power_driven,restricted,22682.242481177593,-2.3598720645315803,181.0084862872559,1138.108776373012,3.950948383276096,True,True,False,-6.450844508201014e-13,6.450844508201014e-13,0.0,0,0.0,True,0.0,,,,0.0,0.0,0.0,,0,head_on,0.0,0.0,0.0,,,0.0
head_on_0077,head_on,head_on,both_give_way,mpc,MPC,modelled,1138.033803575912,1679.0317849356748,12.807239841589483,13.420334012236333,handysize_bulker,coastal_tanker,power_driven,restricted,22682.242481177593,-2.3598720645315803,181.0084862872559,1138.108776373012,3.950948383276096,True,True,False,-6.450844508201014e-13,6.450844508201014e-13,0.0,0,0.0,True,0.0,,,,0.0,0.0,0.0,,0,head_on,0.0,0.0,0.0,,,0.0
head_on_0078,head_on,head_on,both_give_way,no_action,No action (baseline),modelled,994.0500673946193,1654.893314881822,11.461971349189113,9.151141997608558,vlcc,coastal_tanker,power_driven,good,17568.92909200356,4.808718219587583,183.52575912748722,994.0507105668864,1.8769712034078667,True,True,False,-8.237676726717755e-13,8.237676726717755e-13,0.0,0,0.0,True,0.002777777777777778,,,4174.53387303235,0.025,0.0,0.025,5101.981718831451,0,head_on,0.0,0.0,0.0,,,0.0
head_on_0078,head_on,head_on,both_give_way,rule_based,Rule-based COLREGS,modelled,994.0500673946193,1654.893314881822,11.461971349189113,9.151141997608558,vlcc,coastal_tanker,power_driven,good,17568.92909200356,4.808718219587583,183.52575912748722,994.0507105668864,1.8769712034078667,True,True,False,-8.237676726717755e-13,8.237676726717755e-13,0.0,0,0.0,True,0.004166666666666667,,,16678.26937256611,0.07916666666666666,0.0,0.07916666666666666,2769.310592492197,0,head_on,0.0,0.0,0.0,,,0.0
head_on_0078,head_on,head_on,both_give_way,velocity_obstacle,Velocity obstacle,modelled,994.0500673946193,1654.893314881822,11.461971349189113,9.151141997608558,vlcc,coastal_tanker,power_driven,good,17568.92909200356,4.808718219587583,183.52575912748722,994.0507105668864,1.8769712034078667,True,True,False,-8.237676726717755e-13,8.237676726717755e-13,0.0,0,0.0,True,0.0,,,,0.0,0.0,0.0,,0,head_on,0.0,0.0,0.0,,,0.0
head_on_0078,head_on,head_on,both_give_way,mpc,MPC,modelled,994.0500673946193,1654.893314881822,11.461971349189113,9.151141997608558,vlcc,coastal_tanker,power_driven,good,17568.92909200356,4.808718219587583,183.52575912748722,994.0507105668864,1.8769712034078667,True,True,False,-8.237676726717755e-13,8.237676726717755e-13,0.0,0,0.0,True,0.001388888888888889,,,8790.056534482577,0.09166666666666666,0.0,0.09166666666666666,5590.555861569547,0,head_on,0.0,0.0,0.0,,,0.0
head_on_0079,head_on,head_on,both_give_way,no_action,No action (baseline),modelled,673.8486504525849,858.0305202652846,15.591389328905112,11.90037110717309,vlcc,vlcc,power_driven,moderate,12153.151815098156,-3.6982369699021564,178.7992608658863,674.4240380013624,1.2757557150494423,False,True,False,-2.5232948732604327e-13,2.5232948732604327e-13,0.0,0,0.0,True,0.03888888888888889,710.0,148.03052026528582,177622.54080782333,0.14027777777777778,0.019444444444444445,0.11944444444444445,1343.7996808063174,0,head_on,0.0,0.0,0.0,,,0.0
head_on_0079,head_on,head_on,both_give_way,rule_based,Rule-based COLREGS,modelled,673.8486504525849,858.0305202652846,15.591389328905112,11.90037110717309,vlcc,vlcc,power_driven,moderate,12153.151815098156,-3.6982369699021564,178.7992608658863,1718.6691047708782,2.499422823159918,True,True,False,-1.66963132790721,3.4836270182557834,1818.0652925564318,80,37.69144445509102,True,0.004166666666666667,,,12215.41968116673,0.058333333333333334,0.0,0.04583333333333333,5758.41341619575,0,head_on,1.0,1.0,0.0,,,0.6666666666666666
head_on_0079,head_on,head_on,both_give_way,velocity_obstacle,Velocity obstacle,modelled,673.8486504525849,858.0305202652846,15.591389328905112,11.90037110717309,vlcc,vlcc,power_driven,moderate,12153.151815098156,-3.6982369699021564,178.7992608658863,992.2117332227261,1.6563266527483442,True,True,False,-3.186551225452248,4.522967081161196,1264.5175497591076,104,47.1215282164279,True,0.043055555555555555,910.0,0.0,58365.77165520774,0.32222222222222224,0.0,0.3194444444444444,1283.200178945358,0,head_on,1.0,1.0,0.0,,,0.6666666666666666
head_on_0079,head_on,head_on,both_give_way,mpc,MPC,modelled,673.8486504525849,858.0305202652846,15.591389328905112,11.90037110717309,vlcc,vlcc,power_driven,moderate,12153.151815098156,-3.6982369699021564,178.7992608658863,949.8942352113285,1.7971736388226918,True,True,False,-1.390368049397536,1.4940932353294285,279.40828654216386,52,16.602222096589493,True,0.019444444444444445,1020.0,0.0,42659.42092307098,0.7291666666666666,0.0,0.7194444444444444,1428.616140664393,0,head_on,1.0,0.0,0.0,,,0.3333333333333333
head_on_0080,head_on,head_on,both_give_way,no_action,No action (baseline),modelled,1323.0551951595228,611.9928275703746,13.834131193380307,10.68292488664774,container_feeder,vlcc,power_driven,good,7831.191134330651,10.123459773314563,180.91080193601468,1323.2939096904731,5.511735443457094,True,True,False,-5.545434029131138e-13,5.545434029131138e-13,0.0,0,0.0,True,0.043055555555555555,335.0,276.99282757037236,151166.11982953688,0.5791666666666667,0.008333333333333333,0.5527777777777778,1526.5867911984035,0,head_on,0.0,0.0,0.0,,,0.0
head_on_0080,head_on,head_on,both_give_way,rule_based,Rule-based COLREGS,modelled,1323.0551951595228,611.9928275703746,13.834131193380307,10.68292488664774,container_feeder,vlcc,power_driven,good,7831.191134330651,10.123459773314563,180.91080193601468,1323.2939096904731,5.511735443457094,True,True,False,-5.545434029131138e-13,5.545434029131138e-13,0.0,0,0.0,True,0.05416666666666667,310.0,301.9928275703724,52910.817769920635,0.5111111111111111,0.0,0.48194444444444445,1965.6274615465563,0,head_on,0.0,0.0,0.0,,,0.0
head_on_0080,head_on,head_on,both_give_way,velocity_obstacle,Velocity obstacle,modelled,1323.0551951595228,611.9928275703746,13.834131193380307,10.68292488664774,container_feeder,vlcc,power_driven,good,7831.191134330651,10.123459773314563,180.91080193601468,1323.2939096904731,5.511735443457094,True,True,False,-5.545434029131138e-13,5.545434029131138e-13,0.0,0,0.0,True,0.05416666666666667,295.0,316.9928275703725,41853.621374762755,0.6222222222222222,0.0,0.5847222222222223,1421.1752720850895,0,head_on,0.0,0.0,0.0,,,0.0
head_on_0080,head_on,head_on,both_give_way,mpc,MPC,modelled,1323.0551951595228,611.9928275703746,13.834131193380307,10.68292488664774,container_feeder,vlcc,power_driven,good,7831.191134330651,10.123459773314563,180.91080193601468,1323.2939096904731,5.511735443457094,True,True,False,-5.545434029131138e-13,5.545434029131138e-13,0.0,0,0.0,True,0.04722222222222222,310.0,301.9928275703724,49134.63947677583,0.5513888888888889,0.0,0.5263888888888889,1402.9824724227703,0,head_on,0.0,0.0,0.0,,,0.0
head_on_0081,head_on,head_on,give_way,no_action,No action (baseline),modelled,1035.7423952074364,1148.6646225316167,11.483349850465222,12.608084803776062,handysize_bulker,container_feeder,fishing,good,14267.660495626265,-5.933806942529822,176.61635127366185,1035.8745013370085,3.588950145807475,True,True,False,-4.62506663286095e-13,4.62506663286095e-13,0.0,0,0.0,True,0.011111111111111112,940.0,208.66462253161035,35569.70668737094,0.0,0.0,0.0,1135.8181933591181,0,head_on,0.0,0.0,0.0,,,0.0
head_on_0081,head_on,head_on,give_way,rule_based,Rule-based COLREGS,modelled,1035.7423952074364,1148.6646225316167,11.483349850465222,12.608084803776062,handysize_bulker,container_feeder,fishing,good,14267.660495626265,-5.933806942529822,176.61635127366185,1035.8745013370085,3.588950145807475,True,True,False,-4.62506663286095e-13,4.62506663286095e-13,0.0,0,0.0,True,0.009722222222222222,1335.0,0.0,32201.918461265333,0.0,0.0,0.0,1147.659774402949,0,head_on,0.0,0.0,0.0,,,0.0
head_on_0081,head_on,head_on,give_way,velocity_obstacle,Velocity obstacle,modelled,1035.7423952074364,1148.6646225316167,11.483349850465222,12.608084803776062,handysize_bulker,container_feeder,fishing,good,14267.660495626265,-5.933806942529822,176.61635127366185,1035.8745013370085,3.588950145807475,True,True,False,-4.62506663286095e-13,4.62506663286095e-13,0.0,0,0.0,True,0.001388888888888889,,,12851.9791268056,0.0,0.0,0.0,7205.70399997858,0,head_on,0.0,0.0,0.0,,,0.0
head_on_0081,head_on,head_on,give_way,mpc,MPC,modelled,1035.7423952074364,1148.6646225316167,11.483349850465222,12.608084803776062,handysize_bulker,container_feeder,fishing,good,14267.660495626265,-5.933806942529822,176.61635127366185,1035.8745013370085,3.588950145807475,True,True,False,-4.62506663286095e-13,4.62506663286095e-13,0.0,0,0.0,True,0.009722222222222222,1330.0,0.0,182960.14614414147,0.0,0.0,0.0,3493.066548298908,0,head_on,0.0,0.0,0.0,,,0.0
head_on_0082,head_on,head_on,both_give_way,no_action,No action (baseline),modelled,977.4009076899712,715.4513510831785,10.120418856750973,11.831859457938638,vlcc,container_feeder,power_driven,good,8136.533950846073,8.324798621264165,182.64474168218075,977.4141917072152,1.848954733122156,True,True,False,1.9242413078114032e-12,-1.9242413078114032e-12,0.0,0,0.0,True,0.018055555555555554,890.0,0.0,27662.968174413592,0.6458333333333334,0.0,0.6458333333333334,1397.473119376684,0,head_on,0.0,0.0,0.0,,,0.0
head_on_0082,head_on,head_on,both_give_way,rule_based,Rule-based COLREGS,modelled,977.4009076899712,715.4513510831785,10.120418856750973,11.831859457938638,vlcc,container_feeder,power_driven,good,8136.533950846073,8.324798621264165,182.64474168218075,977.4141917072152,1.848954733122156,True,True,False,1.9242413078114032e-12,-1.9242413078114032e-12,0.0,0,0.0,True,0.006944444444444444,,,200573.5895481534,0.7166666666666667,0.0,0.65,10525.645999975526,0,head_on,0.0,0.0,0.0,,,0.0
head_on_0082,head_on,head_on,both_give_way,velocity_obstacle,Velocity obstacle,modelled,977.4009076899712,715.4513510831785,10.120418856750973,11.831859457938638,vlcc,container_feeder,power_driven,good,8136.533950846073,8.324798621264165,182.64474168218075,977.4141917072152,1.848954733122156,True,True,False,1.9242413078114032e-12,-1.9242413078114032e-12,0.0,0,0.0,True,0.009722222222222222,900.0,0.0,49392.51499084396,0.3638888888888889,0.0,0.3638888888888889,1685.060440626283,0,head_on,0.0,0.0,0.0,,,0.0
head_on_0082,head_on,head_on,both_give_way,mpc,MPC,modelled,977.4009076899712,715.4513510831785,10.120418856750973,11.831859457938638,vlcc,container_feeder,power_driven,good,8136.533950846073,8.324798621264165,182.64474168218075,1182.2055277801098,2.197730400693429,True,True,False,-3.3017115594666375,3.481015254563007,397.6747512234097,106,14.480662156341475,True,0.002777777777777778,,,14735.79428820187,0.7625,0.0,0.7625,5697.503906369331,0,head_on,0.0,0.0,0.0,,,0.0
head_on_0083,head_on,head_on,both_give_way,no_action,No action (baseline),modelled,1465.5395800822519,658.5059611139479,12.558912102598864,9.895477305109228,container_feeder,container_feeder,power_driven,good,7742.8956170651245,-9.298864681216767,183.65721748686903,1465.6410937197668,6.086231395997538,True,True,False,-6.735025752577648e-13,6.735025752577648e-13,0.0,0,0.0,False,0.002777777777777778,,,18296.365660059946,0.0763888888888889,0.0,0.0763888888888889,3615.145547066724,0,head_on,0.0,0.0,0.0,,,0.0
head_on_0083,head_on,head_on,both_give_way,rule_based,Rule-based COLREGS,modelled,1465.5395800822519,658.5059611139479,12.558912102598864,9.895477305109228,container_feeder,container_feeder,power_driven,good,7742.8956170651245,-9.298864681216767,183.65721748686903,1465.6410937197668,6.086231395997538,True,True,False,-6.735025752577648e-13,6.735025752577648e-13,0.0,0,0.0,False,0.004166666666666667,,,37299.38180049705,0.8208333333333333,0.0,0.8208333333333333,2135.7487818156637,0,head_on,0.0,0.0,0.0,,,0.0
head_on_0083,head_on,head_on,both_give_way,velocity_obstacle,Velocity obstacle,modelled,1465.5395800822519,658.5059611139479,12.558912102598864,9.895477305109228,container_feeder,container_feeder,power_driven,good,7742.8956170651245,-9.298864681216767,183.65721748686903,1465.6410937197668,6.086231395997538,True,True,False,-6.735025752577648e-13,6.735025752577648e-13,0.0,0,0.0,False,0.001388888888888889,,,14828.840135349667,0.14583333333333334,0.0,0.14583333333333334,7853.511392894523,0,head_on,0.0,0.0,0.0,,,0.0
head_on_0083,head_on,head_on,both_give_way,mpc,MPC,modelled,1465.5395800822519,658.5059611139479,12.558912102598864,9.895477305109228,container_feeder,container_feeder,power_driven,good,7742.8956170651245,-9.298864681216767,183.65721748686903,1465.6410937197668,6.086231395997538,True,True,False,-6.735025752577648e-13,6.735025752577648e-13,0.0,0,0.0,False,0.002777777777777778,,,19045.16304793956,0.10277777777777777,0.0,0.10277777777777777,5961.0706619641705,0,head_on,0.0,0.0,0.0,,,0.0
head_on_0084,head_on,head_on,both_give_way,no_action,No action (baseline),modelled,905.8569384195517,1307.8015247076419,13.090196382871966,9.294382122139822,handysize_bulker,container_feeder,power_driven,good,15087.287875896207,3.287019539227595,179.62633490044556,906.210641655597,3.1452323215932756,False,True,False,-7.814118763832153e-13,7.814118763832153e-13,0.0,0,0.0,True,0.022222222222222223,1120.0,187.8015247076437,34967.03822421706,0.015277777777777777,0.0,0.015277777777777777,955.668380115944,0,head_on,0.0,0.0,0.0,,,0.0
head_on_0084,head_on,head_on,both_give_way,rule_based,Rule-based COLREGS,modelled,905.8569384195517,1307.8015247076419,13.090196382871966,9.294382122139822,handysize_bulker,container_feeder,power_driven,good,15087.287875896207,3.287019539227595,179.62633490044556,1486.3403687202895,4.73939872210958,True,True,False,-2.878775412228816,4.385885908644021,749.9454919314472,130,35.12212312757248,True,0.001388888888888889,,,5140.841419760287,0.06111111111111111,0.0,0.059722222222222225,8083.405382816116,0,head_on,1.0,1.0,0.0,,,0.6666666666666666
head_on_0084,head_on,head_on,both_give_way,velocity_obstacle,Velocity obstacle,modelled,905.8569384195517,1307.8015247076419,13.090196382871966,9.294382122139822,handysize_bulker,container_feeder,power_driven,good,15087.287875896207,3.287019539227595,179.62633490044556,906.210641655597,3.1452323215932756,False,True,False,-7.814118763832153e-13,7.814118763832153e-13,0.0,0,0.0,True,0.016666666666666666,1120.0,187.8015247076437,87118.77352381797,0.08055555555555556,0.0,0.03888888888888889,2430.4868735091322,0,head_on,0.0,0.0,0.0,,,0.0
head_on_0084,head_on,head_on,both_give_way,mpc,MPC,modelled,905.8569384195517,1307.8015247076419,13.090196382871966,9.294382122139822,handysize_bulker,container_feeder,power_driven,good,15087.287875896207,3.287019539227595,179.62633490044556,1139.9861448952727,3.4793110690247797,True,True,False,-1.4051012064725585,1.706626525798223,278.9069361128975,66,30.328358940118548,True,0.013888888888888888,1150.0,179.04655608953226,49775.45173969201,0.5486111111111112,0.0,0.5486111111111112,883.2788302254108,0,head_on,0.0,1.0,0.0,,,0.3333333333333333
head_on_0085,head_on,head_on,both_give_way,no_action,No action (baseline),modelled,932.2707407419623,1100.5973400121707,15.018859786287788,14.0120892341683,container_feeder,vlcc,power_driven,moderate,16454.09339227232,1.3615053406861464,176.09129753044317,932.3133747146968,3.8721773406694577,True,True,False,8.251376666365897e-13,-8.251376666365897e-13,0.0,0,0.0,True,0.025,960.0,140.59734001216754,205794.68207816465,0.002777777777777778,0.002777777777777778,0.0,1215.8338515037044,0,head_on,0.0,0.0,0.0,,,0.0
head_on_0085,head_on,head_on,both_give_way,rule_based,Rule-based COLREGS,modelled,932.2707407419623,1100.5973400121707,15.018859786287788,14.0120892341683,container_feeder,vlcc,power_driven,moderate,16454.09339227232,1.3615053406861464,176.09129753044317,517.3173167146508,1.7028795722199055,False,True,False,-0.6321329198329199,1.4603216060168307,848.3189976363391,61,34.75051997883018,True,0.05,1005.0,115.93480070411083,120959.50745440576,0.013888888888888888,0.0,0.013888888888888888,1131.4904902559126,0,head_on,1.0,1.0,0.0,,,0.6666666666666666
head_on_0085,head_on,head_on,both_give_way,velocity_obstacle,Velocity obstacle,modelled,932.2707407419623,1100.5973400121707,15.018859786287788,14.0120892341683,container_feeder,vlcc,power_driven,moderate,16454.09339227232,1.3615053406861464,176.09129753044317,496.5863707752771,1.524370599527074,False,True,False,-4.129197053774117,5.978535879150929,1311.1768896101148,103,60.17825469829866,True,0.05694444444444444,970.0,135.17036143611915,114600.23316009065,0.6013888888888889,0.0,0.5972222222222222,1039.518707192679,0,head_on,1.0,1.0,0.0,,,0.6666666666666666
head_on_0085,head_on,head_on,both_give_way,mpc,MPC,modelled,932.2707407419623,1100.5973400121707,15.018859786287788,14.0120892341683,container_feeder,vlcc,power_driven,moderate,16454.09339227232,1.3615053406861464,176.09129753044317,1099.9737257784047,4.440602713717347,True,True,False,-0.12094298317152372,0.21207755029426456,249.7055411484578,39,17.042497694759714,True,0.0125,985.0,115.59734001216736,44845.91455014524,0.002777777777777778,0.002777777777777778,0.0,1656.4528857498844,0,head_on,0.0,0.0,0.0,,,0.0
head_on_0086,head_on,head_on,give_way,no_action,No action (baseline),modelled,288.1458411679039,1136.8102070036107,13.308276686946275,15.840569367476217,container_feeder,vlcc,restricted_manoeuvrability,good,17047.289597181683,1.9586489046733124,181.82199632268973,289.4212947583249,1.1999753551359535,False,True,False,-1.6554612790373381e-12,1.6554612790373381e-12,0.0,0,0.0,True,0.12222222222222222,995.0,141.8102070036166,41273.02018850305,0.0,0.0,0.0,1123.7467691084237,0,head_on,0.0,0.0,0.0,,,0.0
head_on_0086,head_on,head_on,give_way,rule_based,Rule-based COLREGS,modelled,288.1458411679039,1136.8102070036107,13.308276686946275,15.840569367476217,container_feeder,vlcc,restricted_manoeuvrability,good,17047.289597181683,1.9586489046733124,181.82199632268973,1295.513006518289,5.397692989837007,True,True,False,-0.3778331589444758,2.170327402362058,1580.1144869390646,54,34.996124697983795,True,0.02638888888888889,1370.0,0.0,168858.87922991297,0.0,0.0,0.0,2217.4070056235437,0,head_on,1.0,1.0,0.0,,,0.6666666666666666
head_on_0086,head_on,head_on,give_way,velocity_obstacle,Velocity obstacle,modelled,288.1458411679039,1136.8102070036107,13.308276686946275,15.840569367476217,container_feeder,vlcc,restricted_manoeuvrability,good,17047.289597181683,1.9586489046733124,181.82199632268973,760.480403519838,2.921134394052978,False,True,False,-0.2238748064462568,1.2584755374721897,1343.6731165172896,56,24.996968295236634,True,0.07222222222222222,1200.0,0.0,45927.28627121279,0.0,0.0,0.0,1194.8692257727555,0,head_on,1.0,0.0,0.0,,,0.3333333333333333
head_on_0086,head_on,head_on,give_way,mpc,MPC,modelled,288.1458411679039,1136.8102070036107,13.308276686946275,15.840569367476217,container_feeder,vlcc,restricted_manoeuvrability,good,17047.289597181683,1.9586489046733124,181.82199632268973,992.0638146735383,3.7125960917098753,True,True,False,-0.26080813555138704,1.614700278453973,1608.2458030973369,84,29.917845731739657,True,0.06527777777777778,890.0,252.34511616160248,53937.4659959905,0.0,0.0,0.0,1245.558415501142,0,head_on,1.0,0.0,0.0,,,0.3333333333333333
head_on_0087,head_on,head_on,both_give_way,no_action,No action (baseline),modelled,1121.9575837462894,782.7163742719466,8.399153262122272,15.704222531520239,container_feeder,container_feeder,power_driven,good,9770.149266066766,6.8397944652582625,180.37706478228503,1122.31485875557,4.6748796646208834,True,True,False,-1.897021874801538e-12,1.897021874801538e-12,0.0,0,0.0,True,0.005555555555555556,1020.0,0.0,56013.24678119152,0.05555555555555555,0.0,0.05555555555555555,2182.48237352637,0,head_on,0.0,0.0,0.0,,,0.0
head_on_0087,head_on,head_on,both_give_way,rule_based,Rule-based COLREGS,modelled,1121.9575837462894,782.7163742719466,8.399153262122272,15.704222531520239,container_feeder,container_feeder,power_driven,good,9770.149266066766,6.8397944652582625,180.37706478228503,1122.31485875557,4.6748796646208834,True,True,False,-1.897021874801538e-12,1.897021874801538e-12,0.0,0,0.0,True,0.004166666666666667,,,21887.665691679696,0.09166666666666666,0.0,0.043055555555555555,4601.327349287892,0,head_on,0.0,0.0,0.0,,,0.0
head_on_0087,head_on,head_on,both_give_way,velocity_obstacle,Velocity obstacle,modelled,1121.9575837462894,782.7163742719466,8.399153262122272,15.704222531520239,container_feeder,container_feeder,power_driven,good,9770.149266066766,6.8397944652582625,180.37706478228503,1122.31485875557,4.6748796646208834,True,True,False,-1.897021874801538e-12,1.897021874801538e-12,0.0,0,0.0,True,0.005555555555555556,1080.0,0.0,211601.13893074432,0.07222222222222222,0.0,0.07222222222222222,3970.675994251843,0,head_on,0.0,0.0,0.0,,,0.0
head_on_0087,head_on,head_on,both_give_way,mpc,MPC,modelled,1121.9575837462894,782.7163742719466,8.399153262122272,15.704222531520239,container_feeder,container_feeder,power_driven,good,9770.149266066766,6.8397944652582625,180.37706478228503,1122.31485875557,4.6748796646208834,True,True,False,-1.897021874801538e-12,1.897021874801538e-12,0.0,0,0.0,True,0.002777777777777778,,,18573.669712674866,0.7722222222222223,0.0,0.7722222222222223,3798.628457050686,0,head_on,0.0,0.0,0.0,,,0.0
head_on_0088,head_on,head_on,both_give_way,no_action,No action (baseline),modelled,1045.3236476526517,1600.366566122008,11.354974634592935,13.597224961915868,container_feeder,coastal_tanker,power_driven,good,20569.67506271,3.0358760418793995,180.22558027845898,1045.3342381064097,4.355486879961272,True,True,False,5.890003795281476e-13,-5.890003795281476e-13,0.0,0,0.0,True,0.001388888888888889,,,6769.4248183253185,0.034722222222222224,0.0,0.034722222222222224,7219.990930420184,0,head_on,0.0,0.0,0.0,,,0.0
head_on_0088,head_on,head_on,both_give_way,rule_based,Rule-based COLREGS,modelled,1045.3236476526517,1600.366566122008,11.354974634592935,13.597224961915868,container_feeder,coastal_tanker,power_driven,good,20569.67506271,3.0358760418793995,180.22558027845898,1045.3342381064097,4.355486879961272,True,True,False,-0.505131498784338,1.866077915493655,1055.3964909667218,56,34.984550280942685,True,0.001388888888888889,,,11537.587889727742,0.020833333333333332,0.0,0.020833333333333332,5348.727530312393,0,head_on,1.0,1.0,0.0,,,0.6666666666666666
head_on_0088,head_on,head_on,both_give_way,velocity_obstacle,Velocity obstacle,modelled,1045.3236476526517,1600.366566122008,11.354974634592935,13.597224961915868,container_feeder,coastal_tanker,power_driven,good,20569.67506271,3.0358760418793995,180.22558027845898,1045.3342381064097,4.355486879961272,True,True,False,-0.045184266818793985,0.13293426990537316,261.0285401273492,36,9.959793928972887,True,0.001388888888888889,,,10873.983060994395,0.07361111111111111,0.0,0.07361111111111111,5651.115173124929,0,head_on,1.0,0.0,0.0,,,0.3333333333333333
head_on_0088,head_on,head_on,both_give_way,mpc,MPC,modelled,1045.3236476526517,1600.366566122008,11.354974634592935,13.597224961915868,container_feeder,coastal_tanker,power_driven,good,20569.67506271,3.0358760418793995,180.22558027845898,850.6472165181062,3.535205947131617,False,True,False,-2.2453916897859933,2.4335675072126373,206.0421444951636,44,27.78758616277501,True,0.011111111111111112,1480.0,163.39621108602987,24710.254156607654,0.4930555555555556,0.0,0.4930555555555556,799.9943846191314,0,head_on,1.0,0.0,0.0,,,0.3333333333333333
head_on_0089,head_on,head_on,give_way,no_action,No action (baseline),modelled,377.13877408084,861.7031922863681,9.926335778737274,9.77066438103892,coastal_tanker,container_feeder,fishing,good,8738.23764061181,-1.4014882200526249,182.16136924601435,377.53331462341356,2.140825121352707,False,True,False,-6.737717238655126e-13,6.737717238655126e-13,0.0,0,0.0,True,0.06388888888888888,725.0,136.70319228636566,38656.1625486078,0.0,0.0,0.0,1315.1297783108348,0,head_on,0.0,0.0,0.0,,,0.0
head_on_0089,head_on,head_on,give_way,rule_based,Rule-based COLREGS,modelled,377.13877408084,861.7031922863681,9.926335778737274,9.77066438103892,coastal_tanker,container_feeder,fishing,good,8738.23764061181,-1.4014882200526249,182.16136924601435,1374.1591882334912,6.542820116095618,True,True,False,-0.2821503422953811,2.7052981216231142,1550.1054619175297,56,34.999661914500884,True,0.005555555555555556,1010.0,0.0,27313.87832704174,0.0,0.0,0.0,1646.6029991247779,0,head_on,1.0,1.0,0.0,,,0.6666666666666666
head_on_0089,head_on,head_on,give_way,velocity_obstacle,Velocity obstacle,modelled,377.13877408084,861.7031922863681,9.926335778737274,9.77066438103892,coastal_tanker,container_feeder,fishing,good,8738.23764061181,-1.4014882200526249,182.16136924601435,922.5518762991895,4.272590891809975,False,True,False,-2.1386754158592347,3.32906650291091,584.5866148538513,69,57.71938525163522,True,0.019444444444444445,675.0,186.29588912884734,170472.642969727,0.0,0.0,0.0,1974.794229650497,0,head_on,1.0,1.0,0.0,,,0.6666666666666666
head_on_0089,head_on,head_on,give_way,mpc,MPC,modelled,377.13877408084,861.7031922863681,9.926335778737274,9.77066438103892,coastal_tanker,container_feeder,fishing,good,8738.23764061181,-1.4014882200526249,182.16136924601435,1196.8029583854207,6.774028778116301,True,True,False,-0.2215122724023721,0.9581921163438096,881.2868133163316,62,19.9993968973099,True,0.006944444444444444,1245.0,0.0,32085.9135697061,0.0,0.0,0.0,2192.4976585394243,0,head_on,1.0,0.0,0.0,,,0.3333333333333333
head_on_0090,head_on,head_on,both_give_way,no_action,No action (baseline),modelled,1305.7374365176374,1011.4031682894756,14.780164006011697,13.42854258093369,container_feeder,container_feeder,power_driven,good,14735.20350339844,4.934018245279551,179.68526437174037,1305.8961987643047,5.440723455155595,True,True,False,3.859593538997006e-13,-3.859593538997006e-13,0.0,0,0.0,True,0.002777777777777778,,,48335.583930822126,0.07916666666666666,0.0,0.07916666666666666,6666.98736235254,0,head_on,0.0,0.0,0.0,,,0.0
head_on_0090,head_on,head_on,both_give_way,rule_based,Rule-based COLREGS,modelled,1305.7374365176374,1011.4031682894756,14.780164006011697,13.42854258093369,container_feeder,container_feeder,power_driven,good,14735.20350339844,4.934018245279551,179.68526437174037,488.2380036494956,1.6426544970485357,False,True,False,-0.5919867808489407,1.8888651471660627,1250.8815498776305,46,36.3889371766377,True,0.04861111111111111,865.0,184.5792519931686,93987.40135315282,0.0125,0.0,0.011111111111111112,1162.883327210012,0,head_on,1.0,1.0,0.0,,,0.6666666666666666
head_on_0090,head_on,head_on,both_give_way,velocity_obstacle,Velocity obstacle,modelled,1305.7374365176374,1011.4031682894756,14.780164006011697,13.42854258093369,container_feeder,container_feeder,power_driven,good,14735.20350339844,4.934018245279551,179.68526437174037,601.0893452224975,1.8625052626084906,False,True,False,-4.838094836298136,7.203279725532901,1585.1987805735205,95,60.240238846428745,True,0.05555555555555555,905.0,150.6802504116876,106586.92210374682,0.06805555555555555,0.001388888888888889,0.06666666666666667,1045.8900020405845,0,head_on,1.0,1.0,0.0,,,0.6666666666666666
head_on_0090,head_on,head_on,both_give_way,mpc,MPC,modelled,1305.7374365176374,1011.4031682894756,14.780164006011697,13.42854258093369,container_feeder,container_feeder,power_driven,good,14735.20350339844,4.934018245279551,179.68526437174037,1305.8961987643047,5.440723455155595,True,True,False,3.859593538997006e-13,-3.859593538997006e-13,0.0,0,0.0,True,0.002777777777777778,,,10594.93147298818,0.10277777777777777,0.0,0.10277777777777777,5520.559817993609,0,head_on,0.0,0.0,0.0,,,0.0
head_on_0091,head_on,head_on,both_give_way,no_action,No action (baseline),modelled,1434.1915165610126,1433.2689661151576,9.394166050503856,10.845851600656134,handysize_bulker,vlcc,power_driven,good,14992.355598072825,-5.734565667114,179.5424751293985,1434.30476927567,4.979659386174893,True,True,False,-1.1516679555173491e-12,1.1516679555173491e-12,0.0,0,0.0,False,0.04861111111111111,1065.0,368.2689661151734,95332.0447440187,0.23333333333333334,0.006944444444444444,0.20972222222222223,995.0209698554515,0,head_on,0.0,0.0,0.0,,,0.0
head_on_0091,head_on,head_on,both_give_way,rule_based,Rule-based COLREGS,modelled,1434.1915165610126,1433.2689661151576,9.394166050503856,10.845851600656134,handysize_bulker,vlcc,power_driven,good,14992.355598072825,-5.734565667114,179.5424751293985,1434.30476927567,4.979659386174893,True,True,False,-1.1516679555173491e-12,1.1516679555173491e-12,0.0,0,0.0,False,0.041666666666666664,1035.0,398.26896611517276,20767.518947050055,0.3861111111111111,0.029166666666666667,0.3486111111111111,925.7103300072419,0,head_on,0.0,0.0,0.0,,,0.0
head_on_0091,head_on,head_on,both_give_way,velocity_obstacle,Velocity obstacle,modelled,1434.1915165610126,1433.2689661151576,9.394166050503856,10.845851600656134,handysize_bulker,vlcc,power_driven,good,14992.355598072825,-5.734565667114,179.5424751293985,1434.30476927567,4.979659386174893,True,True,False,-1.1516679555173491e-12,1.1516679555173491e-12,0.0,0,0.0,False,0.05138888888888889,1035.0,398.26896611517276,99851.98387054261,0.41944444444444445,0.03194444444444444,0.3611111111111111,1317.5088385618953,0,head_on,0.0,0.0,0.0,,,0.0
head_on_0091,head_on,head_on,both_give_way,mpc,MPC,modelled,1434.1915165610126,1433.2689661151576,9.394166050503856,10.845851600656134,handysize_bulker,vlcc,power_driven,good,14992.355598072825,-5.734565667114,179.5424751293985,1663.875841191196,5.777024033773097,True,True,False,-0.9825405981709352,1.0722108780817599,232.20845640786175,78,14.363913502892842,False,0.03333333333333333,990.0,460.494394588646,30379.100273312237,0.4722222222222222,0.0,0.4513888888888889,1502.5453471711803,0,head_on,1.0,0.0,1.0,,,0.6666666666666666
head_on_0092,head_on,head_on,both_give_way,no_action,No action (baseline),modelled,214.96825046116962,1264.96249684529,14.965132760009599,11.460842007440341,vlcc,container_feeder,power_driven,good,17195.866403089858,-0.095952616459401,178.12715454843504,214.9688549045481,0.4070634178576541,False,False,True,9.858333715997166e-13,-9.858333715997166e-13,0.0,0,0.0,True,0.07083333333333333,1150.0,114.96249684529532,33827.51895257366,0.058333333333333334,0.0,0.004166666666666667,1107.78525772792,0,head_on,0.0,0.0,0.0,,,0.0
head_on_0092,head_on,head_on,both_give_way,rule_based,Rule-based COLREGS,modelled,214.96825046116962,1264.96249684529,14.965132760009599,11.460842007440341,vlcc,container_feeder,power_driven,good,17195.866403089858,-0.095952616459401,178.12715454843504,173.6028098549031,0.3111416605942886,False,False,True,-2.158996015501306,2.4342898777710458,467.053841844781,67,24.836647026613615,True,0.05555555555555555,1095.0,169.96249684529437,114298.14639831331,0.7208333333333333,0.001388888888888889,0.5833333333333334,3559.458214781963,0,head_on,1.0,0.0,0.0,,,0.3333333333333333
head_on_0092,head_on,head_on,both_give_way,velocity_obstacle,Velocity obstacle,modelled,214.96825046116962,1264.96249684529,14.965132760009599,11.460842007440341,vlcc,container_feeder,power_driven,good,17195.866403089858,-0.095952616459401,178.12715454843504,86.18776994679789,0.14768283128155696,False,False,True,-7.296078622775386,8.18307527184212,903.8162543270628,153,39.66857889544227,True,0.06388888888888888,1195.0,130.4345450345783,91913.84231682828,0.19027777777777777,0.004166666666666667,0.14583333333333334,995.7908098213338,0,head_on,1.0,1.0,0.0,,,0.6666666666666666
head_on_0092,head_on,head_on,both_give_way,mpc,MPC,modelled,214.96825046116962,1264.96249684529,14.965132760009599,11.460842007440341,vlcc,container_feeder,power_driven,good,17195.866403089858,-0.095952616459401,178.12715454843504,691.6961819877014,1.152084302227671,False,True,False,-5.179399607977675,6.277662333067416,1132.3899049073996,110,43.7293535563722,True,0.022222222222222223,1475.0,0.0,73650.72507057451,0.6583333333333333,0.0,0.6458333333333334,1582.9293538395966,0,head_on,1.0,1.0,0.0,,,0.6666666666666666
head_on_0093,head_on,head_on,give_way,no_action,No action (baseline),modelled,304.5254210894339,1216.3529526782245,10.728503012414055,11.567013493441006,coastal_tanker,coastal_tanker,restricted_manoeuvrability,restricted,13952.737315493443,-0.26466912858252106,181.9003994980553,304.92044443265644,1.7295019691864957,False,True,False,-6.600642315819823e-13,6.600642315819823e-13,0.0,0,0.0,True,0.016666666666666666,1145.0,71.35295267823504,116140.78691625643,0.0,0.0,0.0,1161.323338370634,0,head_on,0.0,0.0,0.0,,,0.0
head_on_0093,head_on,head_on,give_way,rule_based,Rule-based COLREGS,modelled,304.5254210894339,1216.3529526782245,10.728503012414055,11.567013493441006,coastal_tanker,coastal_tanker,restricted_manoeuvrability,restricted,13952.737315493443,-0.26466912858252106,181.9003994980553,371.40065947726646,1.99583859669556,False,True,False,-0.262390145911972,0.9574602755407716,584.8055218251377,54,34.247105278532786,True,0.008333333333333333,1270.0,0.0,36940.89252465903,0.0,0.0,0.0,1177.4813598187238,0,head_on,1.0,1.0,0.0,,,0.6666666666666666
head_on_0093,head_on,head_on,give_way,velocity_obstacle,Velocity obstacle,modelled,304.5254210894339,1216.3529526782245,10.728503012414055,11.567013493441006,coastal_tanker,coastal_tanker,restricted_manoeuvrability,restricted,13952.737315493443,-0.26466912858252106,181.9003994980553,552.9218929297493,2.612810887305408,False,True,False,-1.1315570632970717,2.2618549457470962,645.2132631815332,63,54.89494507716197,True,0.008333333333333333,1275.0,0.0,39540.17287981256,0.0,0.0,0.0,1197.7978454967272,0,head_on,1.0,1.0,0.0,,,0.6666666666666666
head_on_0093,head_on,head_on,give_way,mpc,MPC,modelled,304.5254210894339,1216.3529526782245,10.728503012414055,11.567013493441006,coastal_tanker,coastal_tanker,restricted_manoeuvrability,restricted,13952.737315493443,-0.26466912858252106,181.9003994980553,596.5013200351848,2.7139971988484506,False,True,False,-0.6257558368920664,1.7398047561804053,625.9782878376266,59,54.682635606531235,True,0.005555555555555556,1255.0,0.0,68559.18265573146,0.0,0.0,0.0,1267.5205639337878,0,head_on,1.0,1.0,0.0,,,0.6666666666666666
head_on_0094,head_on,head_on,both_give_way,no_action,No action (baseline),modelled,582.4866761579186,660.5349958887111,11.02565531665866,11.734415299865836,coastal_tanker,handysize_bulker,power_driven,good,7755.499512458407,-4.960193703482766,178.73370450030512,582.5203539381488,3.3091346188025446,False,True,False,6.601158164014603e-13,-6.601158164014603e-13,0.0,0,0.0,True,0.04861111111111111,470.0,190.53499588871387,51513.71764578828,0.8263888888888888,0.020833333333333332,0.7861111111111111,1489.2562280893005,0,head_on,0.0,0.0,0.0,,,0.0
head_on_0094,head_on,head_on,both_give_way,rule_based,Rule-based COLREGS,modelled,582.4866761579186,660.5349958887111,11.02565531665866,11.734415299865836,coastal_tanker,handysize_bulker,power_driven,good,7755.499512458407,-4.960193703482766,178.73370450030512,1808.4850126192525,8.458248786897741,True,True,False,-0.24998164558425948,2.8775722997879334,1853.771117488303,54,34.999844211659074,True,0.004166666666666667,,,28718.88392006759,0.7888888888888889,0.0,0.7833333333333333,1969.2012461634465,0,head_on,1.0,1.0,0.0,,,0.6666666666666666
head_on_0094,head_on,head_on,both_give_way,velocity_obstacle,Velocity obstacle,modelled,582.4866761579186,660.5349958887111,11.02565531665866,11.734415299865836,coastal_tanker,handysize_bulker,power_driven,good,7755.499512458407,-4.960193703482766,178.73370450030512,848.0595794484858,4.815287986325285,False,True,False,-0.054286237612784796,0.13315678519376317,265.9011616215527,37,9.703676003075838,True,0.019444444444444445,810.0,0.0,43737.342535967306,0.8638888888888889,0.0,0.8541666666666666,1903.6028403349337,0,head_on,1.0,0.0,0.0,,,0.3333333333333333
head_on_0094,head_on,head_on,both_give_way,mpc,MPC,modelled,582.4866761579186,660.5349958887111,11.02565531665866,11.734415299865836,coastal_tanker,handysize_bulker,power_driven,good,7755.499512458407,-4.960193703482766,178.73370450030512,1165.0281686923684,6.12593861716781,True,True,False,-0.09131990802311808,0.6001218830624515,678.528536226048,42,19.9892938908019,True,0.006944444444444444,935.0,0.0,62881.559006235475,0.36944444444444446,0.0,0.3625,1964.9921927632397,0,head_on,1.0,0.0,0.0,,,0.3333333333333333
head_on_0095,head_on,head_on,both_give_way,no_action,No action (baseline),modelled,962.0704166282783,993.7275686208532,15.456962878470822,15.355420595466237,vlcc,coastal_tanker,power_driven,good,15780.238156178644,2.868598579878605,178.742438342462,962.2817944167354,1.821721097092808,True,True,False,1.221714969077573e-12,-1.221714969077573e-12,0.0,0,0.0,True,0.002777777777777778,,,19585.39519191827,0.08333333333333333,0.0,0.08333333333333333,4121.061103559677,0,head_on,0.0,0.0,0.0,,,0.0
head_on_0095,head_on,head_on,both_give_way,rule_based,Rule-based COLREGS,modelled,962.0704166282783,993.7275686208532,15.456962878470822,15.355420595466237,vlcc,coastal_tanker,power_driven,good,15780.238156178644,2.868598579878605,178.742438342462,962.2817944167354,1.821721097092808,True,True,False,1.221714969077573e-12,-1.221714969077573e-12,0.0,0,0.0,True,0.001388888888888889,,,36265.511223665664,0.7166666666666667,0.0,0.7166666666666667,27658.16397918842,0,head_on,0.0,0.0,0.0,,,0.0
head_on_0095,head_on,head_on,both_give_way,velocity_obstacle,Velocity obstacle,modelled,962.0704166282783,993.7275686208532,15.456962878470822,15.355420595466237,vlcc,coastal_tanker,power_driven,good,15780.238156178644,2.868598579878605,178.742438342462,962.2817944167354,1.821721097092808,True,True,False,1.221714969077573e-12,-1.221714969077573e-12,0.0,0,0.0,True,0.002777777777777778,,,19457.336106811566,0.03333333333333333,0.0,0.03333333333333333,3787.7799444229477,0,head_on,0.0,0.0,0.0,,,0.0
head_on_0095,head_on,head_on,both_give_way,mpc,MPC,modelled,962.0704166282783,993.7275686208532,15.456962878470822,15.355420595466237,vlcc,coastal_tanker,power_driven,good,15780.238156178644,2.868598579878605,178.742438342462,1034.2712898562024,1.9572421318892759,True,True,False,-0.3095541712008292,0.31937159062106646,81.85703604520423,10,5.234477958620095,True,0.002777777777777778,,,8911.211620802394,0.02361111111111111,0.0,0.02361111111111111,6426.249152340663,0,head_on,0.0,0.0,0.0,,,0.0
head_on_0096,head_on,head_on,both_give_way,no_action,No action (baseline),modelled,1013.2764264021687,1080.287073224364,11.804248576611217,10.904199445998206,coastal_tanker,container_feeder,power_driven,good,12660.226967768622,5.106569504305197,181.0744326355641,1013.2819757241936,5.755861302383138,True,True,False,3.332840079171559e-14,-3.332840079171559e-14,0.0,0,0.0,True,0.006944444444444444,895.0,185.2870732243643,17681.98632761972,0.6736111111111112,0.0,0.6736111111111112,1380.833569543533,0,head_on,0.0,0.0,0.0,,,0.0
head_on_0096,head_on,head_on,both_give_way,rule_based,Rule-based COLREGS,modelled,1013.2764264021687,1080.287073224364,11.804248576611217,10.904199445998206,coastal_tanker,container_feeder,power_driven,good,12660.226967768622,5.106569504305197,181.0744326355641,1013.2819757241936,5.755861302383138,True,True,False,3.332840079171559e-14,-3.332840079171559e-14,0.0,0,0.0,True,0.0125,1265.0,0.0,45087.29241978992,0.06944444444444445,0.0,0.043055555555555555,1384.6650437896071,0,head_on,0.0,0.0,0.0,,,0.0
head_on_0096,head_on,head_on,both_give_way,velocity_obstacle,Velocity obstacle,modelled,1013.2764264021687,1080.287073224364,11.804248576611217,10.904199445998206,coastal_tanker,container_feeder,power_driven,good,12660.226967768622,5.106569504305197,181.0744326355641,412.6855311793368,1.7909126608251957,False,True,False,-4.770585689109608,6.858568204256392,1227.7004088049707,106,59.725919200888484,True,0.06805555555555555,945.0,187.41608365426066,93608.42850569756,0.0375,0.002777777777777778,0.034722222222222224,996.8566368296216,0,head_on,1.0,1.0,0.0,,,0.6666666666666666
head_on_0096,head_on,head_on,both_give_way,mpc,MPC,modelled,1013.2764264021687,1080.287073224364,11.804248576611217,10.904199445998206,coastal_tanker,container_feeder,power_driven,good,12660.226967768622,5.106569504305197,181.0744326355641,1013.2819757241936,5.755861302383138,True,True,False,3.332840079171559e-14,-3.332840079171559e-14,0.0,0,0.0,True,0.008333333333333333,1365.0,0.0,25901.674681526565,0.07222222222222222,0.0,0.06805555555555555,1228.9334857106298,0,head_on,0.0,0.0,0.0,,,0.0
head_on_0097,head_on,head_on,both_give_way,no_action,No action (baseline),modelled,921.3122343544725,1326.4167974984962,13.276348774833442,11.865248592361837,vlcc,handysize_bulker,power_driven,good,17177.858532394253,-4.031835798710924,177.971378393536,921.4943984294526,1.743319464878923,False,True,False,1.318664090210422e-12,-1.318664090210422e-12,0.0,0,0.0,True,0.025,1465.0,0.0,97772.79563444824,0.5916666666666667,0.0,0.5916666666666667,1089.0325377206468,0,head_on,0.0,0.0,0.0,,,0.0
head_on_0097,head_on,head_on,both_give_way,rule_based,Rule-based COLREGS,modelled,921.3122343544725,1326.4167974984962,13.276348774833442,11.865248592361837,vlcc,handysize_bulker,power_driven,good,17177.858532394253,-4.031835798710924,177.971378393536,921.4943984294526,1.743319464878923,False,True,False,1.318664090210422e-12,-1.318664090210422e-12,0.0,0,0.0,True,0.03194444444444444,1140.0,186.4167974984889,43797.67851371308,0.6041666666666666,0.0,0.5930555555555556,1072.2001266126697,0,head_on,0.0,0.0,0.0,,,0.0
head_on_0097,head_on,head_on,both_give_way,velocity_obstacle,Velocity obstacle,modelled,921.3122343544725,1326.4167974984962,13.276348774833442,11.865248592361837,vlcc,handysize_bulker,power_driven,good,17177.858532394253,-4.031835798710924,177.971378393536,1170.3800508935412,2.194698725191065,True,True,False,-0.14143752739769683,0.21399852528052393,347.071750814196,16,8.719227339886912,True,0.008333333333333333,1580.0,0.0,45546.29735714336,0.7055555555555556,0.0,0.6875,1529.61403940826,0,head_on,1.0,0.0,0.0,,,0.3333333333333333
head_on_0097,head_on,head_on,both_give_way,mpc,MPC,modelled,921.3122343544725,1326.4167974984962,13.276348774833442,11.865248592361837,vlcc,handysize_bulker,power_driven,good,17177.858532394253,-4.031835798710924,177.971378393536,1113.2714801719367,1.948140253694112,True,True,False,-2.5552964851932907,2.8521300483325747,451.5261069574145,72,24.394213280454238,True,0.011111111111111112,1160.0,166.41679749848873,25066.588869001353,0.020833333333333332,0.0,0.015277777777777777,1034.096331391996,0,head_on,1.0,0.0,0.0,,,0.3333333333333333
head_on_0098,head_on,head_on,both_give_way,no_action,No action (baseline),modelled,917.8794528813442,898.9273015438112,8.867816523793302,11.189414539129208,handysize_bulker,vlcc,power_driven,restricted,9317.620357822052,-3.98161344056771,182.9966027899316,917.9461411886732,3.182621590972352,False,True,False,-6.654683143546514e-13,6.654683143546514e-13,0.0,0,0.0,True,0.0,,,,0.0,0.0,0.0,,0,head_on,0.0,0.0,0.0,,,0.0
head_on_0098,head_on,head_on,both_give_way,rule_based,Rule-based COLREGS,modelled,917.8794528813442,898.9273015438112,8.867816523793302,11.189414539129208,handysize_bulker,vlcc,power_driven,restricted,9317.620357822052,-3.98161344056771,182.9966027899316,917.9461411886732,3.182621590972352,False,True,False,-6.654683143546514e-13,6.654683143546514e-13,0.0,0,0.0,True,0.001388888888888889,,,11981.009031866244,0.17777777777777778,0.0,0.17777777777777778,7951.796085704804,0,head_on,0.0,0.0,0.0,,,0.0
head_on_0098,head_on,head_on,both_give_way,velocity_obstacle,Velocity obstacle,modelled,917.8794528813442,898.9273015438112,8.867816523793302,11.189414539129208,handysize_bulker,vlcc,power_driven,restricted,9317.620357822052,-3.98161344056771,182.9966027899316,917.9461411886732,3.182621590972352,False,True,False,-6.654683143546514e-13,6.654683143546514e-13,0.0,0,0.0,True,0.001388888888888889,,,11658.577237881647,0.15833333333333333,0.0,0.15833333333333333,7886.625529421196,0,head_on,0.0,0.0,0.0,,,0.0
head_on_0098,head_on,head_on,both_give_way,mpc,MPC,modelled,917.8794528813442,898.9273015438112,8.867816523793302,11.189414539129208,handysize_bulker,vlcc,power_driven,restricted,9317.620357822052,-3.98161344056771,182.9966027899316,1050.3286836136458,3.56054229193046,True,True,False,-1.1957454404560963,1.342975072796591,258.35700531078567,81,17.31353114690815,True,0.002777777777777778,,,16041.531222920044,0.08611111111111111,0.0,0.08611111111111111,2322.1322934928844,0,head_on,1.0,0.0,0.0,,,0.3333333333333333
head_on_0099,head_on,head_on,both_give_way,no_action,No action (baseline),modelled,154.17352571759335,1132.2476652692108,9.227872192174544,12.588228114432905,coastal_tanker,container_feeder,power_driven,moderate,12702.777721514267,-2.6763601638954535,176.5670465550992,156.22184936491692,0.8745808936497049,False,False,False,1.2363722495267057e-12,-1.2576890124495798e-12,0.0,0,0.0,True,0.06388888888888888,1030.0,102.24766526920531,27461.824298763455,0.12361111111111112,0.011111111111111112,0.10277777777777777,1172.4160803014381,0,head_on,0.0,0.0,0.0,,,0.0
head_on_0099,head_on,head_on,both_give_way,rule_based,Rule-based COLREGS,modelled,154.17352571759335,1132.2476652692108,9.227872192174544,12.588228114432905,coastal_tanker,container_feeder,power_driven,moderate,12702.777721514267,-2.6763601638954535,176.5670465550992,591.4065024161481,2.6407716660960205,False,True,False,-0.4074020027232817,2.067328980199322,831.0850036480706,74,48.128175113514956,True,0.029166666666666667,1180.0,0.0,32073.175347664917,0.29305555555555557,0.0,0.2875,1268.209851098422,0,head_on,1.0,1.0,0.0,,,0.6666666666666666
head_on_0099,head_on,head_on,both_give_way,velocity_obstacle,Velocity obstacle,modelled,154.17352571759335,1132.2476652692108,9.227872192174544,12.588228114432905,coastal_tanker,container_feeder,power_driven,moderate,12702.777721514267,-2.6763601638954535,176.5670465550992,518.1452747088454,2.392893098323425,False,True,False,-2.6692878560585,4.284014466367737,671.0089681420636,75,59.70073896898135,True,0.04583333333333333,1170.0,0.0,21733.97072023716,0.1875,0.004166666666666667,0.18194444444444444,1114.9104603085611,0,head_on,1.0,1.0,0.0,,,0.6666666666666666
head_on_0099,head_on,head_on,both_give_way,mpc,MPC,modelled,154.17352571759335,1132.2476652692108,9.227872192174544,12.588228114432905,coastal_tanker,container_feeder,power_driven,moderate,12702.777721514267,-2.6763601638954535,176.5670465550992,761.4686680393577,3.299355326439143,False,True,False,-0.5865323237010565,2.6562777651867564,929.5726893475851,66,49.97951153875652,True,0.015277777777777777,1195.0,0.0,67257.95113737242,0.6791666666666667,0.0,0.6736111111111112,1267.786425438477,0,head_on,1.0,1.0,0.0,,,0.6666666666666666
crossing_0000,crossing,crossing,give_way,no_action,No action (baseline),modelled,57.30774640279373,1461.9333440530709,10.505330556091799,14.457922652891078,container_feeder,handysize_bulker,fishing,moderate,18122.20894714254,-18.015503291508754,149.307604957817,62.117096530629766,0.2190079594389389,False,False,True,-2.434201109415185e-13,2.434201109415185e-13,0.0,0,0.0,True,0.0625,1375.0,86.93334405306975,19721.896566253483,0.0,0.0,0.0,951.2306039729286,0,crossing,0.0,0.0,0.0,0.0,,0.0
crossing_0000,crossing,crossing,give_way,rule_based,Rule-based COLREGS,modelled,57.30774640279373,1461.9333440530709,10.505330556091799,14.457922652891078,container_feeder,handysize_bulker,fishing,moderate,18122.20894714254,-18.015503291508754,149.307604957817,562.5496713243238,1.6269946017802381,False,True,False,-0.5847963601685958,1.7423565079242738,847.9783188038293,58,34.98061137425881,True,0.03611111111111111,1515.0,0.0,31319.448058831444,0.0,0.0,0.0,1131.0213349345645,0,crossing,1.0,1.0,0.0,0.0,,0.5
crossing_0000,crossing,crossing,give_way,velocity_obstacle,Velocity obstacle,modelled,57.30774640279373,1461.9333440530709,10.505330556091799,14.457922652891078,container_feeder,handysize_bulker,fishing,moderate,18122.20894714254,-18.015503291508754,149.307604957817,458.5455970591521,1.3289001201751884,False,True,False,-0.5385901821911407,1.4657898840441255,709.2494378255508,59,34.89744314991344,True,0.043055555555555555,1495.0,0.0,28520.458125195662,0.0,0.0,0.0,1006.001627993522,0,crossing,1.0,1.0,0.0,0.0,,0.5
crossing_0000,crossing,crossing,give_way,mpc,MPC,modelled,57.30774640279373,1461.9333440530709,10.505330556091799,14.457922652891078,container_feeder,handysize_bulker,fishing,moderate,18122.20894714254,-18.015503291508754,149.307604957817,327.31103833415625,0.9102729823296031,False,False,False,-1.3273475883843693,2.3204342353354894,575.3196581015695,62,51.45947892124958,True,0.05694444444444444,1485.0,0.0,20164.168681033716,0.0,0.0,0.0,1026.0749106663598,0,crossing,1.0,1.0,0.0,0.0,,0.5
crossing_0001,crossing,crossing,give_way,no_action,No action (baseline),modelled,1423.156896388007,1740.4398276150275,9.066333846512032,11.103300634717261,vlcc,container_feeder,power_driven,good,12581.831426843404,59.07033563136063,273.0014244007973,1423.1604027682627,1.504965763918276,True,True,False,-8.67862874380455e-13,8.67862874380455e-13,0.0,0,0.0,True,0.04027777777777778,1820.0,0.0,13028.729840716524,0.475,0.0,0.475,818.9122548073558,0,crossing,0.0,0.0,0.0,0.0,,0.0
crossing_0001,crossing,crossing,give_way,rule_based,Rule-based COLREGS,modelled,1423.156896388007,1740.4398276150275,9.066333846512032,11.103300634717261,vlcc,container_feeder,power_driven,good,12581.831426843404,59.07033563136063,273.0014244007973,1423.1604027682627,1.504965763918276,True,True,False,-3.882448586198206,5.96243594173643,1193.2809832197097,132,40.21728634915101,True,0.05277777777777778,1815.0,0.0,12792.835573285833,0.3958333333333333,0.0,0.3958333333333333,718.4984011832659,0,crossing,1.0,1.0,0.0,0.0,,0.5
crossing_0001,crossing,crossing,give_way,velocity_obstacle,Velocity obstacle,modelled,1423.156896388007,1740.4398276150275,9.066333846512032,11.103300634717261,vlcc,container_feeder,power_driven,good,12581.831426843404,59.07033563136063,273.0014244007973,1423.1604027682627,1.504965763918276,True,True,False,-0.00646852890761775,0.006491830547407152,2.867654090302197,0,0.19461890474427823,True,0.04027777777777778,1815.0,0.0,13054.958540443657,0.475,0.0,0.475,799.670654853591,0,crossing,0.0,0.0,0.0,0.0,,0.0
crossing_0001,crossing,crossing,give_way,mpc,MPC,modelled,1423.156896388007,1740.4398276150275,9.066333846512032,11.103300634717261,vlcc,container_feeder,power_driven,good,12581.831426843404,59.07033563136063,273.0014244007973,1423.1604027682627,1.504965763918276,True,True,False,-0.5604110253979102,0.5637839299170608,34.53242781487608,0,2.346625832251133,True,0.04583333333333333,1815.0,0.0,12655.27506085779,0.4736111111111111,0.0,0.4736111111111111,787.029558186936,0,crossing,0.0,0.0,0.0,0.0,,0.0
crossing_0002,crossing,crossing,stand_on,no_action,No action (baseline),modelled,742.7614995425824,1742.1775091687814,12.332644783877061,10.15269976297036,coastal_tanker,container_feeder,power_driven,restricted,16883.294964818793,-27.183501167484515,113.2865471562065,743.0606167532994,2.4776204391080343,False,True,False,1.1165152088239255e-13,-1.1165152088239255e-13,0.0,0,0.0,False,0.008333333333333333,1660.0,82.17750916880613,346.50509154962936,0.006944444444444444,0.001388888888888889,0.005555555555555556,943.446215761011,0,crossing,,,,,1.0,1.0
crossing_0002,crossing,crossing,stand_on,rule_based,Rule-based COLREGS,modelled,742.7614995425824,1742.1775091687814,12.332644783877061,10.15269976297036,coastal_tanker,container_feeder,power_driven,restricted,16883.294964818793,-27.183501167484515,113.2865471562065,804.5760826359934,2.2705759307919817,False,True,False,-0.4149355382445635,2.393118830161612,1534.6655259794481,65,34.99694392625201,False,0.002777777777777778,,,1072.9926252816908,0.030555555555555555,0.0,0.030555555555555555,3330.5748095804615,0,crossing,,,,,1.0,1.0
crossing_0002,crossing,crossing,stand_on,velocity_obstacle,Velocity obstacle,modelled,742.7614995425824,1742.1775091687814,12.332644783877061,10.15269976297036,coastal_tanker,container_feeder,power_driven,restricted,16883.294964818793,-27.183501167484515,113.2865471562065,656.5512783167827,1.9192903548866995,False,True,False,-4.29926014224663,7.003614791892974,1308.832331873593,68,59.97746475647003,False,0.030555555555555555,1705.0,67.6208404723506,33.013401846346305,0.0,0.0,0.0,735.6666652956474,0,crossing,,,,,1.0,1.0
crossing_0002,crossing,crossing,stand_on,mpc,MPC,modelled,742.7614995425824,1742.1775091687814,12.332644783877061,10.15269976297036,coastal_tanker,container_feeder,power_driven,restricted,16883.294964818793,-27.183501167484515,113.2865471562065,721.7175521100899,2.8652249631076447,False,True,False,-1.524566668300466,1.8388975506702268,237.3265569927632,59,31.187871457757563,False,0.009722222222222222,1680.0,114.85311035270522,1989.0557943691201,0.027777777777777776,0.0125,0.015277777777777777,928.7063137154375,0,crossing,,,,,1.0,1.0
crossing_0003,crossing,crossing,give_way,no_action,No action (baseline),modelled,286.9181191047385,854.3391626332116,15.874777165193198,8.527861120618983,container_feeder,container_feeder,power_driven,good,5190.346582166445,34.92653850215385,313.3023443691866,286.9461207123072,0.49009459665033106,False,False,False,4.956500787537814e-14,-4.956500787537814e-14,0.0,0,0.0,True,0.08055555555555556,900.0,0.0,15839.390166275885,0.7416666666666667,0.0,0.7416666666666667,1264.7729480826729,0,crossing,0.0,0.0,0.0,0.0,,0.0
crossing_0003,crossing,crossing,give_way,rule_based,Rule-based COLREGS,modelled,286.9181191047385,854.3391626332116,15.874777165193198,8.527861120618983,container_feeder,container_feeder,power_driven,good,5190.346582166445,34.92653850215385,313.3023443691866,286.9461207123072,0.49009459665033106,False,False,False,-0.27074788641325287,2.2681108061485276,2081.757151264461,54,34.99780752267777,True,0.06388888888888888,900.0,0.0,20053.602896651566,0.725,0.0,0.725,1289.733972635784,0,crossing,1.0,1.0,0.0,0.0,,0.5
crossing_0003,crossing,crossing,give_way,velocity_obstacle,Velocity obstacle,modelled,286.9181191047385,854.3391626332116,15.874777165193198,8.527861120618983,container_feeder,container_feeder,power_driven,good,5190.346582166445,34.92653850215385,313.3023443691866,286.9461207123072,0.49009459665033106,False,False,False,-2.880242884557125,4.383076476032374,1066.2234760473464,70,59.54032330192384,True,0.06111111111111111,900.0,0.0,18617.50030771448,0.7097222222222223,0.0,0.7097222222222223,1280.8177457511847,0,crossing,1.0,1.0,0.0,0.0,,0.5
crossing_0003,crossing,crossing,give_way,mpc,MPC,modelled,286.9181191047385,854.3391626332116,15.874777165193198,8.527861120618983,container_feeder,container_feeder,power_driven,good,5190.346582166445,34.92653850215385,313.3023443691866,286.9461207123072,0.49009459665033106,False,False,False,-1.3825565994211875,1.3991018862929498,84.72457927014061,24,10.169701141314988,True,0.04861111111111111,900.0,0.0,13138.470420119842,0.7388888888888889,0.0,0.7388888888888889,1333.6654808514315,0,crossing,1.0,0.0,0.0,0.0,,0.25
crossing_0004,crossing,crossing,give_way,no_action,No action (baseline),modelled,1366.3722105378827,960.1922894147733,12.440204688579207,12.674450021308466,coastal_tanker,vlcc,power_driven,good,9342.002918905186,33.91670627463978,263.69682554552355,1366.373463920651,4.279127731665908,True,True,False,1.1859231945581907e-12,-1.1859231945581907e-12,0.0,0,0.0,False,0.09027777777777778,640.0,320.19228941477166,1325.4399767640182,0.0,0.0,0.0,1384.3623005185989,0,crossing,0.0,0.0,0.0,1.0,,0.25
crossing_0004,crossing,crossing,give_way,rule_based,Rule-based COLREGS,modelled,1366.3722105378827,960.1922894147733,12.440204688579207,12.674450021308466,coastal_tanker,vlcc,power_driven,good,9342.002918905186,33.91670627463978,263.69682554552355,1366.373463920651,4.279127731665908,True,True,False,1.1859231945581907e-12,-1.1859231945581907e-12,0.0,0,0.0,False,0.06805555555555555,650.0,310.1922894147716,1239.3320522441925,0.0,0.0,0.0,1452.1871007557545,0,crossing,0.0,0.0,0.0,1.0,,0.25
crossing_0004,crossing,crossing,give_way,velocity_obstacle,Velocity obstacle,modelled,1366.3722105378827,960.1922894147733,12.440204688579207,12.674450021308466,coastal_tanker,vlcc,power_driven,good,9342.002918905186,33.91670627463978,263.69682554552355,1440.412679716674,4.510192126931587,True,True,False,-0.06282131446387708,0.07550934587113835,84.40197456023576,21,6.498034248707865,False,0.08333333333333333,620.0,327.42131822270056,2062.134312212451,0.0,0.0,0.0,1391.4095104973076,0,crossing,1.0,0.0,0.0,1.0,,0.5
crossing_0004,crossing,crossing,give_way,mpc,MPC,modelled,1366.3722105378827,960.1922894147733,12.440204688579207,12.674450021308466,coastal_tanker,vlcc,power_driven,good,9342.002918905186,33.91670627463978,263.69682554552355,1366.373463920651,4.279127731665908,True,True,False,1.1859231945581907e-12,-1.1859231945581907e-12,0.0,0,0.0,False,0.08055555555555556,620.0,340.1922894147718,1319.9115054865829,0.0,0.0,0.0,1389.5918778969663,0,crossing,0.0,0.0,0.0,1.0,,0.25
crossing_0005,crossing,crossing,stand_on,no_action,No action (baseline),modelled,1074.3755570882836,723.4723708972357,12.126428160858536,10.495910215077611,coastal_tanker,coastal_tanker,power_driven,moderate,6930.7514860395095,-23.814483465145752,108.60677706311134,1074.4728280808874,3.4962863832943416,True,True,False,-3.8931502901360545e-13,3.8931502901360545e-13,0.0,0,0.0,False,0.002777777777777778,,,2677.203211822173,0.04027777777777778,0.0,0.04027777777777778,4975.218559611596,0,crossing,,,,,1.0,1.0
crossing_0005,crossing,crossing,stand_on,rule_based,Rule-based COLREGS,modelled,1074.3755570882836,723.4723708972357,12.126428160858536,10.495910215077611,coastal_tanker,coastal_tanker,power_driven,moderate,6930.7514860395095,-23.814483465145752,108.60677706311134,11.582252830628121,0.030808034926586344,False,False,True,-0.5243916542534528,7.1033620477125,2635.1781045082294,69,64.99536067746543,True,0.03611111111111111,975.0,0.0,17565.144376324482,0.043055555555555555,0.0,0.043055555555555555,1474.8481916202913,0,crossing,,,,,1.0,1.0
crossing_0005,crossing,crossing,stand_on,velocity_obstacle,Velocity obstacle,modelled,1074.3755570882836,723.4723708972357,12.126428160858536,10.495910215077611,coastal_tanker,coastal_tanker,power_driven,moderate,6930.7514860395095,-23.814483465145752,108.60677706311134,1123.4501477270585,3.388257549257574,True,True,False,-3.298343896203257,4.5630985262776305,714.3807034650341,73,58.70776442814548,False,0.034722222222222224,620.0,108.15327365986039,368.93739584414607,0.001388888888888889,0.0,0.001388888888888889,1442.8560464183763,0,crossing,,,,,1.0,1.0
crossing_0005,crossing,crossing,stand_on,mpc,MPC,modelled,1074.3755570882836,723.4723708972357,12.126428160858536,10.495910215077611,coastal_tanker,coastal_tanker,power_driven,moderate,6930.7514860395095,-23.814483465145752,108.60677706311134,1074.4728280808874,3.4962863832943416,True,True,False,-3.8931502901360545e-13,3.8931502901360545e-13,0.0,0,0.0,False,0.011111111111111112,610.0,113.47237089723347,9998.292314256367,0.04583333333333333,0.004166666666666667,0.041666666666666664,1944.8355528721538,0,crossing,,,,,1.0,1.0
crossing_0006,crossing,crossing,give_way,no_action,No action (baseline),modelled,778.0917942827897,1244.440190646119,9.051613228322289,14.769040319246079,vlcc,coastal_tanker,power_driven,good,6645.240166312483,105.95165929544976,316.45246633512966,778.0974579247072,0.8623637306721368,False,False,False,6.736875653080104e-13,-6.736875653080104e-13,0.0,0,0.0,True,0.03888888888888889,1165.0,79.44019064611211,12129.971929289164,0.6625,0.0,0.6625,1134.561748224915,0,crossing,0.0,0.0,0.0,0.0,,0.0
crossing_0006,crossing,crossing,give_way,rule_based,Rule-based COLREGS,modelled,778.0917942827897,1244.440190646119,9.051613228322289,14.769040319246079,vlcc,coastal_tanker,power_driven,good,6645.240166312483,105.95165929544976,316.45246633512966,686.1762861722228,0.8623637306721368,False,False,False,-3.768622424409337,6.916652420736173,1770.2750949223584,127,40.22307462033977,True,0.041666666666666664,1165.0,88.36479797220053,14102.168251534918,0.24861111111111112,0.0,0.24861111111111112,1102.5076739669946,0,crossing,1.0,1.0,0.0,0.0,,0.5
crossing_0006,crossing,crossing,give_way,velocity_obstacle,Velocity obstacle,modelled,778.0917942827897,1244.440190646119,9.051613228322289,14.769040319246079,vlcc,coastal_tanker,power_driven,good,6645.240166312483,105.95165929544976,316.45246633512966,589.6455854925288,0.8623637306721368,False,False,False,-8.068099895011757,8.882002019588278,621.8267863589301,130,32.00536401776155,True,0.041666666666666664,1165.0,96.77677582758756,14278.04535836033,0.1763888888888889,0.0,0.1763888888888889,1111.453277529861,0,crossing,1.0,1.0,0.0,0.0,,0.5
crossing_0006,crossing,crossing,give_way,mpc,MPC,modelled,778.0917942827897,1244.440190646119,9.051613228322289,14.769040319246079,vlcc,coastal_tanker,power_driven,good,6645.240166312483,105.95165929544976,316.45246633512966,664.1330816344096,0.8623637306721368,False,False,False,-2.2711135098582456,2.2806201410826805,60.0837107358401,0,3.8912142994726358,True,0.04027777777777778,1165.0,94.90749626614982,13095.293241534946,0.25416666666666665,0.0,0.25416666666666665,1115.4661150705094,0,crossing,0.0,0.0,0.0,0.0,,0.0
crossing_0007,crossing,crossing,stand_on,no_action,No action (baseline),modelled,370.0363758072687,1161.0999871233118,13.390895195637338,8.523017869267537,vlcc,vlcc,power_driven,good,8824.73579529812,-32.41236685143071,81.41475301878457,370.13063970193303,0.3066879738494174,False,False,False,8.813825853879644e-14,-8.813825853879644e-14,0.0,0,0.0,False,0.09861111111111111,890.0,271.0999871233082,241.90409251922588,0.002777777777777778,0.0,0.002777777777777778,1143.3096414383433,0,crossing,,,,,1.0,1.0
crossing_0007,crossing,crossing,stand_on,rule_based,Rule-based COLREGS,modelled,370.0363758072687,1161.0999871233118,13.390895195637338,8.523017869267537,vlcc,vlcc,power_driven,good,8824.73579529812,-32.41236685143071,81.41475301878457,65.02517467115102,0.05958707143794927,False,False,True,-2.268275583873501,3.4809793967661187,1094.5735480046028,93,38.54854074468166,True,0.05277777777777778,1335.0,0.0,14889.847761401685,0.004166666666666667,0.0,0.004166666666666667,1014.8120821684367,0,crossing,,,,,0.0,0.0
crossing_0007,crossing,crossing,stand_on,velocity_obstacle,Velocity obstacle,modelled,370.0363758072687,1161.0999871233118,13.390895195637338,8.523017869267537,vlcc,vlcc,power_driven,good,8824.73579529812,-32.41236685143071,81.41475301878457,1236.1525507523388,1.0287314529515574,True,True,False,-3.7723021406604906,4.022440969520343,398.9464531474979,76,23.185926969529227,False,0.08333333333333333,880.0,292.4660008708709,627.9630752112039,0.004166666666666667,0.002777777777777778,0.001388888888888889,1229.2866725861459,0,crossing,,,,,1.0,1.0
crossing_0007,crossing,crossing,stand_on,mpc,MPC,modelled,370.0363758072687,1161.0999871233118,13.390895195637338,8.523017869267537,vlcc,vlcc,power_driven,good,8824.73579529812,-32.41236685143071,81.41475301878457,1194.1602675313122,0.9923305839238316,True,False,False,-3.484012692405452,3.7079504997296464,386.4084331762737,74,21.866250431181637,False,0.07777777777777778,885.0,325.0198871607493,713.6044732588575,0.005555555555555556,0.004166666666666667,0.001388888888888889,1257.7648424465624,0,crossing,,,,,1.0,1.0
crossing_0008,crossing,crossing,give_way,no_action,No action (baseline),modelled,508.13424275211435,1019.1725827813173,15.847580600099347,11.126707944885123,container_feeder,handysize_bulker,power_driven,good,8547.42618090815,43.91534271734756,288.19562799630035,508.18145537664014,0.9041895926659038,False,False,False,-1.0674764630612723e-12,1.0674764630612723e-12,0.0,0,0.0,True,0.05694444444444444,1055.0,0.0,21548.845303567497,0.6972222222222222,0.0,0.6972222222222222,1284.6151687458282,0,crossing,0.0,0.0,0.0,0.0,,0.0
crossing_0008,crossing,crossing,give_way,rule_based,Rule-based COLREGS,modelled,508.13424275211435,1019.1725827813173,15.847580600099347,11.126707944885123,container_feeder,handysize_bulker,power_driven,good,8547.42618090815,43.91534271734756,288.19562799630035,508.18145537664014,0.9041895926659038,False,False,False,-0.2715505999776637,2.017394013053157,1844.3220328148195,54,34.99327618268794,True,0.05694444444444444,1055.0,0.0,23105.609294438953,0.6791666666666667,0.0,0.6791666666666667,1250.0069367757474,0,crossing,1.0,1.0,0.0,0.0,,0.5
crossing_0008,crossing,crossing,give_way,velocity_obstacle,Velocity obstacle,modelled,508.13424275211435,1019.1725827813173,15.847580600099347,11.126707944885123,container_feeder,handysize_bulker,power_driven,good,8547.42618090815,43.91534271734756,288.19562799630035,508.18145537664014,0.9041895926659038,False,False,False,-2.5543406226311665,3.8057331596444186,936.6256585339811,69,58.672133438095784,True,0.059722222222222225,1055.0,0.0,21547.387348397617,0.6597222222222222,0.0,0.6597222222222222,1205.120044404815,0,crossing,1.0,1.0,0.0,0.0,,0.5
crossing_0008,crossing,crossing,give_way,mpc,MPC,modelled,508.13424275211435,1019.1725827813173,15.847580600099347,11.126707944885123,container_feeder,handysize_bulker,power_driven,good,8547.42618090815,43.91534271734756,288.19562799630035,508.18145537664014,0.9041895926659038,False,False,False,-0.7491751000558927,0.7516741718420197,33.41788934353384,10,4.027785771195428,True,0.05,1055.0,0.0,19157.48077410269,0.6972222222222222,0.0,0.6972222222222222,1270.0001305429519,0,crossing,0.0,0.0,0.0,0.0,,0.0
crossing_0009,crossing,crossing,give_way,no_action,No action (baseline),modelled,726.2047754165471,631.7606992826157,13.379363103610824,11.65151281999689,container_feeder,coastal_tanker,power_driven,moderate,4376.461696370714,61.3834863364641,296.35936650439345,726.3043771509023,1.317100438075269,False,True,False,-4.410711383191644e-13,4.410711383191644e-13,0.0,0,0.0,True,0.02638888888888889,680.0,0.0,19644.730849994663,0.8013888888888889,0.0,0.8013888888888889,1627.2691103487164,0,crossing,0.0,0.0,0.0,0.0,,0.0
crossing_0009,crossing,crossing,give_way,rule_based,Rule-based COLREGS,modelled,726.2047754165471,631.7606992826157,13.379363103610824,11.65151281999689,container_feeder,coastal_tanker,power_driven,moderate,4376.461696370714,61.3834863364641,296.35936650439345,726.3043771509023,1.317100438075269,False,True,False,-0.37447510643382026,2.5443406128416184,1884.8788179520088,54,34.99933066313199,True,0.034722222222222224,675.0,0.0,22575.88460105081,0.7805555555555556,0.0,0.7805555555555556,1558.844776929681,0,crossing,1.0,1.0,0.0,0.0,,0.5
crossing_0009,crossing,crossing,give_way,velocity_obstacle,Velocity obstacle,modelled,726.2047754165471,631.7606992826157,13.379363103610824,11.65151281999689,container_feeder,coastal_tanker,power_driven,moderate,4376.461696370714,61.3834863364641,296.35936650439345,726.3043771509023,1.317100438075269,False,True,False,-3.133595745090703,4.646653136097449,900.407209896396,72,60.468556471056985,True,0.04027777777777778,675.0,0.0,22347.829739534307,0.7597222222222222,0.0,0.7597222222222222,1500.9609245746065,0,crossing,1.0,1.0,0.0,0.0,,0.5
crossing_0009,crossing,crossing,give_way,mpc,MPC,modelled,726.2047754165471,631.7606992826157,13.379363103610824,11.65151281999689,container_feeder,coastal_tanker,power_driven,moderate,4376.461696370714,61.3834863364641,296.35936650439345,726.3043771509023,1.317100438075269,False,True,False,-0.6723266887422039,0.6723912591265225,4.527447047289785,0,0.6116024097328057,True,0.030555555555555555,690.0,0.0,18109.027985156576,0.8013888888888889,0.0,0.8013888888888889,1577.2444161940516,0,crossing,0.0,0.0,0.0,0.0,,0.0
crossing_0010,crossing,crossing,give_way,no_action,No action (baseline),modelled,620.8396159381782,1407.2848443996427,14.502104352016017,13.805972565604415,coastal_tanker,container_feeder,power_driven,restricted,18978.94257227528,19.801725048713088,224.5056180594845,621.6030155578534,2.6364616325852346,False,True,False,5.968215230871793e-13,-5.968215230871793e-13,0.0,0,0.0,False,0.006944444444444444,1365.0,42.2848443996403,1749.5449545287554,0.001388888888888889,0.0,0.001388888888888889,2606.0470313827286,0,crossing,0.0,0.0,0.0,1.0,,0.25
crossing_0010,crossing,crossing,give_way,rule_based,Rule-based COLREGS,modelled,620.8396159381782,1407.2848443996427,14.502104352016017,13.805972565604415,coastal_tanker,container_feeder,power_driven,restricted,18978.94257227528,19.801725048713088,224.5056180594845,863.8573103001497,4.877233137963867,False,True,False,-0.2366882914092022,1.579786549265613,1139.8771364277857,67,48.302805934694916,False,0.001388888888888889,,,8218.585732770081,0.0125,0.0,0.0125,7000.081796051291,0,crossing,1.0,1.0,0.0,1.0,,0.75
crossing_0010,crossing,crossing,give_way,velocity_obstacle,Velocity obstacle,modelled,620.8396159381782,1407.2848443996427,14.502104352016017,13.805972565604415,coastal_tanker,container_feeder,power_driven,restricted,18978.94257227528,19.801725048713088,224.5056180594845,851.9459812675577,4.836149029973484,False,True,False,-1.9793529300459576,3.520179564915017,1027.3082690629371,66,58.781278901577,False,0.001388888888888889,,,8133.284851693371,0.009722222222222222,0.0,0.009722222222222222,6956.885222873814,0,crossing,1.0,1.0,0.0,1.0,,0.75
crossing_0010,crossing,crossing,give_way,mpc,MPC,modelled,620.8396159381782,1407.2848443996427,14.502104352016017,13.805972565604415,coastal_tanker,container_feeder,power_driven,restricted,18978.94257227528,19.801725048713088,224.5056180594845,822.1426809756492,4.662430126921198,False,True,False,-0.7101172933684743,1.2541290877954385,523.9399847691923,46,47.49729739714418,False,0.004166666666666667,,,3465.485609718048,0.001388888888888889,0.0,0.001388888888888889,3876.650961481901,0,crossing,1.0,1.0,0.0,1.0,,0.75
crossing_0011,crossing,crossing,stand_on,no_action,No action (baseline),modelled,1099.5144560482695,1132.0652447509153,15.00259388386557,8.861326151757115,coastal_tanker,coastal_tanker,power_driven,good,5266.305075708585,-44.159720711481675,32.03588324573769,1099.5545997365737,2.7264884462022057,True,True,False,7.866974150972001e-14,-7.866974150972001e-14,0.0,0,0.0,True,0.03194444444444444,1340.0,0.0,12252.265331703698,0.06388888888888888,0.0,0.06388888888888888,1206.6203049851972,0,crossing,,,,,1.0,1.0
crossing_0011,crossing,crossing,stand_on,rule_based,Rule-based COLREGS,modelled,1099.5144560482695,1132.0652447509153,15.00259388386557,8.861326151757115,coastal_tanker,coastal_tanker,power_driven,good,5266.305075708585,-44.159720711481675,32.03588324573769,1099.5545997365737,2.7264884462022057,True,True,False,-0.19633837110400296,1.0237452626369106,929.5882294436431,53,34.609977252117474,True,0.029166666666666667,1330.0,0.0,15154.340056586478,0.5861111111111111,0.0,0.5861111111111111,1295.6999552892798,0,crossing,,,,,1.0,1.0
crossing_0011,crossing,crossing,stand_on,velocity_obstacle,Velocity obstacle,modelled,1099.5144560482695,1132.0652447509153,15.00259388386557,8.861326151757115,coastal_tanker,coastal_tanker,power_driven,good,5266.305075708585,-44.159720711481675,32.03588324573769,1099.5545997365737,2.7264884462022057,True,True,False,-0.686221691861483,0.8675591705278588,286.4950080923908,36,32.878408421172644,True,0.03888888888888889,1345.0,0.0,12325.18889730647,0.08333333333333333,0.0,0.08333333333333333,987.7468915324599,0,crossing,,,,,1.0,1.0
crossing_0011,crossing,crossing,stand_on,mpc,MPC,modelled,1099.5144560482695,1132.0652447509153,15.00259388386557,8.861326151757115,coastal_tanker,coastal_tanker,power_driven,good,5266.305075708585,-44.159720711481675,32.03588324573769,1099.5545997365737,2.7264884462022057,True,True,False,-0.4976433596751661,0.5197071151050251,51.335520261577095,24,13.344590377110803,True,0.025,1350.0,0.0,11847.855204331892,0.059722222222222225,0.0,0.059722222222222225,1051.1298843662933,0,crossing,,,,,1.0,1.0
crossing_0012,crossing,crossing,stand_on,no_action,No action (baseline),modelled,1101.2291161782682,632.0458703487211,8.498002379207708,8.24002488215053,vlcc,coastal_tanker,power_driven,good,4983.334996333798,-39.07092216672401,126.50145982969983,1101.3414798779822,1.4404811761656315,True,True,False,-1.1689538233556202e-12,1.1689538233556202e-12,0.0,0,0.0,True,0.013888888888888888,780.0,0.0,22092.285835551724,0.05277777777777778,0.0,0.05277777777777778,1869.234658651833,0,crossing,,,,,1.0,1.0
crossing_0012,crossing,crossing,stand_on,rule_based,Rule-based COLREGS,modelled,1101.2291161782682,632.0458703487211,8.498002379207708,8.24002488215053,vlcc,coastal_tanker,power_driven,good,4983.334996333798,-39.07092216672401,126.50145982969983,1101.3414798779822,1.4404811761656315,True,True,False,-5.335871896436985,6.345600994945137,698.0172532626285,125,33.3693125438742,True,0.0125,795.0,0.0,22416.001449731753,0.030555555555555555,0.0,0.030555555555555555,1767.0704714897436,0,crossing,,,,,1.0,1.0
crossing_0012,crossing,crossing,stand_on,velocity_obstacle,Velocity obstacle,modelled,1101.2291161782682,632.0458703487211,8.498002379207708,8.24002488215053,vlcc,coastal_tanker,power_driven,good,4983.334996333798,-39.07092216672401,126.50145982969983,1101.3414798779822,1.4404811761656315,True,True,False,-0.08415213149027304,0.08440804305526846,9.154365945339912,0,0.6233216923562357,True,0.016666666666666666,785.0,0.0,21892.677003311685,0.05,0.0,0.05,1932.9290916004716,0,crossing,,,,,1.0,1.0
crossing_0012,crossing,crossing,stand_on,mpc,MPC,modelled,1101.2291161782682,632.0458703487211,8.498002379207708,8.24002488215053,vlcc,coastal_tanker,power_driven,good,4983.334996333798,-39.07092216672401,126.50145982969983,1101.3414798779822,1.4404811761656315,True,True,False,-0.4789177573357578,0.49168991831677133,65.05204387400055,5,4.403709227655443,True,0.0125,795.0,0.0,22889.339077997567,0.06111111111111111,0.0,0.06111111111111111,1848.00337987947,0,crossing,,,,,1.0,1.0
crossing_0013,crossing,crossing,give_way,no_action,No action (baseline),modelled,1293.5488725895295,1467.779608813267,10.08360046217044,12.121793393447035,coastal_tanker,coastal_tanker,power_driven,good,8566.072220782637,60.46292407248979,300.16910711001424,1293.6122973965093,3.5980855831346084,True,True,False,-8.388332793696991e-13,8.388332793696991e-13,0.0,0,0.0,False,0.0375,1305.0,162.77960881325643,658.0055186244861,0.0,0.0,0.0,997.8680729852844,0,crossing,0.0,0.0,0.0,1.0,,0.25
crossing_0013,crossing,crossing,give_way,rule_based,Rule-based COLREGS,modelled,1293.5488725895295,1467.779608813267,10.08360046217044,12.121793393447035,coastal_tanker,coastal_tanker,power_driven,good,8566.072220782637,60.46292407248979,300.16910711001424,1455.1882146648259,4.782455369877226,True,True,False,-0.5175080021476414,2.3926528274028365,1207.0185310644997,65,34.996045140316376,False,0.0125,1320.0,118.55264342332559,1926.082868239133,0.0,0.0,0.0,1135.9297933124226,0,crossing,1.0,1.0,0.0,1.0,,0.75
crossing_0013,crossing,crossing,give_way,velocity_obstacle,Velocity obstacle,modelled,1293.5488725895295,1467.779608813267,10.08360046217044,12.121793393447035,coastal_tanker,coastal_tanker,power_driven,good,8566.072220782637,60.46292407248979,300.16910711001424,1409.4445787140012,3.9293610389539686,True,True,False,-0.34247649989377554,0.4180470718439136,130.1420227459783,31,19.784425408507627,False,0.03333333333333333,1295.0,97.74388925776518,791.6727787706081,0.0,0.0,0.0,1017.7171924155433,0,crossing,1.0,0.0,0.0,1.0,,0.5
crossing_0013,crossing,crossing,give_way,mpc,MPC,modelled,1293.5488725895295,1467.779608813267,10.08360046217044,12.121793393447035,coastal_tanker,coastal_tanker,power_driven,good,8566.072220782637,60.46292407248979,300.16910711001424,1259.6187714220089,3.5031949650331256,True,True,False,-0.10904142425006702,0.23773594283392674,212.16928742177686,42,18.286964853499267,False,0.02638888888888889,1385.0,142.16175223020664,211.11056899994776,0.0,0.0,0.0,1027.1258375374418,0,crossing,0.0,0.0,0.0,1.0,,0.25
crossing_0014,crossing,crossing,give_way,no_action,No action (baseline),modelled,228.5784030571459,1400.9032099728843,12.110566648655533,15.801571225264972,coastal_tanker,container_feeder,power_driven,good,14835.354469841397,50.85767288137241,265.9115963135975,228.77838869038396,0.7781170234360324,False,False,False,-1.5430569934046474e-12,1.5430569934046474e-12,0.0,0,0.0,True,0.015277777777777777,1420.0,0.0,22352.486904730096,0.6069444444444444,0.0,0.6069444444444444,1058.5117996459371,0,crossing,0.0,0.0,0.0,0.0,,0.0
crossing_0014,crossing,crossing,give_way,rule_based,Rule-based COLREGS,modelled,228.5784030571459,1400.9032099728843,12.110566648655533,15.801571225264972,coastal_tanker,container_feeder,power_driven,good,14835.354469841397,50.85767288137241,265.9115963135975,228.77838869038396,0.7781170234360324,False,False,False,-0.1962653665198578,1.5425061115079264,1128.6777018733867,54,34.955518561067024,True,0.04722222222222222,1420.0,0.0,23708.36696283573,0.6055555555555555,0.0,0.6055555555555555,1014.6842412926878,0,crossing,1.0,1.0,0.0,0.0,,0.5
crossing_0014,crossing,crossing,give_way,velocity_obstacle,Velocity obstacle,modelled,228.5784030571459,1400.9032099728843,12.110566648655533,15.801571225264972,coastal_tanker,container_feeder,power_driven,good,14835.354469841397,50.85767288137241,265.9115963135975,228.77838869038396,0.7781170234360324,False,False,False,-1.9111113630787708,2.807008801705837,577.0081430539138,60,55.27803956716478,True,0.04861111111111111,1420.0,0.0,22859.73103386154,0.6055555555555555,0.0,0.6055555555555555,998.0229482156749,0,crossing,1.0,1.0,0.0,0.0,,0.5
crossing_0014,crossing,crossing,give_way,mpc,MPC,modelled,228.5784030571459,1400.9032099728843,12.110566648655533,15.801571225264972,coastal_tanker,container_feeder,power_driven,good,14835.354469841397,50.85767288137241,265.9115963135975,228.77838869038396,0.7781170234360324,False,False,False,-0.758407558295331,0.7585067377285851,4.849464359584787,2,0.8741836430023816,True,0.015277777777777777,1420.0,0.0,22366.405420831004,0.6069444444444444,0.0,0.6069444444444444,1056.9866199148112,0,crossing,0.0,0.0,0.0,0.0,,0.0
crossing_0015,crossing,crossing,give_way,no_action,No action (baseline),modelled,994.6849305978204,1753.5778409691914,11.674335217911644,11.242097458205778,handysize_bulker,coastal_tanker,power_driven,good,11631.638577084177,49.41666508115574,291.8384698533878,994.7293338908769,1.5871725255848614,True,True,False,-2.1904534020213228e-13,2.1904534020213228e-13,0.0,0,0.0,False,0.034722222222222224,1540.0,213.57784096919426,1313.7776021184877,0.0,0.0,0.0,827.3892618749088,0,crossing,0.0,0.0,0.0,1.0,,0.25
crossing_0015,crossing,crossing,give_way,rule_based,Rule-based COLREGS,modelled,994.6849305978204,1753.5778409691914,11.674335217911644,11.242097458205778,handysize_bulker,coastal_tanker,power_driven,good,11631.638577084177,49.41666508115574,291.8384698533878,1350.0883261005843,2.6779094503010334,True,True,False,-0.8939525997903988,3.0012748522034287,1572.479242802893,66,35.36612854300208,False,0.015277777777777777,1545.0,193.01022380627234,1811.3010334754672,0.0,0.0,0.0,967.1599506369674,0,crossing,1.0,1.0,0.0,1.0,,0.75
crossing_0015,crossing,crossing,give_way,velocity_obstacle,Velocity obstacle,modelled,994.6849305978204,1753.5778409691914,11.674335217911644,11.242097458205778,handysize_bulker,coastal_tanker,power_driven,good,11631.638577084177,49.41666508115574,291.8384698533878,1469.0910899012467,2.371556138572059,True,True,False,-1.612491989355425,1.840831598844308,294.44953698036295,53,26.225649242861603,False,0.011111111111111112,1575.0,102.60015076691548,1308.0940243409543,0.001388888888888889,0.0,0.001388888888888889,982.3664605368604,0,crossing,1.0,0.0,0.0,1.0,,0.5
crossing_0015,crossing,crossing,give_way,mpc,MPC,modelled,994.6849305978204,1753.5778409691914,11.674335217911644,11.242097458205778,handysize_bulker,coastal_tanker,power_driven,good,11631.638577084177,49.41666508115574,291.8384698533878,1015.2830856809619,1.7125211964467937,True,True,False,-1.119108700189691,1.234406230127712,217.84040774763164,47,18.071498049254824,False,0.03194444444444444,1640.0,181.28149930684717,125.30046733265215,0.0,0.0,0.0,845.9841648656906,0,crossing,0.0,0.0,0.0,1.0,,0.25
crossing_0016,crossing,crossing,stand_on,no_action,No action (baseline),modelled,70.83028222179499,1233.5734277407996,13.84646921612659,15.013131536578676,coastal_tanker,vlcc,power_driven,moderate,14497.1554261419,-39.214609848163434,104.59068025666079,72.78734613937348,0.24495815732264636,False,False,True,-2.2730226541688228e-13,2.2730226541688228e-13,0.0,0,0.0,False,0.016666666666666666,1200.0,33.57342774078654,35.69633083024171,0.001388888888888889,0.0,0.001388888888888889,1167.111608077739,0,crossing,,,,,1.0,1.0
crossing_0016,crossing,crossing,stand_on,rule_based,Rule-based COLREGS,modelled,70.83028222179499,1233.5734277407996,13.84646921612659,15.013131536578676,coastal_tanker,vlcc,power_driven,moderate,14497.1554261419,-39.214609848163434,104.59068025666079,16.82835018082056,0.09529758827407987,False,False,True,-0.17817440515704064,0.33179643931376607,269.8812979069186,37,25.98992212769406,False,0.016666666666666666,1215.0,25.171586579661252,67949.8412503441,0.002777777777777778,0.001388888888888889,0.001388888888888889,1146.741754444525,0,crossing,,,,,1.0,1.0
crossing_0016,crossing,crossing,stand_on,velocity_obstacle,Velocity obstacle,modelled,70.83028222179499,1233.5734277407996,13.84646921612659,15.013131536578676,coastal_tanker,vlcc,power_driven,moderate,14497.1554261419,-39.214609848163434,104.59068025666079,57.39474123803899,0.1931286478461971,False,False,True,-3.2610624945973243,5.249155076629245,1153.725424842995,66,59.76090548376352,False,0.016666666666666666,1195.0,42.906856425262276,10.011168311017446,0.001388888888888889,0.0,0.001388888888888889,1140.5051962462087,0,crossing,,,,,1.0,1.0
crossing_0016,crossing,crossing,stand_on,mpc,MPC,modelled,70.83028222179499,1233.5734277407996,13.84646921612659,15.013131536578676,coastal_tanker,vlcc,power_driven,moderate,14497.1554261419,-39.214609848163434,104.59068025666079,57.38690271378923,0.19623173776266317,False,False,True,-0.7041540346687652,0.7789410180453741,154.51091678878967,27,23.205799216814583,False,0.015277777777777777,1200.0,39.504047066449075,32.69147971582867,0.001388888888888889,0.0,0.001388888888888889,1153.496646372755,0,crossing,,,,,1.0,1.0
crossing_0017,crossing,crossing,stand_on,no_action,No action (baseline),modelled,1331.6791606698666,634.7246487930639,13.612972803070443,13.152998367702237,vlcc,handysize_bulker,power_driven,good,5969.516306799825,-60.05162406914311,83.46946143105845,1331.6815533394238,1.2574165517441036,True,True,False,8.670039967704939e-14,-8.670039967704939e-14,0.0,0,0.0,True,0.044444444444444446,705.0,0.0,25150.07746394877,0.02638888888888889,0.0,0.02638888888888889,1639.1494055408689,0,crossing,,,,,1.0,1.0
crossing_0017,crossing,crossing,stand_on,rule_based,Rule-based COLREGS,modelled,1331.6791606698666,634.7246487930639,13.612972803070443,13.152998367702237,vlcc,handysize_bulker,power_driven,good,5969.516306799825,-60.05162406914311,83.46946143105845,1331.6815533394238,1.2574165517441036,True,True,False,-2.6138706088420602,3.3684429570643393,795.2317037672545,89,35.5422164772928,True,0.030555555555555555,705.0,0.0,26058.788238452045,0.020833333333333332,0.0,0.020833333333333332,1768.6285185102631,0,crossing,,,,,1.0,1.0
crossing_0017,crossing,crossing,stand_on,velocity_obstacle,Velocity obstacle,modelled,1331.6791606698666,634.7246487930639,13.612972803070443,13.152998367702237,vlcc,handysize_bulker,power_driven,good,5969.516306799825,-60.05162406914311,83.46946143105845,1331.6815533394238,1.2574165517441036,True,True,False,-0.18579082216441667,0.18823299242268307,37.482463684152215,3,2.457638804477057,True,0.04722222222222222,705.0,0.0,26114.111172931018,0.025,0.0,0.025,1686.3489647062672,0,crossing,,,,,1.0,1.0
crossing_0017,crossing,crossing,stand_on,mpc,MPC,modelled,1331.6791606698666,634.7246487930639,13.612972803070443,13.152998367702237,vlcc,handysize_bulker,power_driven,good,5969.516306799825,-60.05162406914311,83.46946143105845,1331.6815533394238,1.2574165517441036,True,True,False,-0.3576627101063641,0.36030718178049276,39.06051627299249,3,2.5565345859144335,True,0.05138888888888889,700.0,0.0,24777.572924847787,0.029166666666666667,0.0,0.029166666666666667,1612.5452176035847,0,crossing,,,,,1.0,1.0
crossing_0018,crossing,crossing,stand_on,no_action,No action (baseline),modelled,1396.395833086389,1155.7581961825736,9.455643754582848,8.336109101978437,coastal_tanker,container_feeder,power_driven,good,9230.745131688169,-19.641921857827416,119.07526947045561,1396.4086625369937,4.995975156402305,True,True,False,-9.361474058127835e-13,9.361474058127835e-13,0.0,0,0.0,False,0.025,820.0,335.75819618256565,17478.929527444234,0.7166666666666667,0.018055555555555554,0.6986111111111111,1639.4758061550112,0,crossing,,,,,1.0,1.0
crossing_0018,crossing,crossing,stand_on,rule_based,Rule-based COLREGS,modelled,1396.395833086389,1155.7581961825736,9.455643754582848,8.336109101978437,coastal_tanker,container_feeder,power_driven,good,9230.745131688169,-19.641921857827416,119.07526947045561,1396.4086625369937,4.995975156402305,True,True,False,-9.361474058127835e-13,9.361474058127835e-13,0.0,0,0.0,False,0.022222222222222223,935.0,220.75819618256438,1186.2955885776441,0.03333333333333333,0.013888888888888888,0.019444444444444445,1481.64658771155,0,crossing,,,,,1.0,1.0
crossing_0018,crossing,crossing,stand_on,velocity_obstacle,Velocity obstacle,modelled,1396.395833086389,1155.7581961825736,9.455643754582848,8.336109101978437,coastal_tanker,container_feeder,power_driven,good,9230.745131688169,-19.641921857827416,119.07526947045561,1406.2048655077378,5.030467196808497,True,True,False,-0.45945590895045757,0.47403936622140025,33.635745124539255,35,9.292498428059366,False,0.025,840.0,339.1111880117965,2673.321104468584,0.041666666666666664,0.001388888888888889,0.04027777777777778,1361.0644760831956,0,crossing,,,,,1.0,1.0
crossing_0018,crossing,crossing,stand_on,mpc,MPC,modelled,1396.395833086389,1155.7581961825736,9.455643754582848,8.336109101978437,coastal_tanker,container_feeder,power_driven,good,9230.745131688169,-19.641921857827416,119.07526947045561,1112.6634519577908,3.981653128754699,True,True,False,-0.5032136205323867,0.9822403228434424,414.77923601705095,51,29.014781524648704,False,0.020833333333333332,945.0,320.536522654849,3476.663526380166,0.10694444444444444,0.0,0.10694444444444444,1344.8923842004992,0,crossing,,,,,0.0,0.0
crossing_0019,crossing,crossing,stand_on,no_action,No action (baseline),modelled,1093.6422644140926,819.3655102348349,12.179697542944094,15.081423824621432,vlcc,vlcc,power_driven,good,9838.913649683505,-29.29795535301736,116.21866874715926,1093.6684751006637,1.4079443976059167,True,True,False,1.3404925810428988e-12,-1.3404925810428988e-12,0.0,0,0.0,False,0.07361111111111111,560.0,259.3655102348364,1595.7894446543014,0.006944444444444444,0.0,0.006944444444444444,1569.8905383330102,0,crossing,,,,,1.0,1.0
crossing_0019,crossing,crossing,stand_on,rule_based,Rule-based COLREGS,modelled,1093.6422644140926,819.3655102348349,12.179697542944094,15.081423824621432,vlcc,vlcc,power_driven,good,9838.913649683505,-29.29795535301736,116.21866874715926,1093.6684751006637,1.4079443976059167,True,True,False,1.3404925810428988e-12,-1.3404925810428988e-12,0.0,0,0.0,False,0.0763888888888889,470.0,349.36551023483577,1792.1445604544738,0.013888888888888888,0.0,0.013888888888888888,1739.1321126600535,0,crossing,,,,,1.0,1.0
crossing_0019,crossing,crossing,stand_on,velocity_obstacle,Velocity obstacle,modelled,1093.6422644140926,819.3655102348349,12.179697542944094,15.081423824621432,vlcc,vlcc,power_driven,good,9838.913649683505,-29.29795535301736,116.21866874715926,1227.67216336499,1.6075546606367683,True,True,False,-1.1629684781447684,1.1833897162307179,73.5848048879264,18,4.842487466155596,False,0.075,470.0,346.1794988339027,4822.478603150521,0.06111111111111111,0.001388888888888889,0.059722222222222225,1490.8294212405992,0,crossing,,,,,1.0,1.0
crossing_0019,crossing,crossing,stand_on,mpc,MPC,modelled,1093.6422644140926,819.3655102348349,12.179697542944094,15.081423824621432,vlcc,vlcc,power_driven,good,9838.913649683505,-29.29795535301736,116.21866874715926,1196.4033353946072,1.5384063349581287,True,True,False,-0.6077499156133785,0.6095575659911092,30.186080677613635,0,2.000182990527762,False,0.07083333333333333,495.0,341.0429887095089,3909.198441781118,0.027777777777777776,0.0,0.027777777777777776,1523.1768966406553,0,crossing,,,,,1.0,1.0
crossing_0020,crossing,crossing,give_way,no_action,No action (baseline),modelled,925.9631654895488,695.0520839093671,8.303977691623572,8.062206173406935,coastal_tanker,coastal_tanker,power_driven,good,3856.5040698648336,63.111446362432154,280.47165681061983,925.9632079855994,2.5691956438315886,False,True,False,-1.101512944341611e-12,1.101512944341611e-12,0.0,0,0.0,True,0.04861111111111111,765.0,0.0,15098.249713197181,0.7666666666666667,0.0,0.7666666666666667,1475.4577691861045,0,crossing,0.0,0.0,0.0,0.0,,0.0
crossing_0020,crossing,crossing,give_way,rule_based,Rule-based COLREGS,modelled,925.9631654895488,695.0520839093671,8.303977691623572,8.062206173406935,coastal_tanker,coastal_tanker,power_driven,good,3856.5040698648336,63.111446362432154,280.47165681061983,925.9632079855994,2.5691956438315886,False,True,False,-0.3945760749492964,2.838677355393888,1303.7681098394005,54,34.99981975927484,True,0.043055555555555555,765.0,0.0,17330.70979161419,0.7236111111111111,0.0,0.7236111111111111,1433.6222033795611,0,crossing,1.0,1.0,0.0,0.0,,0.5
crossing_0020,crossing,crossing,give_way,velocity_obstacle,Velocity obstacle,modelled,925.9631654895488,695.0520839093671,8.303977691623572,8.062206173406935,coastal_tanker,coastal_tanker,power_driven,good,3856.5040698648336,63.111446362432154,280.47165681061983,925.9632079855994,2.5691956438315886,False,True,False,-2.0110494009870785,2.599664501787646,325.51944039810775,58,44.73653985441016,True,0.027777777777777776,765.0,0.0,15331.003007679663,0.7430555555555556,0.0,0.7430555555555556,1402.3511987652503,0,crossing,1.0,1.0,0.0,0.0,,0.5
crossing_0020,crossing,crossing,give_way,mpc,MPC,modelled,925.9631654895488,695.0520839093671,8.303977691623572,8.062206173406935,coastal_tanker,coastal_tanker,power_driven,good,3856.5040698648336,63.111446362432154,280.47165681061983,925.9632079855994,2.5691956438315886,False,True,False,-0.745515407767489,0.747139325324691,14.478962873074753,4,3.0074458496648173,True,0.05694444444444444,765.0,0.0,14497.816664837963,0.7652777777777777,0.0,0.7652777777777777,1476.0818598755204,0,crossing,0.0,0.0,0.0,0.0,,0.0
crossing_0021,crossing,crossing,give_way,no_action,No action (baseline),modelled,430.0126308456172,1685.8175991618064,13.234973074196262,13.656150817249397,vlcc,container_feeder,power_driven,good,10382.679323847626,63.036427872759155,307.20540526938584,430.0420619751096,0.3615629974833859,False,False,False,1.4862770230087094e-12,-1.4862770230087094e-12,0.0,0,0.0,False,0.029166666666666667,1610.0,75.817599161811,21.605064351419426,0.0,0.0,0.0,840.5155915317179,0,crossing,0.0,0.0,0.0,1.0,,0.25
crossing_0021,crossing,crossing,give_way,rule_based,Rule-based COLREGS,modelled,430.0126308456172,1685.8175991618064,13.234973074196262,13.656150817249397,vlcc,container_feeder,power_driven,good,10382.679323847626,63.036427872759155,307.20540526938584,507.0345125514372,0.5167092570323338,False,False,False,-2.574500199970803,3.528816807797427,908.4990733822739,96,37.759946730257425,False,0.02638888888888889,1610.0,75.09658708600972,180.3752195216841,0.0,0.0,0.0,856.1037776822692,0,crossing,1.0,1.0,0.0,1.0,,0.75
crossing_0021,crossing,crossing,give_way,velocity_obstacle,Velocity obstacle,modelled,430.0126308456172,1685.8175991618064,13.234973074196262,13.656150817249397,vlcc,container_feeder,power_driven,good,10382.679323847626,63.036427872759155,307.20540526938584,578.0824891250733,0.7222168023641982,False,False,False,-5.7214270901260225,6.588462442755823,813.6243388131231,105,38.37371171851175,False,0.027777777777777776,1610.0,66.22494908180119,189.94922111561885,0.0,0.0,0.0,856.3370543087722,0,crossing,1.0,1.0,0.0,1.0,,0.75
crossing_0021,crossing,crossing,give_way,mpc,MPC,modelled,430.0126308456172,1685.8175991618064,13.234973074196262,13.656150817249397,vlcc,container_feeder,power_driven,good,10382.679323847626,63.036427872759155,307.20540526938584,547.1339761590613,0.5648273431012032,False,False,False,-2.3104552565183436,2.3237271461883253,85.93563291471305,11,5.666547240677294,False,0.0375,1610.0,70.06490604196958,199.24260383308638,0.0,0.0,0.0,816.9527311267029,0,crossing,0.0,0.0,0.0,1.0,,0.25
crossing_0022,crossing,crossing,give_way,no_action,No action (baseline),modelled,1278.5373887399394,1402.5953159151802,12.576803770649029,8.03948346369152,handysize_bulker,vlcc,fishing,good,10483.897775630421,-26.77326587063664,85.7911998985951,1278.6618472969988,1.9910872569110039,True,True,False,-3.28451943371091e-13,3.28451943371091e-13,0.0,0,0.0,False,0.10833333333333334,770.0,632.5953159151678,1960.223843081691,0.0,0.0,0.0,1154.0295118280533,0,crossing,0.0,0.0,0.0,1.0,,0.25
crossing_0022,crossing,crossing,give_way,rule_based,Rule-based COLREGS,modelled,1278.5373887399394,1402.5953159151802,12.576803770649029,8.03948346369152,handysize_bulker,vlcc,fishing,good,10483.897775630421,-26.77326587063664,85.7911998985951,38.62257353625567,0.07347630787543875,False,False,True,-1.4666386423773452,8.254659371162102,2778.157354395654,123,75.59121763953507,False,0.058333333333333334,1685.0,140.7989076105499,36831.50446722232,0.0,0.0,0.0,1279.7109931473392,0,crossing,1.0,1.0,1.0,1.0,,1.0
crossing_0022,crossing,crossing,give_way,velocity_obstacle,Velocity obstacle,modelled,1278.5373887399394,1402.5953159151802,12.576803770649029,8.03948346369152,handysize_bulker,vlcc,fishing,good,10483.897775630421,-26.77326587063664,85.7911998985951,778.8489519463377,1.1257684858804773,False,True,False,-0.4019943316797322,3.5245573817353044,3048.4763252019757,70,30.07803158038137,True,0.12361111111111112,1765.0,0.0,19901.052981749064,0.0,0.0,0.0,1151.0143645702283,0,crossing,1.0,1.0,1.0,0.0,,0.75
crossing_0022,crossing,crossing,give_way,mpc,MPC,modelled,1278.5373887399394,1402.5953159151802,12.576803770649029,8.03948346369152,handysize_bulker,vlcc,fishing,good,10483.897775630421,-26.77326587063664,85.7911998985951,2110.23889659296,3.4428405719921935,True,True,False,-3.1648047909073065,3.5709475389855587,568.1044217910816,87,29.19911561984164,False,0.06527777777777778,835.0,567.5953159151669,2920.1726071369353,0.0,0.0,0.0,1587.3591958516754,0,crossing,0.0,0.0,0.0,1.0,,0.25
crossing_0023,crossing,crossing,give_way,no_action,No action (baseline),modelled,1162.7689835766726,1560.5046806939451,14.501939538631019,11.776406358065291,coastal_tanker,vlcc,power_driven,good,6486.473690426296,64.54322645530846,326.79904957270946,1162.7708150974515,2.645078458368837,True,True,False,1.3428636883113108e-12,-1.3428636883113108e-12,0.0,0,0.0,True,0.14027777777777778,1640.0,0.0,8373.728389069605,0.5097222222222222,0.0,0.5097222222222222,634.9982975504821,0,crossing,0.0,0.0,0.0,0.0,,0.0
crossing_0023,crossing,crossing,give_way,rule_based,Rule-based COLREGS,modelled,1162.7689835766726,1560.5046806939451,14.501939538631019,11.776406358065291,coastal_tanker,vlcc,power_driven,good,6486.473690426296,64.54322645530846,326.79904957270946,1148.79541893574,2.645078458368837,True,True,False,-0.3239810791080315,2.691817077549494,2131.893700473202,39,36.67153247347002,True,0.09722222222222222,1710.0,0.0,13575.90055686724,0.49722222222222223,0.0,0.49722222222222223,719.5710716625496,0,crossing,1.0,1.0,0.0,0.0,,0.5
crossing_0023,crossing,crossing,give_way,velocity_obstacle,Velocity obstacle,modelled,1162.7689835766726,1560.5046806939451,14.501939538631019,11.776406358065291,coastal_tanker,vlcc,power_driven,good,6486.473690426296,64.54322645530846,326.79904957270946,1162.7708150974515,2.645078458368837,True,True,False,-0.146196592995613,0.15936463615343,65.96395720291352,19,10.841035653309756,True,0.14166666666666666,1645.0,0.0,8070.641186647689,0.5055555555555555,0.0,0.5055555555555555,615.5645367936452,0,crossing,0.0,0.0,0.0,0.0,,0.0
crossing_0023,crossing,crossing,give_way,mpc,MPC,modelled,1162.7689835766726,1560.5046806939451,14.501939538631019,11.776406358065291,coastal_tanker,vlcc,power_driven,good,6486.473690426296,64.54322645530846,326.79904957270946,1045.9371384906642,2.645078458368837,True,True,False,-1.9264167878052993,3.2028000119604196,880.6329023944209,65,57.731597374630056,True,0.027777777777777776,1760.0,0.0,12536.93697837307,0.5,0.0,0.5,818.9600236517554,0,crossing,1.0,1.0,0.0,0.0,,0.5
crossing_0024,crossing,crossing,give_way,no_action,No action (baseline),modelled,847.3800573245122,1176.3907220149795,15.931297707984314,14.478624565813021,coastal_tanker,coastal_tanker,power_driven,moderate,17988.489666413734,14.592643242810288,204.99869421979272,847.6462681059124,4.272514284407143,False,True,False,8.519630573230881e-13,-8.519630573230881e-13,0.0,0,0.0,True,0.002777777777777778,,,17068.320117515465,0.025,0.0,0.025,2868.514851672053,0,crossing,0.0,0.0,0.0,0.0,,0.0
crossing_0024,crossing,crossing,give_way,rule_based,Rule-based COLREGS,modelled,847.3800573245122,1176.3907220149795,15.931297707984314,14.478624565813021,coastal_tanker,coastal_tanker,power_driven,moderate,17988.489666413734,14.592643242810288,204.99869421979272,847.6462681059124,4.272514284407143,False,True,False,-0.17941997167915485,0.9632962186099978,944.5703923630707,50,34.540056885753316,True,0.001388888888888889,,,11300.044111524989,0.013888888888888888,0.0,0.013888888888888888,7165.262357022817,0,crossing,1.0,1.0,0.0,0.0,,0.5
crossing_0024,crossing,crossing,give_way,velocity_obstacle,Velocity obstacle,modelled,847.3800573245122,1176.3907220149795,15.931297707984314,14.478624565813021,coastal_tanker,coastal_tanker,power_driven,moderate,17988.489666413734,14.592643242810288,204.99869421979272,847.6462681059124,4.272514284407143,False,True,False,-0.04541819606804042,0.05653370887161082,75.67096300720895,18,8.996337262628547,True,0.002777777777777778,,,19804.06775576143,0.2875,0.0,0.2875,4458.108845017164,0,crossing,1.0,0.0,0.0,0.0,,0.25
crossing_0024,crossing,crossing,give_way,mpc,MPC,modelled,847.3800573245122,1176.3907220149795,15.931297707984314,14.478624565813021,coastal_tanker,coastal_tanker,power_driven,moderate,17988.489666413734,14.592643242810288,204.99869421979272,847.6462681059124,4.272514284407143,False,True,False,8.519630573230881e-13,-8.519630573230881e-13,0.0,0,0.0,True,0.0,,,,0.0,0.0,0.0,,0,crossing,0.0,0.0,0.0,0.0,,0.0
crossing_0025,crossing,crossing,stand_on,no_action,No action (baseline),modelled,1412.7391681670729,1606.2721583221014,11.041455436709086,9.572931679511253,handysize_bulker,coastal_tanker,power_driven,moderate,12583.692302481744,-45.565749405960936,94.18372225169243,1412.773878141786,2.522934923238626,True,True,False,1.2648960918314975e-12,-1.2648960918314975e-12,0.0,0,0.0,True,0.005555555555555556,1915.0,0.0,13282.711020992765,0.02361111111111111,0.0,0.02361111111111111,997.5100073048401,0,crossing,,,,,1.0,1.0
crossing_0025,crossing,crossing,stand_on,rule_based,Rule-based COLREGS,modelled,1412.7391681670729,1606.2721583221014,11.041455436709086,9.572931679511253,handysize_bulker,coastal_tanker,power_driven,moderate,12583.692302481744,-45.565749405960936,94.18372225169243,1412.773878141786,2.522934923238626,True,True,False,1.2648960918314975e-12,-1.2648960918314975e-12,0.0,0,0.0,True,0.006944444444444444,1800.0,0.0,22964.673837901086,0.0375,0.0,0.0375,1596.3155597409716,0,crossing,,,,,1.0,1.0
crossing_0025,crossing,crossing,stand_on,velocity_obstacle,Velocity obstacle,modelled,1412.7391681670729,1606.2721583221014,11.041455436709086,9.572931679511253,handysize_bulker,coastal_tanker,power_driven,moderate,12583.692302481744,-45.565749405960936,94.18372225169243,1412.773878141786,2.522934923238626,True,True,False,-0.2706556778408338,0.2747067428764714,34.01271076766992,7,3.8775789661986244,True,0.002777777777777778,,,12491.445551838622,0.022222222222222223,0.0,0.022222222222222223,2716.002583042502,0,crossing,,,,,1.0,1.0
crossing_0025,crossing,crossing,stand_on,mpc,MPC,modelled,1412.7391681670729,1606.2721583221014,11.041455436709086,9.572931679511253,handysize_bulker,coastal_tanker,power_driven,moderate,12583.692302481744,-45.565749405960936,94.18372225169243,1412.773878141786,2.522934923238626,True,True,False,-1.8526713618334185,2.0380520175638783,248.04393020211475,53,23.96172490640654,True,0.006944444444444444,1860.0,0.0,11162.02735188005,0.05416666666666667,0.0,0.05416666666666667,795.1138322599232,0,crossing,,,,,1.0,1.0
crossing_0026,crossing,crossing,stand_on,no_action,No action (baseline),modelled,195.57823542345693,760.0673359783381,8.399016849236192,13.31723159242152,vlcc,container_feeder,power_driven,restricted,3511.4362875424395,-96.90512100761035,41.51878513459232,195.5784820612372,0.21307435066300495,False,False,True,8.782651321016987e-13,-8.782651321016987e-13,0.0,0,0.0,False,0.016666666666666666,755.0,5.067335978340314,55.40242948380247,0.001388888888888889,0.0,0.001388888888888889,1524.717016703761,0,crossing,,,,,1.0,1.0
crossing_0026,crossing,crossing,stand_on,rule_based,Rule-based COLREGS,modelled,195.57823542345693,760.0673359783381,8.399016849236192,13.31723159242152,vlcc,container_feeder,power_driven,restricted,3511.4362875424395,-96.90512100761035,41.51878513459232,198.39954267037805,0.2432578492990291,False,False,True,-4.3208286562883,8.708763607805484,2262.636159657912,138,40.471689813924364,False,0.025,755.0,3.1891845177192364,347.95192321792433,0.001388888888888889,0.0,0.001388888888888889,1321.7094637504397,0,crossing,,,,,1.0,1.0
crossing_0026,crossing,crossing,stand_on,velocity_obstacle,Velocity obstacle,modelled,195.57823542345693,760.0673359783381,8.399016849236192,13.31723159242152,vlcc,container_feeder,power_driven,restricted,3511.4362875424395,-96.90512100761035,41.51878513459232,201.74846484325678,0.2715010677917339,False,False,True,-5.936111882224408,6.222251128471146,326.69667545866815,95,20.02479268847983,False,0.019444444444444445,755.0,0.16852370879647485,151.15954731712097,0.001388888888888889,0.0,0.001388888888888889,1521.1652465364,0,crossing,,,,,1.0,1.0
crossing_0026,crossing,crossing,stand_on,mpc,MPC,modelled,195.57823542345693,760.0673359783381,8.399016849236192,13.31723159242152,vlcc,container_feeder,power_driven,restricted,3511.4362875424395,-96.90512100761035,41.51878513459232,199.45173534131592,0.24321431494685913,False,False,True,-1.8304093944133861,1.8309744531185053,14.02852577569659,0,0.9086290782555309,False,0.016666666666666666,755.0,2.435205565970165,105.00947382643788,0.001388888888888889,0.0,0.001388888888888889,1524.2014797064467,0,crossing,,,,,1.0,1.0
crossing_0027,crossing,crossing,stand_on,no_action,No action (baseline),modelled,265.9214747793183,986.9716097927671,10.056202594580466,11.758423387881102,container_feeder,container_feeder,power_driven,restricted,10720.072325077406,-14.431847358480134,150.63595232831193,266.78182512477673,0.9768726964951966,False,False,False,-3.91217981048193e-14,3.91217981048193e-14,0.0,0,0.0,True,0.0125,910.0,76.97160979276245,260.2525606502377,0.011111111111111112,0.0,0.011111111111111112,1411.5489953404156,0,crossing,,,,,1.0,1.0
crossing_0027,crossing,crossing,stand_on,rule_based,Rule-based COLREGS,modelled,265.9214747793183,986.9716097927671,10.056202594580466,11.758423387881102,container_feeder,container_feeder,power_driven,restricted,10720.072325077406,-14.431847358480134,150.63595232831193,69.15631823397621,0.19670457333244165,False,False,True,-0.6549372021237081,1.2400024229646276,471.5355308460422,58,34.16692614362807,True,0.034722222222222224,925.0,76.53886882877339,121439.88541596453,0.005555555555555556,0.0,0.005555555555555556,1228.6092342314018,0,crossing,,,,,1.0,1.0
crossing_0027,crossing,crossing,stand_on,velocity_obstacle,Velocity obstacle,modelled,265.9214747793183,986.9716097927671,10.056202594580466,11.758423387881102,container_feeder,container_feeder,power_driven,restricted,10720.072325077406,-14.431847358480134,150.63595232831193,199.9837529087272,0.6015193267021831,False,False,False,-4.747417080686948,7.136842101776019,951.9428841592378,87,63.44464338506887,True,0.03333333333333333,915.0,84.53756450672859,216.269511770543,0.002777777777777778,0.0,0.002777777777777778,1298.87727838901,0,crossing,,,,,1.0,1.0
crossing_0027,crossing,crossing,stand_on,mpc,MPC,modelled,265.9214747793183,986.9716097927671,10.056202594580466,11.758423387881102,container_feeder,container_feeder,power_driven,restricted,10720.072325077406,-14.431847358480134,150.63595232831193,325.3066492619272,1.2655862621064802,False,True,False,-1.7950889970559885,1.8276984316380454,46.77490708808755,45,10.205456495055396,True,0.016666666666666666,925.0,89.17565586783482,43376.770279018776,0.006944444444444444,0.0,0.006944444444444444,1186.9800906124726,0,crossing,,,,,1.0,1.0
crossing_0028,crossing,crossing,give_way,no_action,No action (baseline),modelled,57.667794144230896,1679.0786542176384,15.950853188361275,9.310400559453077,container_feeder,coastal_tanker,power_driven,good,8479.794018183666,32.89330822496525,325.48826120003565,57.85520092623223,0.1099450338926356,False,False,True,-6.166076556541157e-13,6.166076556541157e-13,0.0,0,0.0,True,0.03888888888888889,1700.0,0.0,9014.25313980127,0.5291666666666667,0.0,0.5291666666666667,786.6424762873256,0,crossing,0.0,0.0,0.0,0.0,,0.0
crossing_0028,crossing,crossing,give_way,rule_based,Rule-based COLREGS,modelled,57.667794144230896,1679.0786542176384,15.950853188361275,9.310400559453077,container_feeder,coastal_tanker,power_driven,good,8479.794018183666,32.89330822496525,325.48826120003565,57.85520092623223,0.1099450338926356,False,False,True,-0.2689173214884654,2.54304006329021,2350.7564304854054,54,34.999357933697866,True,0.05694444444444444,1700.0,0.0,12693.1854773768,0.5291666666666667,0.0,0.5291666666666667,761.2784973576544,0,crossing,1.0,1.0,0.0,0.0,,0.5
crossing_0028,crossing,crossing,give_way,velocity_obstacle,Velocity obstacle,modelled,57.667794144230896,1679.0786542176384,15.950853188361275,9.310400559453077,container_feeder,coastal_tanker,power_driven,good,8479.794018183666,32.89330822496525,325.48826120003565,57.85520092623223,0.1099450338926356,False,False,True,-3.0950320417724244,4.765223768666448,1156.9314826263517,70,59.79859820940797,True,0.05555555555555555,1700.0,0.0,11888.657068198598,0.13472222222222222,0.0,0.13472222222222222,740.8384481980181,0,crossing,1.0,1.0,0.0,0.0,,0.5
crossing_0028,crossing,crossing,give_way,mpc,MPC,modelled,57.667794144230896,1679.0786542176384,15.950853188361275,9.310400559453077,container_feeder,coastal_tanker,power_driven,good,8479.794018183666,32.89330822496525,325.48826120003565,57.85520092623223,0.1099450338926356,False,False,True,-1.325696475513347,1.4041712661655563,192.7649479457503,33,20.875040749493085,True,0.022222222222222223,1700.0,0.0,10264.88942590474,0.5291666666666667,0.0,0.5291666666666667,809.0776160384003,0,crossing,1.0,0.0,0.0,0.0,,0.25
crossing_0029,crossing,crossing,stand_on,no_action,No action (baseline),modelled,718.7702099618378,1092.0477807890984,11.404790274956575,9.721542611941473,coastal_tanker,vlcc,power_driven,good,4786.812552134369,-64.96748525541746,46.15115891013081,718.8249916980783,1.6669623581947506,False,True,False,1.8972659292001687e-13,-1.8972659292001687e-13,0.0,0,0.0,True,0.08888888888888889,1125.0,0.0,10760.404328242701,0.027777777777777776,0.0,0.027777777777777776,1075.5994155861931,0,crossing,,,,,1.0,1.0
crossing_0029,crossing,crossing,stand_on,rule_based,Rule-based COLREGS,modelled,718.7702099618378,1092.0477807890984,11.404790274956575,9.721542611941473,coastal_tanker,vlcc,power_driven,good,4786.812552134369,-64.96748525541746,46.15115891013081,718.8249916980783,1.6669623581947506,False,True,False,-0.2511046832384897,8.422476715551314,5625.376846081961,56,34.99999999999991,True,0.1375,1125.0,0.0,4653.665897319474,0.06805555555555555,0.0,0.06805555555555555,535.486930369441,0,crossing,,,,,1.0,1.0
crossing_0029,crossing,crossing,stand_on,velocity_obstacle,Velocity obstacle,modelled,718.7702099618378,1092.0477807890984,11.404790274956575,9.721542611941473,coastal_tanker,vlcc,power_driven,good,4786.812552134369,-64.96748525541746,46.15115891013081,184.4285338420797,0.8731762954366773,False,False,True,-6.477837770508923,10.162348368864095,1671.0106076727063,98,59.996066117234435,True,0.05694444444444444,1125.0,0.0,18643.204167790616,0.12083333333333333,0.10416666666666667,0.016666666666666666,695.0667382544572,0,crossing,,,,,1.0,1.0
crossing_0029,crossing,crossing,stand_on,mpc,MPC,modelled,718.7702099618378,1092.0477807890984,11.404790274956575,9.721542611941473,coastal_tanker,vlcc,power_driven,good,4786.812552134369,-64.96748525541746,46.15115891013081,718.8249916980783,1.6669623581947506,False,True,False,-2.5960770827627844,2.6681353762681015,178.8136129287375,61,18.67387229350515,True,0.06805555555555555,1125.0,0.0,8128.011082422721,0.013888888888888888,0.0,0.013888888888888888,1044.8834020565887,0,crossing,,,,,1.0,1.0
crossing_0030,crossing,crossing,stand_on,no_action,No action (baseline),modelled,736.7294148147854,945.9031512049128,10.202670060133178,13.699315270858412,coastal_tanker,container_feeder,power_driven,good,8123.721158149869,-50.15744514775858,86.8509555980409,736.7699097833646,2.4285045685268303,False,True,False,5.398424288961885e-13,-5.398424288961885e-13,0.0,0,0.0,False,0.03888888888888889,825.0,120.90315120491138,509.96902006864485,0.004166666666666667,0.0,0.004166666666666667,1399.265513761136,0,crossing,,,,,1.0,1.0
crossing_0030,crossing,crossing,stand_on,rule_based,Rule-based COLREGS,modelled,736.7294148147854,945.9031512049128,10.202670060133178,13.699315270858412,coastal_tanker,container_feeder,power_driven,good,8123.721158149869,-50.15744514775858,86.8509555980409,586.2993351815517,1.701852433583667,False,True,False,-0.26948679888770277,3.724451195779523,2211.1362610735628,54,34.999996342983685,False,0.03611111111111111,940.0,76.06475552697421,1559.4059281747393,0.013888888888888888,0.009722222222222222,0.004166666666666667,1295.3280333920504,0,crossing,,,,,1.0,1.0
crossing_0030,crossing,crossing,stand_on,velocity_obstacle,Velocity obstacle,modelled,736.7294148147854,945.9031512049128,10.202670060133178,13.699315270858412,coastal_tanker,container_feeder,power_driven,good,8123.721158149869,-50.15744514775858,86.8509555980409,971.2939606047008,3.949211261623955,True,True,False,-3.0080245170746753,3.3570129281733214,137.69390701582216,72,32.334244057848856,False,0.03333333333333333,830.0,106.10248603848237,303.7539587411786,0.016666666666666666,0.015277777777777777,0.001388888888888889,1341.2211502487157,0,crossing,,,,,1.0,1.0
crossing_0030,crossing,crossing,stand_on,mpc,MPC,modelled,736.7294148147854,945.9031512049128,10.202670060133178,13.699315270858412,coastal_tanker,container_feeder,power_driven,good,8123.721158149869,-50.15744514775858,86.8509555980409,839.6878950119271,3.1028712309497886,False,True,False,-1.4800254731440623,1.4967906552278658,36.00110754028855,30,10.489756597734502,False,0.034722222222222224,840.0,123.95194393987964,43.89912084187356,0.002777777777777778,0.001388888888888889,0.001388888888888889,1402.3462963491945,0,crossing,,,,,1.0,1.0
crossing_0031,crossing,crossing,give_way,no_action,No action (baseline),modelled,336.0499515154364,1101.3489296728658,14.746120341997901,15.225788150210342,coastal_tanker,container_feeder,power_driven,good,6870.045960410236,65.45619134273532,312.3669236164855,336.1550280945954,0.8372153111498934,False,False,False,-7.20342123827529e-13,7.20342123827529e-13,0.0,0,0.0,False,0.020833333333333332,1050.0,51.348929672862944,226.83092415400978,0.0,0.0,0.0,1268.3651385543653,0,crossing,0.0,0.0,0.0,1.0,,0.25
crossing_0031,crossing,crossing,give_way,rule_based,Rule-based COLREGS,modelled,336.0499515154364,1101.3489296728658,14.746120341997901,15.225788150210342,coastal_tanker,container_feeder,power_driven,good,6870.045960410236,65.45619134273532,312.3669236164855,372.4210164374974,1.0194551131456897,False,True,False,-0.1921460860923246,0.7237205533194945,653.0754370458321,53,33.549534371301554,False,0.015277777777777777,1050.0,52.89521675420875,103.57520187202167,0.0,0.0,0.0,1298.3360017674693,0,crossing,1.0,1.0,0.0,1.0,,0.75
crossing_0031,crossing,crossing,give_way,velocity_obstacle,Velocity obstacle,modelled,336.0499515154364,1101.3489296728658,14.746120341997901,15.225788150210342,coastal_tanker,container_feeder,power_driven,good,6870.045960410236,65.45619134273532,312.3669236164855,429.00925573103984,1.4389743367307533,False,True,False,-1.8196839149097985,2.7567333668643035,722.7247378009419,59,55.887283559749385,False,0.0125,1050.0,39.07470736062124,415.9398174726861,0.0,0.0,0.0,1317.9596785833498,0,crossing,1.0,1.0,0.0,1.0,,0.75
crossing_0031,crossing,crossing,give_way,mpc,MPC,modelled,336.0499515154364,1101.3489296728658,14.746120341997901,15.225788150210342,coastal_tanker,container_feeder,power_driven,good,6870.045960410236,65.45619134273532,312.3669236164855,401.56029314033486,1.2854214255919973,False,True,False,-1.7606200572994606,1.9008952481476131,138.81800111584533,50,23.71135475732372,False,0.02361111111111111,1050.0,57.74425327948736,91.90611373399533,0.0,0.0,0.0,1256.4604565542757,0,crossing,1.0,0.0,0.0,1.0,,0.5
crossing_0032,crossing,crossing,give_way,no_action,No action (baseline),modelled,719.7757083398761,843.4258162701101,11.720101799352175,15.761827883795638,container_feeder,vlcc,power_driven,good,3889.120450909943,88.66820583600543,326.5337201970542,719.8110547749523,1.5334788861605244,False,True,False,-3.021091974348504e-13,3.021091974348504e-13,0.0,0,0.0,False,0.05277777777777778,795.0,48.42581627010742,69.36518038061055,0.0,0.0,0.0,1388.9283289066614,0,crossing,0.0,0.0,0.0,1.0,,0.25
crossing_0032,crossing,crossing,give_way,rule_based,Rule-based COLREGS,modelled,719.7757083398761,843.4258162701101,11.720101799352175,15.761827883795638,container_feeder,vlcc,power_driven,good,3889.120450909943,88.66820583600543,326.5337201970542,737.559339442666,1.6576439744611147,False,True,False,-0.5019460229970107,2.201763007257113,1322.094818455916,56,34.99672185360711,False,0.02638888888888889,795.0,44.48790267618974,167.42941611760034,0.0,0.0,0.0,1484.4077898477487,0,crossing,1.0,1.0,0.0,1.0,,0.75
crossing_0032,crossing,crossing,give_way,velocity_obstacle,Velocity obstacle,modelled,719.7757083398761,843.4258162701101,11.720101799352175,15.761827883795638,container_feeder,vlcc,power_driven,good,3889.120450909943,88.66820583600543,326.5337201970542,760.148777105248,2.1868196359853584,False,True,False,-2.6964051844791057,3.689406646093668,610.298456956259,67,54.52815446198915,False,0.02361111111111111,795.0,16.583368864525653,543.0706644044956,0.0,0.0,0.0,1509.535702842217,0,crossing,1.0,1.0,0.0,1.0,,0.75
crossing_0032,crossing,crossing,give_way,mpc,MPC,modelled,719.7757083398761,843.4258162701101,11.720101799352175,15.761827883795638,container_feeder,vlcc,power_driven,good,3889.120450909943,88.66820583600543,326.5337201970542,755.659985101408,2.064514326036005,False,True,False,-1.5366689531413364,1.5555075248774786,68.63519458281834,28,9.749591827653852,False,0.05555555555555555,795.0,26.413914078059214,659.681990819807,0.0,0.0,0.0,1389.632874183124,0,crossing,1.0,0.0,0.0,1.0,,0.5
crossing_0033,crossing,crossing,give_way,no_action,No action (baseline),modelled,1479.1237360207942,609.5531464177873,14.123615961042235,9.917212452534994,container_feeder,handysize_bulker,power_driven,good,3674.7747203639697,20.74501436100401,310.7197024518659,1479.1257917773773,2.469718139864845,True,True,False,-9.74933438023451e-13,9.74933438023451e-13,0.0,0,0.0,False,0.06388888888888888,175.0,434.55314641778773,870.490475348201,0.0,0.0,0.0,1661.5699426219624,0,crossing,0.0,0.0,0.0,1.0,,0.25
crossing_0033,crossing,crossing,give_way,rule_based,Rule-based COLREGS,modelled,1479.1237360207942,609.5531464177873,14.123615961042235,9.917212452534994,container_feeder,handysize_bulker,power_driven,good,3674.7747203639697,20.74501436100401,310.7197024518659,2533.1829441486193,4.79660101160136,True,True,False,-0.361505812999262,2.593737905657844,2041.3236367525033,56,34.99940610165702,False,0.006944444444444444,185.0,164.8611274909865,2114.042799352343,0.001388888888888889,0.001388888888888889,0.0,2729.5130037902736,0,crossing,1.0,1.0,0.0,1.0,,0.75
crossing_0033,crossing,crossing,give_way,velocity_obstacle,Velocity obstacle,modelled,1479.1237360207942,609.5531464177873,14.123615961042235,9.917212452534994,container_feeder,handysize_bulker,power_driven,good,3674.7747203639697,20.74501436100401,310.7197024518659,1608.129344023659,2.685315797265231,True,True,False,-0.09781764907812987,0.1343806749900478,146.3424199823153,27,10.542315891346862,False,0.058333333333333334,165.0,372.1654505412602,1237.2686488507343,0.001388888888888889,0.0,0.001388888888888889,1690.119783884828,0,crossing,1.0,0.0,0.0,1.0,,0.5
crossing_0033,crossing,crossing,give_way,mpc,MPC,modelled,1479.1237360207942,609.5531464177873,14.123615961042235,9.917212452534994,container_feeder,handysize_bulker,power_driven,good,3674.7747203639697,20.74501436100401,310.7197024518659,1479.1257917773773,2.469718139864845,True,True,False,-9.74933438023451e-13,9.74933438023451e-13,0.0,0,0.0,False,0.0625,170.0,439.5531464177877,373.4203505080051,0.0,0.0,0.0,1680.507971151008,0,crossing,0.0,0.0,0.0,1.0,,0.25
crossing_0034,crossing,crossing,stand_on,no_action,No action (baseline),modelled,578.8278127138894,1555.0737517725788,10.208168360263617,11.762391327572395,container_feeder,container_feeder,power_driven,good,16137.399550793507,-27.310660489054346,133.0123973584861,578.8283180395949,1.8393809381011088,False,True,False,1.0791033204210363e-12,-1.0791033204210363e-12,0.0,0,0.0,True,0.03333333333333333,1615.0,0.0,20704.170709636706,0.022222222222222223,0.0,0.022222222222222223,988.8916762287699,0,crossing,,,,,1.0,1.0
crossing_0034,crossing,crossing,stand_on,rule_based,Rule-based COLREGS,modelled,578.8278127138894,1555.0737517725788,10.208168360263617,11.762391327572395,container_feeder,container_feeder,power_driven,good,16137.399550793507,-27.310660489054346,133.0123973584861,578.8283180395949,1.8393809381011088,False,True,False,-0.6479894574775238,1.341689960061212,543.8954805673754,58,34.61097043531581,True,0.027777777777777776,1615.0,0.0,20324.689508290216,0.013888888888888888,0.0,0.013888888888888888,866.4026507656904,0,crossing,,,,,1.0,1.0
crossing_0034,crossing,crossing,stand_on,velocity_obstacle,Velocity obstacle,modelled,578.8278127138894,1555.0737517725788,10.208168360263617,11.762391327572395,container_feeder,container_feeder,power_driven,good,16137.399550793507,-27.310660489054346,133.0123973584861,578.8283180395949,1.8393809381011088,False,True,False,-1.2705608348375257,1.3949850045122516,177.2832261196918,43,21.76235419207898,True,0.05,1615.0,0.0,18705.26844061021,0.0125,0.0,0.0125,916.0632361442217,0,crossing,,,,,1.0,1.0
crossing_0034,crossing,crossing,stand_on,mpc,MPC,modelled,578.8278127138894,1555.0737517725788,10.208168360263617,11.762391327572395,container_feeder,container_feeder,power_driven,good,16137.399550793507,-27.310660489054346,133.0123973584861,578.8283180395949,1.8393809381011088,False,True,False,-0.4810773736125952,0.5018179084303064,70.10743386586695,26,9.416118768736217,True,0.041666666666666664,1615.0,0.0,19942.271679273148,0.029166666666666667,0.0,0.029166666666666667,960.9988692003759,0,crossing,,,,,1.0,1.0
crossing_0035,crossing,crossing,give_way,no_action,No action (baseline),modelled,1087.9537423941197,985.9118014311998,13.886235069266366,9.382981561196797,handysize_bulker,vlcc,fishing,moderate,7287.584479634238,47.58687485093649,287.65196016821557,1087.9741531203263,1.603478335826828,True,True,False,-1.841542157889087e-12,1.841542157889087e-12,0.0,0,0.0,True,0.058333333333333334,1070.0,0.0,18136.722535807174,0.0,0.0,0.0,1249.120763146436,0,crossing,0.0,0.0,0.0,0.0,,0.0
crossing_0035,crossing,crossing,give_way,rule_based,Rule-based COLREGS,modelled,1087.9537423941197,985.9118014311998,13.886235069266366,9.382981561196797,handysize_bulker,vlcc,fishing,moderate,7287.584479634238,47.58687485093649,287.65196016821557,1087.9741531203263,1.603478335826828,True,True,False,-0.5652808369720792,2.561628126029862,1797.2420021875307,56,35.00014813846088,True,0.06944444444444445,1070.0,0.0,20036.750422444842,0.0,0.0,0.0,1167.9085018180629,0,crossing,1.0,1.0,0.0,0.0,,0.5
crossing_0035,crossing,crossing,give_way,velocity_obstacle,Velocity obstacle,modelled,1087.9537423941197,985.9118014311998,13.886235069266366,9.382981561196797,handysize_bulker,vlcc,fishing,moderate,7287.584479634238,47.58687485093649,287.65196016821557,1087.9741531203263,1.603478335826828,True,True,False,-0.23583430696195642,0.2510165535045325,80.43992009568686,23,8.184539072313,True,0.06111111111111111,1080.0,0.0,17101.755866116455,0.0,0.0,0.0,1223.3792634918696,0,crossing,1.0,0.0,0.0,0.0,,0.25
crossing_0035,crossing,crossing,give_way,mpc,MPC,modelled,1087.9537423941197,985.9118014311998,13.886235069266366,9.382981561196797,handysize_bulker,vlcc,fishing,moderate,7287.584479634238,47.58687485093649,287.65196016821557,1087.9741531203263,1.603478335826828,True,True,False,-0.2965392429637836,0.2965951984021272,4.7255968537958415,0,0.5038927161428924,True,0.05138888888888889,1075.0,0.0,17693.515757615565,0.0,0.0,0.0,1254.3996987353974,0,crossing,0.0,0.0,0.0,0.0,,0.0
crossing_0036,crossing,crossing,give_way,no_action,No action (baseline),modelled,1000.1065929594183,605.5725246960073,8.12342335743018,12.402597347838839,coastal_tanker,coastal_tanker,fishing,good,2988.4139516201153,-72.8372689324402,46.735992908869676,1000.1101368020104,3.1532001634885196,True,True,False,-4.358692625835444e-13,4.358692625835444e-13,0.0,0,0.0,False,0.05416666666666667,540.0,65.57252469600799,238.97382731064718,0.0,0.0,0.0,1593.359816631714,0,crossing,0.0,0.0,0.0,1.0,,0.25
crossing_0036,crossing,crossing,give_way,rule_based,Rule-based COLREGS,modelled,1000.1065929594183,605.5725246960073,8.12342335743018,12.402597347838839,coastal_tanker,coastal_tanker,fishing,good,2988.4139516201153,-72.8372689324402,46.735992908869676,1037.8340367632006,4.419914391359603,True,True,False,-0.4105723793978448,6.727604799122077,3120.3814369733504,54,34.99999999999849,False,0.07222222222222222,735.0,0.0,773.138625848819,0.0,0.0,0.0,972.9397419525557,0,crossing,1.0,1.0,0.0,1.0,,0.75
crossing_0036,crossing,crossing,give_way,velocity_obstacle,Velocity obstacle,modelled,1000.1065929594183,605.5725246960073,8.12342335743018,12.402597347838839,coastal_tanker,coastal_tanker,fishing,good,2988.4139516201153,-72.8372689324402,46.735992908869676,1060.055508662582,4.962333944614165,True,True,False,-2.612623086227161,3.711172725029443,445.723757859495,67,57.21133441838979,False,0.020833333333333332,540.0,22.130253182447174,1381.5681656253582,0.0,0.0,0.0,1474.9900632058068,0,crossing,1.0,1.0,0.0,1.0,,0.75
crossing_0036,crossing,crossing,give_way,mpc,MPC,modelled,1000.1065929594183,605.5725246960073,8.12342335743018,12.402597347838839,coastal_tanker,coastal_tanker,fishing,good,2988.4139516201153,-72.8372689324402,46.735992908869676,1052.3622520798372,3.592927087746808,True,True,False,-0.8815176251951706,0.9194010393386809,73.03843666988266,30,13.753201669561003,False,0.04861111111111111,545.0,21.81646631559359,478.50901781661344,0.0,0.0,0.0,1577.2744643579435,0,crossing,1.0,0.0,0.0,1.0,,0.5
crossing_0037,crossing,crossing,give_way,no_action,No action (baseline),modelled,1313.908178716546,1148.2175265491471,13.042123028055965,13.405742235000066,vlcc,container_feeder,power_driven,moderate,14870.461953843971,23.869404030170895,217.07238411233268,1314.10937253739,2.0211324115061253,True,True,False,-1.1764382488679973e-12,1.1764382488679973e-12,0.0,0,0.0,True,0.004166666666666667,,,15410.905132461228,0.06666666666666667,0.0,0.06666666666666667,3019.3908575795967,0,crossing,0.0,0.0,0.0,0.0,,0.0
crossing_0037,crossing,crossing,give_way,rule_based,Rule-based COLREGS,modelled,1313.908178716546,1148.2175265491471,13.042123028055965,13.405742235000066,vlcc,container_feeder,power_driven,moderate,14870.461953843971,23.869404030170895,217.07238411233268,1314.10937253739,2.0211324115061253,True,True,False,-2.425682765133356,3.5939163335391133,1038.489615087808,96,38.6843856198356,True,0.005555555555555556,1350.0,0.0,24295.888367927324,0.5041666666666667,0.0,0.5041666666666667,2643.7487791127714,0,crossing,1.0,1.0,0.0,0.0,,0.5
crossing_0037,crossing,crossing,give_way,velocity_obstacle,Velocity obstacle,modelled,1313.908178716546,1148.2175265491471,13.042123028055965,13.405742235000066,vlcc,container_feeder,power_driven,moderate,14870.461953843971,23.869404030170895,217.07238411233268,1314.10937253739,2.0211324115061253,True,True,False,-0.006587127648783871,0.006616153776097037,3.9624397166351906,0,0.2625171420936849,True,0.005555555555555556,1305.0,0.0,27288.933655198798,0.6138888888888889,0.0,0.6138888888888889,2060.9129410662504,0,crossing,0.0,0.0,0.0,0.0,,0.0
crossing_0037,crossing,crossing,give_way,mpc,MPC,modelled,1313.908178716546,1148.2175265491471,13.042123028055965,13.405742235000066,vlcc,container_feeder,power_driven,moderate,14870.461953843971,23.869404030170895,217.07238411233268,1314.10937253739,2.0211324115061253,True,True,False,-0.006587127648798954,0.006616153776097037,3.9624397166351906,0,0.2625171420936849,True,0.004166666666666667,,,22688.000356117023,0.6305555555555555,0.0,0.6305555555555555,3550.014740563417,0,crossing,0.0,0.0,0.0,0.0,,0.0
crossing_0038,crossing,crossing,stand_on,no_action,No action (baseline),modelled,60.829655783009414,1555.782243116716,12.202806962598693,11.693929236916663,handysize_bulker,container_feeder,power_driven,good,18562.747185519507,-13.454202906987256,152.11016358313583,61.54150275845497,0.1843626659121277,False,False,True,-4.835978256627549e-13,4.835978256627549e-13,0.0,0,0.0,True,0.08472222222222223,1420.0,135.78224311671397,45699.297935534145,0.03194444444444444,0.0,0.03194444444444444,863.4394405578128,0,crossing,,,,,1.0,1.0
crossing_0038,crossing,crossing,stand_on,rule_based,Rule-based COLREGS,modelled,60.829655783009414,1555.782243116716,12.202806962598693,11.693929236916663,handysize_bulker,container_feeder,power_driven,good,18562.747185519507,-13.454202906987256,152.11016358313583,690.3661126152746,1.520297323027623,False,True,False,-0.7133387330221962,2.1780985034227456,1192.8117408152027,60,35.181171835198924,True,0.034722222222222224,1630.0,0.0,29217.945809967936,0.10555555555555556,0.0,0.10555555555555556,1105.5166409572112,0,crossing,,,,,1.0,1.0
crossing_0038,crossing,crossing,stand_on,velocity_obstacle,Velocity obstacle,modelled,60.829655783009414,1555.782243116716,12.202806962598693,11.693929236916663,handysize_bulker,container_feeder,power_driven,good,18562.747185519507,-13.454202906987256,152.11016358313583,78.02595202647586,0.16812292204821747,False,False,True,-4.320466037323841,5.840674694303446,716.1923817412359,105,59.71633030957702,True,0.07222222222222222,1395.0,179.87855238103666,12826.251537970113,0.09305555555555556,0.0,0.09305555555555556,1420.7153998811643,0,crossing,,,,,1.0,1.0
crossing_0038,crossing,crossing,stand_on,mpc,MPC,modelled,60.829655783009414,1555.782243116716,12.202806962598693,11.693929236916663,handysize_bulker,container_feeder,power_driven,good,18562.747185519507,-13.454202906987256,152.11016358313583,624.4692256490197,2.028075728371815,False,True,False,-1.600981924800493,2.072864407110283,524.2600098282568,63,33.19989318494519,True,0.015277777777777777,1380.0,183.2925297680101,1029.1798857369313,0.07916666666666666,0.011111111111111112,0.05277777777777778,1597.7298837850435,0,crossing,,,,,1.0,1.0
crossing_0039,crossing,crossing,give_way,no_action,No action (baseline),modelled,414.36461159807214,979.8064949314307,14.02611578878567,15.590270523117287,handysize_bulker,container_feeder,power_driven,good,9860.961829281856,54.65353589904553,277.58719148200896,414.3691799551138,0.7524556459234797,False,False,False,-2.6646428480566364e-13,2.6646428480566364e-13,0.0,0,0.0,True,0.025,1000.0,0.0,25839.404584988024,0.7194444444444444,0.0,0.7194444444444444,1377.9475687308855,0,crossing,0.0,0.0,0.0,0.0,,0.0
crossing_0039,crossing,crossing,give_way,rule_based,Rule-based COLREGS,modelled,414.36461159807214,979.8064949314307,14.02611578878567,15.590270523117287,handysize_bulker,container_feeder,power_driven,good,9860.961829281856,54.65353589904553,277.58719148200896,414.3691799551138,0.7524556459234797,False,False,False,-0.5545196788287328,2.098464135589481,1443.824032788636,56,34.99963013804686,True,0.044444444444444446,1000.0,0.0,26731.942400776312,0.7180555555555556,0.0,0.7180555555555556,1311.2946003341103,0,crossing,1.0,1.0,0.0,0.0,,0.5
crossing_0039,crossing,crossing,give_way,velocity_obstacle,Velocity obstacle,modelled,414.36461159807214,979.8064949314307,14.02611578878567,15.590270523117287,handysize_bulker,container_feeder,power_driven,good,9860.961829281856,54.65353589904553,277.58719148200896,414.3691799551138,0.7524556459234797,False,False,False,-3.02043801227112,4.174641857893414,800.2834533282644,71,56.41599918643453,True,0.058333333333333334,1000.0,0.0,25686.111678712336,0.7180555555555556,0.0,0.7180555555555556,1284.1358209727973,0,crossing,1.0,1.0,0.0,0.0,,0.5
crossing_0039,crossing,crossing,give_way,mpc,MPC,modelled,414.36461159807214,979.8064949314307,14.02611578878567,15.590270523117287,handysize_bulker,container_feeder,power_driven,good,9860.961829281856,54.65353589904553,277.58719148200896,414.3691799551138,0.7524556459234797,False,False,False,-0.7771323614231228,0.7771847610799506,4.338786056957606,0,0.5014150558417788,True,0.02361111111111111,1000.0,0.0,24824.06935166198,0.7194444444444444,0.0,0.7194444444444444,1365.8591671644845,0,crossing,0.0,0.0,0.0,0.0,,0.0
crossing_0040,crossing,crossing,give_way,no_action,No action (baseline),modelled,280.37640164698956,1143.0882116219032,11.977205164793393,10.099049963579137,container_feeder,container_feeder,power_driven,moderate,12322.09773466939,15.531004839572319,216.92349421412274,281.1323775960398,0.9180568609833416,False,False,False,1.2317671011100296e-12,-1.2317671011100296e-12,0.0,0,0.0,True,0.03611111111111111,1020.0,123.08821162189696,92067.32123895394,0.6166666666666667,0.0,0.6166666666666667,1029.0664555443282,0,crossing,0.0,0.0,0.0,0.0,,0.0
crossing_0040,crossing,crossing,give_way,rule_based,Rule-based COLREGS,modelled,280.37640164698956,1143.0882116219032,11.977205164793393,10.099049963579137,container_feeder,container_feeder,power_driven,moderate,12322.09773466939,15.531004839572319,216.92349421412274,66.26435969424203,0.18723601383541918,False,False,True,-1.5280746937541814,2.0044880801938594,626.9136093666772,79,25.391066607555857,True,0.04583333333333333,1195.0,0.0,34016.834496045114,0.6597222222222222,0.0,0.6597222222222222,1288.2065335853301,0,crossing,0.0,0.0,0.0,0.0,,0.0
crossing_0040,crossing,crossing,give_way,velocity_obstacle,Velocity obstacle,modelled,280.37640164698956,1143.0882116219032,11.977205164793393,10.099049963579137,container_feeder,container_feeder,power_driven,moderate,12322.09773466939,15.531004839572319,216.92349421412274,920.551139286681,3.650833252441259,False,True,False,-2.6738346035466356,4.505449108739395,978.9534864951478,78,60.38416650314426,True,0.009722222222222222,1020.0,115.60699128771287,4207.903387268202,0.0,0.0,0.0,2511.525723945169,0,crossing,1.0,1.0,0.0,0.0,,0.5
crossing_0040,crossing,crossing,give_way,mpc,MPC,modelled,280.37640164698956,1143.0882116219032,11.977205164793393,10.099049963579137,container_feeder,container_feeder,power_driven,moderate,12322.09773466939,15.531004839572319,216.92349421412274,633.430576714879,2.0922888289916446,False,True,False,-0.8408332213950405,1.1106389645983294,302.31957420755515,41,31.357994454938034,True,0.006944444444444444,1070.0,80.73597178067905,48323.07793763295,0.5180555555555556,0.0,0.5180555555555556,2504.157203888762,0,crossing,1.0,1.0,0.0,0.0,,0.5
crossing_0041,crossing,crossing,stand_on,no_action,No action (baseline),modelled,675.0724302136582,1522.5616838231776,9.667424070299603,10.419740098599792,coastal_tanker,container_feeder,power_driven,restricted,6123.57769717339,-66.13550294781918,45.32238640588722,675.1427904541938,1.6970439345685024,False,True,False,-1.2208528086038886e-12,1.2208528086038886e-12,0.0,0,0.0,False,0.034722222222222224,1400.0,122.56168382318839,276.1546034941481,0.001388888888888889,0.0,0.001388888888888889,922.9294422634757,0,crossing,,,,,1.0,1.0
crossing_0041,crossing,crossing,stand_on,rule_based,Rule-based COLREGS,modelled,675.0724302136582,1522.5616838231776,9.667424070299603,10.419740098599792,coastal_tanker,container_feeder,power_driven,restricted,6123.57769717339,-66.13550294781918,45.32238640588722,686.0235797674437,1.7260576009485142,False,True,False,-0.2984469788563531,0.7478499417955251,383.07588324416446,53,32.63154746174768,False,0.018055555555555554,1555.0,76.61574923183855,2633.5905470962552,0.020833333333333332,0.001388888888888889,0.019444444444444445,865.7839055317528,0,crossing,,,,,1.0,1.0
crossing_0041,crossing,crossing,stand_on,velocity_obstacle,Velocity obstacle,modelled,675.0724302136582,1522.5616838231776,9.667424070299603,10.419740098599792,coastal_tanker,container_feeder,power_driven,restricted,6123.57769717339,-66.13550294781918,45.32238640588722,881.5197441379955,4.035727621088873,False,True,False,-4.894106670902438,7.3988815587507615,1089.073744248974,104,60.063341813843365,False,0.013888888888888888,1710.0,0.0,563.1072421337369,0.004166666666666667,0.0,0.004166666666666667,755.2134615058898,0,crossing,,,,,1.0,1.0
crossing_0041,crossing,crossing,stand_on,mpc,MPC,modelled,675.0724302136582,1522.5616838231776,9.667424070299603,10.419740098599792,coastal_tanker,container_feeder,power_driven,restricted,6123.57769717339,-66.13550294781918,45.32238640588722,820.7856955051193,2.601737380029742,False,True,False,-2.5818493551423503,2.592181345960481,30.016383183102196,19,9.365281159704754,False,0.020833333333333332,1405.0,99.24070920641756,305.909278127053,0.002777777777777778,0.0,0.002777777777777778,918.9341876256511,0,crossing,,,,,1.0,1.0
crossing_0042,crossing,crossing,stand_on,no_action,No action (baseline),modelled,1346.2644969748594,634.5994317175159,8.997077569986775,8.348390902582079,container_feeder,coastal_tanker,power_driven,good,3950.631535266119,-26.66584529078443,81.88349992613445,1346.2665383211372,2.731381105401073,True,True,False,-2.1863584288676712e-13,2.1863584288676712e-13,0.0,0,0.0,False,0.03194444444444444,360.0,274.59943171751564,1187.2502251144638,0.07361111111111111,0.0,0.07361111111111111,1676.0879255691018,0,crossing,,,,,1.0,1.0
crossing_0042,crossing,crossing,stand_on,rule_based,Rule-based COLREGS,modelled,1346.2644969748594,634.5994317175159,8.997077569986775,8.348390902582079,container_feeder,coastal_tanker,power_driven,good,3950.631535266119,-26.66584529078443,81.88349992613445,1126.2375247194725,1.9628816799042201,True,True,False,-1.3655669520100608,6.849512340647906,2911.060387657685,77,44.27073557506276,False,0.08611111111111111,260.0,374.5994317175154,850.017890126435,0.015277777777777777,0.0,0.015277777777777777,1320.8988544474182,0,crossing,,,,,1.0,1.0
crossing_0042,crossing,crossing,stand_on,velocity_obstacle,Velocity obstacle,modelled,1346.2644969748594,634.5994317175159,8.997077569986775,8.348390902582079,container_feeder,coastal_tanker,power_driven,good,3950.631535266119,-26.66584529078443,81.88349992613445,1346.2665383211372,2.731381105401073,True,True,False,-2.1863584288676712e-13,2.1863584288676712e-13,0.0,0,0.0,False,0.02361111111111111,440.0,194.59943171751584,2514.0807711644948,0.14166666666666666,0.08333333333333333,0.058333333333333334,1826.808316696347,0,crossing,,,,,1.0,1.0
crossing_0042,crossing,crossing,stand_on,mpc,MPC,modelled,1346.2644969748594,634.5994317175159,8.997077569986775,8.348390902582079,container_feeder,coastal_tanker,power_driven,good,3950.631535266119,-26.66584529078443,81.88349992613445,1226.742698471695,2.489700548992694,True,True,False,-0.33185098025042253,0.5512983891633166,270.78793981231934,50,19.914415380654138,False,0.029166666666666667,410.0,364.52073264046084,1625.594267818005,0.24305555555555555,0.001388888888888889,0.24166666666666667,1675.7905514576762,0,crossing,,,,,0.0,0.0
crossing_0043,crossing,crossing,stand_on,no_action,No action (baseline),modelled,608.1066847684261,1758.4778868474734,8.127480245501362,8.010580301444104,coastal_tanker,handysize_bulker,power_driven,good,13693.788883732605,-17.73685180059287,139.12659423792908,608.2219661279424,2.6903445989539616,False,True,False,1.4400708820875798e-12,-1.4400708820875798e-12,0.0,0,0.0,False,0.058333333333333334,1450.0,308.4778868475081,971.9036966300029,0.025,0.006944444444444444,0.018055555555555554,1440.566062147789,0,crossing,,,,,1.0,1.0
crossing_0043,crossing,crossing,stand_on,rule_based,Rule-based COLREGS,modelled,608.1066847684261,1758.4778868474734,8.127480245501362,8.010580301444104,coastal_tanker,handysize_bulker,power_driven,good,13693.788883732605,-17.73685180059287,139.12659423792908,32.512861641750234,0.1424209355868407,False,False,True,-0.41054389703936595,1.6723298460741614,711.8655222018917,54,34.95473061456631,True,0.12638888888888888,1385.0,373.4778868475065,7825.156071162162,0.05138888888888889,0.0,0.05138888888888889,995.8797133028077,0,crossing,,,,,0.0,0.0
crossing_0043,crossing,crossing,stand_on,velocity_obstacle,Velocity obstacle,modelled,608.1066847684261,1758.4778868474734,8.127480245501362,8.010580301444104,coastal_tanker,handysize_bulker,power_driven,good,13693.788883732605,-17.73685180059287,139.12659423792908,625.0129569253706,2.1872463641278936,False,True,False,-8.651577253488792,12.360000482992605,1063.0680398209427,120,61.277794167219355,False,0.12638888888888888,1450.0,300.51967045087366,31066.09887334549,0.16111111111111112,0.001388888888888889,0.1597222222222222,490.4599891974955,0,crossing,,,,,1.0,1.0
crossing_0043,crossing,crossing,stand_on,mpc,MPC,modelled,608.1066847684261,1758.4778868474734,8.127480245501362,8.010580301444104,coastal_tanker,handysize_bulker,power_driven,good,13693.788883732605,-17.73685180059287,139.12659423792908,965.7092547208748,4.380822494748017,True,True,False,-2.954346939076179,3.1939044281667326,232.1125658853827,78,29.765779500071037,False,0.044444444444444446,1435.0,338.90239082044104,1993.0462478287716,0.04027777777777778,0.001388888888888889,0.03888888888888889,1063.7434759089783,0,crossing,,,,,1.0,1.0
crossing_0044,crossing,crossing,give_way,no_action,No action (baseline),modelled,680.7902987325313,1484.4533383049536,14.208825595576009,11.610598254339196,handysize_bulker,coastal_tanker,power_driven,good,12789.15656266223,46.194998995521395,279.953287339183,680.8065432600049,1.09354545203827,False,True,False,5.952961831109975e-13,-5.952961831109975e-13,0.0,0,0.0,True,0.03333333333333333,1535.0,0.0,18001.13964780401,0.5652777777777778,0.0,0.5652777777777778,1001.2201526026325,0,crossing,0.0,0.0,0.0,0.0,,0.0
crossing_0044,crossing,crossing,give_way,rule_based,Rule-based COLREGS,modelled,680.7902987325313,1484.4533383049536,14.208825595576009,11.610598254339196,handysize_bulker,coastal_tanker,power_driven,good,12789.15656266223,46.194998995521395,279.953287339183,680.8065432600049,1.09354545203827,False,True,False,-0.5406982856729284,2.738755560197875,2008.6777100901436,56,34.99999006740826,True,0.027777777777777776,1535.0,0.0,17334.28495146126,0.5361111111111111,0.0,0.5361111111111111,947.2361462547207,0,crossing,1.0,1.0,0.0,0.0,,0.5
crossing_0044,crossing,crossing,give_way,velocity_obstacle,Velocity obstacle,modelled,680.7902987325313,1484.4533383049536,14.208825595576009,11.610598254339196,handysize_bulker,coastal_tanker,power_driven,good,12789.15656266223,46.194998995521395,279.953287339183,680.8065432600049,1.09354545203827,False,True,False,-3.2590920015743823,4.614659952907196,888.7728033634065,76,59.91342127963875,True,0.04722222222222222,1535.0,0.0,16451.201419657707,0.5152777777777777,0.0,0.5152777777777777,861.7375020480578,0,crossing,1.0,1.0,0.0,0.0,,0.5
crossing_0044,crossing,crossing,give_way,mpc,MPC,modelled,680.7902987325313,1484.4533383049536,14.208825595576009,11.610598254339196,handysize_bulker,coastal_tanker,power_driven,good,12789.15656266223,46.194998995521395,279.953287339183,680.8065432600049,1.09354545203827,False,True,False,-0.7421721400235795,0.7496021406380888,55.780830718263196,19,5.873877675466563,True,0.041666666666666664,1535.0,0.0,16147.878462117022,0.5611111111111111,0.0,0.5611111111111111,952.6456807796989,0,crossing,1.0,0.0,0.0,0.0,,0.25
crossing_0045,crossing,crossing,stand_on,no_action,No action (baseline),modelled,933.4889690097564,1725.7930423422567,10.677561331227288,15.612367912651202,handysize_bulker,vlcc,power_driven,good,20064.990093281922,-35.32935261547557,117.10492581722652,933.5344052572232,2.332811699848814,True,True,False,-5.711003747704364e-13,5.711003747704364e-13,0.0,0,0.0,False,0.0763888888888889,1460.0,265.79304234224685,1189.1009066437089,0.005555555555555556,0.0,0.005555555555555556,906.2636086034356,0,crossing,,,,,1.0,1.0
crossing_0045,crossing,crossing,stand_on,rule_based,Rule-based COLREGS,modelled,933.4889690097564,1725.7930423422567,10.677561331227288,15.612367912651202,handysize_bulker,vlcc,power_driven,good,20064.990093281922,-35.32935261547557,117.10492581722652,890.2720133546536,1.85469175293022,False,True,False,-0.9009424606664486,2.862977477466345,1352.1019496090107,66,35.73228387032928,False,0.09166666666666666,1465.0,260.79304234224685,425.38111665401186,0.005555555555555556,0.001388888888888889,0.004166666666666667,806.1011471528321,0,crossing,,,,,1.0,1.0
crossing_0045,crossing,crossing,stand_on,velocity_obstacle,Velocity obstacle,modelled,933.4889690097564,1725.7930423422567,10.677561331227288,15.612367912651202,handysize_bulker,vlcc,power_driven,good,20064.990093281922,-35.32935261547557,117.10492581722652,1144.5238381641345,2.9681067041631053,True,True,False,-3.0803488146197546,3.3004169879479357,169.79137537702675,88,24.221332440375473,False,0.08055555555555556,1485.0,240.7930423422468,647.3859864755659,0.002777777777777778,0.001388888888888889,0.001388888888888889,851.6112150989279,0,crossing,,,,,1.0,1.0
crossing_0045,crossing,crossing,stand_on,mpc,MPC,modelled,933.4889690097564,1725.7930423422567,10.677561331227288,15.612367912651202,handysize_bulker,vlcc,power_driven,good,20064.990093281922,-35.32935261547557,117.10492581722652,1202.758258151231,3.0673859703845614,True,True,False,-1.5315833501626384,1.590221478458308,131.87857638513688,44,14.208350546440307,False,0.059722222222222225,1470.0,255.79304234224682,1303.1753349716466,0.008333333333333333,0.0,0.008333333333333333,943.8810550529851,0,crossing,,,,,1.0,1.0
crossing_0046,crossing,crossing,stand_on,no_action,No action (baseline),modelled,653.7387778070396,760.0906806508997,12.990047628403754,13.34168331754842,coastal_tanker,handysize_bulker,power_driven,good,7818.510799439857,-36.69606392774339,98.33747402232089,653.7394385995054,2.082988354702993,False,True,False,-1.1508684245584918e-12,1.1508684245584918e-12,0.0,0,0.0,False,0.04722222222222222,595.0,165.09068065089588,228.64073676209784,0.004166666666666667,0.0,0.004166666666666667,1564.010165754952,0,crossing,,,,,1.0,1.0
crossing_0046,crossing,crossing,stand_on,rule_based,Rule-based COLREGS,modelled,653.7387778070396,760.0906806508997,12.990047628403754,13.34168331754842,coastal_tanker,handysize_bulker,power_driven,good,7818.510799439857,-36.69606392774339,98.33747402232089,90.6201576430847,0.2287503786672805,False,False,True,-0.2333179425863699,3.536236606292048,2227.399536191659,70,44.9839879231325,True,0.013888888888888888,905.0,0.0,38409.352149636725,0.006944444444444444,0.0,0.006944444444444444,1498.5711471194177,0,crossing,,,,,1.0,1.0
crossing_0046,crossing,crossing,stand_on,velocity_obstacle,Velocity obstacle,modelled,653.7387778070396,760.0906806508997,12.990047628403754,13.34168331754842,coastal_tanker,handysize_bulker,power_driven,good,7818.510799439857,-36.69606392774339,98.33747402232089,925.5304984636778,3.1261764461941945,False,True,False,-4.211497423356389,6.107764447128848,893.8830985010122,91,59.56165869782052,False,0.10416666666666667,600.0,143.38458099726313,475.09358468433084,0.004166666666666667,0.001388888888888889,0.002777777777777778,1319.324388605336,0,crossing,,,,,1.0,1.0
crossing_0046,crossing,crossing,stand_on,mpc,MPC,modelled,653.7387778070396,760.0906806508997,12.990047628403754,13.34168331754842,coastal_tanker,handysize_bulker,power_driven,good,7818.510799439857,-36.69606392774339,98.33747402232089,963.1005224237078,3.74955603232476,True,True,False,-2.4769910636217585,2.601235514214408,248.40424938313066,78,19.574985423215466,False,0.04027777777777778,605.0,163.04757521954681,1256.299911910527,0.008333333333333333,0.0,0.008333333333333333,1594.6216624815556,0,crossing,,,,,1.0,1.0
crossing_0047,crossing,crossing,give_way,no_action,No action (baseline),modelled,595.0849810582333,1207.6488225773567,15.047019315801846,15.212060060007367,container_feeder,vlcc,fishing,good,6455.888280619148,-76.1540463331781,39.987307543405535,595.2165758475049,1.0503331632002677,False,True,False,-1.7779160719981635e-12,1.7779160719981635e-12,0.0,0,0.0,True,0.044444444444444446,1205.0,2.648822577352377,12636.373981394616,0.0,0.0,0.0,1126.3722911938557,0,crossing,0.0,0.0,0.0,0.0,,0.0
crossing_0047,crossing,crossing,give_way,rule_based,Rule-based COLREGS,modelled,595.0849810582333,1207.6488225773567,15.047019315801846,15.212060060007367,container_feeder,vlcc,fishing,good,6455.888280619148,-76.1540463331781,39.987307543405535,593.7214853659752,1.0503331632002677,False,True,False,-0.3246864844057062,2.785499260344765,2378.2986644373664,57,34.999753266222555,True,0.030555555555555555,1205.0,3.8322947272754453,7211.502866934652,0.0,0.0,0.0,1179.1732676975025,0,crossing,1.0,1.0,0.0,0.0,,0.5
crossing_0047,crossing,crossing,give_way,velocity_obstacle,Velocity obstacle,modelled,595.0849810582333,1207.6488225773567,15.047019315801846,15.212060060007367,container_feeder,vlcc,fishing,good,6455.888280619148,-76.1540463331781,39.987307543405535,152.48745305516468,0.6135383215183579,False,False,True,-2.6258797891966656,3.881591308529878,891.0187711408737,69,58.88242200913853,True,0.022222222222222223,1205.0,23.12898181980024,5941.53135672907,0.0,0.0,0.0,1329.8942321820248,0,crossing,1.0,1.0,0.0,0.0,,0.5
crossing_0047,crossing,crossing,give_way,mpc,MPC,modelled,595.0849810582333,1207.6488225773567,15.047019315801846,15.212060060007367,container_feeder,vlcc,fishing,good,6455.888280619148,-76.1540463331781,39.987307543405535,488.78636649873727,1.0503331632002677,False,True,False,-1.9325634708664563,2.4913733994953406,525.3760356996152,60,46.89597897616547,True,0.02638888888888889,1205.0,10.166692403418601,11524.206737678873,0.0,0.0,0.0,1164.6537873242667,0,crossing,1.0,1.0,0.0,0.0,,0.5
crossing_0048,crossing,crossing,give_way,no_action,No action (baseline),modelled,1461.6821971824236,888.2334170028807,13.210969275470493,12.62427167652038,container_feeder,handysize_bulker,power_driven,restricted,6393.164706179761,69.32541052298876,296.41405200247544,1461.7346101027679,2.7345711327389965,True,True,False,1.3549695508962441e-12,-1.3549695508962441e-12,0.0,0,0.0,True,0.004166666666666667,,,19354.810637426137,0.7263888888888889,0.0,0.7263888888888889,1623.0611794350589,0,crossing,0.0,0.0,0.0,0.0,,0.0
crossing_0048,crossing,crossing,give_way,rule_based,Rule-based COLREGS,modelled,1461.6821971824236,888.2334170028807,13.210969275470493,12.62427167652038,container_feeder,handysize_bulker,power_driven,restricted,6393.164706179761,69.32541052298876,296.41405200247544,1461.7346101027679,2.7345711327389965,True,True,False,-0.3834997150721016,1.2972169331490444,886.5033107710135,54,34.75721321382378,True,0.001388888888888889,,,7378.904693459395,0.019444444444444445,0.0,0.019444444444444445,8104.359444001097,0,crossing,1.0,1.0,0.0,0.0,,0.5
crossing_0048,crossing,crossing,give_way,velocity_obstacle,Velocity obstacle,modelled,1461.6821971824236,888.2334170028807,13.210969275470493,12.62427167652038,container_feeder,handysize_bulker,power_driven,restricted,6393.164706179761,69.32541052298876,296.41405200247544,1461.7346101027679,2.7345711327389965,True,True,False,-1.8895738779818956,3.0372887553516006,775.5453090759991,67,56.45514994198796,True,0.001388888888888889,,,7216.724366379542,0.016666666666666666,0.0,0.016666666666666666,8168.8122022999605,0,crossing,1.0,1.0,0.0,0.0,,0.5
crossing_0048,crossing,crossing,give_way,mpc,MPC,modelled,1461.6821971824236,888.2334170028807,13.210969275470493,12.62427167652038,container_feeder,handysize_bulker,power_driven,restricted,6393.164706179761,69.32541052298876,296.41405200247544,1461.7346101027679,2.7345711327389965,True,True,False,-1.4466391104045013,1.8774540872313583,427.22235689390436,50,40.377212806521065,True,0.002777777777777778,,,13415.470690036449,0.6597222222222222,0.0,0.6597222222222222,2509.1995985836043,0,crossing,1.0,1.0,0.0,0.0,,0.5
crossing_0049,crossing,crossing,stand_on,no_action,No action (baseline),modelled,858.1166358026007,1395.9570518471187,9.913184765147562,12.077846792652439,container_feeder,vlcc,power_driven,moderate,9768.895501860281,-64.62412450675573,75.35768986149677,858.1425698787654,1.8770651206499547,False,True,False,1.1905862856188196e-13,-1.1905862856188196e-13,0.0,0,0.0,True,0.05277777777777778,1415.0,0.0,14767.154882066685,0.020833333333333332,0.0,0.020833333333333332,985.7760260887012,0,crossing,,,,,1.0,1.0
crossing_0049,crossing,crossing,stand_on,rule_based,Rule-based COLREGS,modelled,858.1166358026007,1395.9570518471187,9.913184765147562,12.077846792652439,container_feeder,vlcc,power_driven,moderate,9768.895501860281,-64.62412450675573,75.35768986149677,858.1425698787654,1.8770651206499547,False,True,False,-0.672500718424552,1.8895866927699685,831.7467879909682,59,35.009583844138106,True,0.029166666666666667,1415.0,0.0,14574.968355904115,0.015277777777777777,0.0,0.015277777777777777,1088.0270984411268,0,crossing,,,,,1.0,1.0
crossing_0049,crossing,crossing,stand_on,velocity_obstacle,Velocity obstacle,modelled,858.1166358026007,1395.9570518471187,9.913184765147562,12.077846792652439,container_feeder,vlcc,power_driven,moderate,9768.895501860281,-64.62412450675573,75.35768986149677,857.8171286709695,1.8770651206499547,False,True,False,-2.1214457260895965,2.5376074593158524,332.91888010134454,59,35.97062611408144,True,0.025,1415.0,0.0,13613.53608386518,0.013888888888888888,0.0,0.013888888888888888,1077.1556973454797,0,crossing,,,,,1.0,1.0
crossing_0049,crossing,crossing,stand_on,mpc,MPC,modelled,858.1166358026007,1395.9570518471187,9.913184765147562,12.077846792652439,container_feeder,vlcc,power_driven,moderate,9768.895501860281,-64.62412450675573,75.35768986149677,857.9417253880839,1.8770651206499547,False,True,False,-0.9839301276877445,0.9898664559947713,34.90671638073245,14,5.096080689825833,True,0.04861111111111111,1415.0,0.0,14277.405963756852,0.02361111111111111,0.0,0.02361111111111111,979.2566541046974,0,crossing,,,,,1.0,1.0
crossing_0050,crossing,crossing,stand_on,no_action,No action (baseline),modelled,898.0261313967821,1538.459056680601,10.336394427054486,9.91169226104627,handysize_bulker,container_feeder,power_driven,moderate,7158.3005674393,-68.49467281507302,52.559837617948425,898.0543026456933,1.3430620831602225,False,True,False,-9.895940978211707e-13,9.895940978211707e-13,0.0,0,0.0,True,0.05277777777777778,1570.0,0.0,9627.634489764529,0.029166666666666667,0.0,0.029166666666666667,857.1851216820857,0,crossing,,,,,1.0,1.0
crossing_0050,crossing,crossing,stand_on,rule_based,Rule-based COLREGS,modelled,898.0261313967821,1538.459056680601,10.336394427054486,9.91169226104627,handysize_bulker,container_feeder,power_driven,moderate,7158.3005674393,-68.49467281507302,52.559837617948425,898.0543026456933,1.3430620831602225,False,True,False,-0.9801046191193196,3.026700427160018,1358.9549663460755,65,35.90699258908867,True,0.034722222222222224,1570.0,0.0,5712.665692180832,0.019444444444444445,0.0,0.019444444444444445,525.4894105126253,0,crossing,,,,,1.0,1.0
crossing_0050,crossing,crossing,stand_on,velocity_obstacle,Velocity obstacle,modelled,898.0261313967821,1538.459056680601,10.336394427054486,9.91169226104627,handysize_bulker,container_feeder,power_driven,moderate,7158.3005674393,-68.49467281507302,52.559837617948425,791.4589993637837,1.3430620831602225,False,True,False,-3.602258845254254,4.572783815379867,588.9280179820078,80,46.95945510715631,True,0.02638888888888889,1570.0,10.411003646318486,7128.597984826999,0.018055555555555554,0.0,0.018055555555555554,942.0850805222067,0,crossing,,,,,1.0,1.0
crossing_0050,crossing,crossing,stand_on,mpc,MPC,modelled,898.0261313967821,1538.459056680601,10.336394427054486,9.91169226104627,handysize_bulker,container_feeder,power_driven,moderate,7158.3005674393,-68.49467281507302,52.559837617948425,897.8119461350926,1.3430620831602225,False,True,False,-1.101345178011939,1.1056494043745286,32.99469711034144,7,3.9042928742691005,True,0.05,1570.0,0.5444755193813523,8535.30263283717,0.030555555555555555,0.0,0.030555555555555555,822.6537647857475,0,crossing,,,,,1.0,1.0
crossing_0051,crossing,crossing,stand_on,no_action,No action (baseline),modelled,1008.827362331376,745.8026880863719,10.078868952795343,14.739425381329301,handysize_bulker,handysize_bulker,power_driven,restricted,9422.151843835523,-18.654713194617017,158.97495400739874,1008.8777449540421,3.3171035398373996,True,True,False,-1.190531422542738e-12,1.190531422542738e-12,0.0,0,0.0,True,0.0,,,,0.0,0.0,0.0,,0,crossing,,,,,1.0,1.0
crossing_0051,crossing,crossing,stand_on,rule_based,Rule-based COLREGS,modelled,1008.827362331376,745.8026880863719,10.078868952795343,14.739425381329301,handysize_bulker,handysize_bulker,power_driven,restricted,9422.151843835523,-18.654713194617017,158.97495400739874,1008.8777449540421,3.3171035398373996,True,True,False,-3.042790457471028,4.480964428004758,395.44579274012756,123,36.39747164446274,True,0.001388888888888889,,,12872.564117432774,0.1638888888888889,0.0,0.1638888888888889,8472.469560086314,0,crossing,,,,,1.0,1.0
crossing_0051,crossing,crossing,stand_on,velocity_obstacle,Velocity obstacle,modelled,1008.827362331376,745.8026880863719,10.078868952795343,14.739425381329301,handysize_bulker,handysize_bulker,power_driven,restricted,9422.151843835523,-18.654713194617017,158.97495400739874,1008.8777449540421,3.3171035398373996,True,True,False,-1.190531422542738e-12,1.190531422542738e-12,0.0,0,0.0,True,0.0,,,,0.0,0.0,0.0,,0,crossing,,,,,1.0,1.0
crossing_0051,crossing,crossing,stand_on,mpc,MPC,modelled,1008.827362331376,745.8026880863719,10.078868952795343,14.739425381329301,handysize_bulker,handysize_bulker,power_driven,restricted,9422.151843835523,-18.654713194617017,158.97495400739874,1008.8777449540421,3.3171035398373996,True,True,False,-1.190531422542738e-12,1.190531422542738e-12,0.0,0,0.0,True,0.0,,,,0.0,0.0,0.0,,0,crossing,,,,,1.0,1.0
crossing_0052,crossing,crossing,give_way,no_action,No action (baseline),modelled,1121.7077795273187,1046.6928512759505,13.201104856738699,15.178291914018669,vlcc,container_feeder,restricted_manoeuvrability,moderate,12099.83817260632,-35.877734588276084,103.85379069956352,1121.8770055829611,1.2874657571186572,True,True,False,-1.0728649115000717e-12,1.0728649115000717e-12,0.0,0,0.0,False,0.013888888888888888,985.0,61.692851275954354,19900.28024171597,0.0,0.0,0.0,1512.7412686731843,0,crossing,0.0,0.0,0.0,1.0,,0.25
crossing_0052,crossing,crossing,give_way,rule_based,Rule-based COLREGS,modelled,1121.7077795273187,1046.6928512759505,13.201104856738699,15.178291914018669,vlcc,container_feeder,restricted_manoeuvrability,moderate,12099.83817260632,-35.877734588276084,103.85379069956352,1121.8770055829611,1.2874657571186572,True,True,False,-1.0728649115000717e-12,1.0728649115000717e-12,0.0,0,0.0,False,0.013888888888888888,945.0,101.69285127595401,3354.528137282161,0.0,0.0,0.0,1392.6505749565595,0,crossing,0.0,0.0,0.0,1.0,,0.25
crossing_0052,crossing,crossing,give_way,velocity_obstacle,Velocity obstacle,modelled,1121.7077795273187,1046.6928512759505,13.201104856738699,15.178291914018669,vlcc,container_feeder,restricted_manoeuvrability,moderate,12099.83817260632,-35.877734588276084,103.85379069956352,1099.301709672989,1.260605811702207,True,True,False,-0.42347600333638324,0.4493355453774632,123.97611911859146,33,7.788610266279548,False,0.016666666666666666,945.0,117.5581876415702,1679.587988977755,0.0,0.0,0.0,1366.249950550659,0,crossing,1.0,0.0,0.0,1.0,,0.5
crossing_0052,crossing,crossing,give_way,mpc,MPC,modelled,1121.7077795273187,1046.6928512759505,13.201104856738699,15.178291914018669,vlcc,container_feeder,restricted_manoeuvrability,moderate,12099.83817260632,-35.877734588276084,103.85379069956352,1157.4031721262493,1.326349053702416,True,True,False,-1.0124455195699422,1.063349820393333,172.58767074911245,43,10.945606307641732,False,0.019444444444444445,940.0,121.9368612387181,1099.5222153164195,0.0,0.0,0.0,1366.5956026602307,0,crossing,1.0,0.0,0.0,1.0,,0.5
crossing_0053,crossing,crossing,give_way,no_action,No action (baseline),modelled,1034.5048375581275,1698.319488335044,8.769773894011156,10.693882925996656,vlcc,handysize_bulker,fishing,moderate,11015.01572655592,51.55122424140319,280.3574614932771,1034.5617480513854,1.0503240182139182,True,True,False,-7.626290540825682e-13,7.514139209342952e-13,0.0,0,0.0,False,0.041666666666666664,1485.0,213.31948833505808,763.6423444803372,0.0,0.0,0.0,857.1029405152515,0,crossing,0.0,0.0,0.0,1.0,,0.25
crossing_0053,crossing,crossing,give_way,rule_based,Rule-based COLREGS,modelled,1034.5048375581275,1698.319488335044,8.769773894011156,10.693882925996656,vlcc,handysize_bulker,fishing,moderate,11015.01572655592,51.55122424140319,280.3574614932771,1270.7819872230762,1.624775822356315,True,True,False,-5.146748857142862,6.82616187518403,980.0866510608399,143,39.87454627540537,False,0.034722222222222224,1515.0,181.64490147632662,418.7508568919804,0.0,0.0,0.0,893.1814788503333,0,crossing,1.0,1.0,0.0,1.0,,0.75
crossing_0053,crossing,crossing,give_way,velocity_obstacle,Velocity obstacle,modelled,1034.5048375581275,1698.319488335044,8.769773894011156,10.693882925996656,vlcc,handysize_bulker,fishing,moderate,11015.01572655592,51.55122424140319,280.3574614932771,1152.6905717949521,1.2403435079027372,True,True,False,-0.9104857107632492,0.9508261045389614,125.22195968699837,11,7.852108690976049,False,0.044444444444444446,1515.0,179.64569996915978,148.67313971987176,0.0,0.0,0.0,882.0259873151914,0,crossing,1.0,0.0,0.0,1.0,,0.5
crossing_0053,crossing,crossing,give_way,mpc,MPC,modelled,1034.5048375581275,1698.319488335044,8.769773894011156,10.693882925996656,vlcc,handysize_bulker,fishing,moderate,11015.01572655592,51.55122424140319,280.3574614932771,1052.9568759609413,1.15617415502998,True,True,False,-0.7690728765598902,0.7732197983074445,37.49385267191486,0,2.5573155697622627,False,0.04722222222222222,1495.0,203.31948833505814,372.1802639148099,0.0,0.0,0.0,851.0822078551124,0,crossing,0.0,0.0,0.0,1.0,,0.25
crossing_0054,crossing,crossing,stand_on,no_action,No action (baseline),modelled,501.0944032745975,862.5995726954416,14.054348810787952,9.914455541104083,coastal_tanker,handysize_bulker,power_driven,good,10312.48213359257,-14.863689549096836,150.66629857249194,501.9135356015008,2.3547395157448343,False,True,False,-9.937346808487206e-13,9.937346808487206e-13,0.0,0,0.0,True,0.044444444444444446,910.0,0.0,145937.8093323982,0.041666666666666664,0.0,0.041666666666666664,1096.924423538193,0,crossing,,,,,1.0,1.0
crossing_0054,crossing,crossing,stand_on,rule_based,Rule-based COLREGS,modelled,501.0944032745975,862.5995726954416,14.054348810787952,9.914455541104083,coastal_tanker,handysize_bulker,power_driven,good,10312.48213359257,-14.863689549096836,150.66629857249194,893.630003168502,3.940639010336294,False,True,False,-0.18195522688744012,0.5043374666441753,439.92962790748385,45,31.10533377095472,True,0.034722222222222224,650.0,213.05648918608435,34265.779408756025,0.15833333333333333,0.0,0.15833333333333333,1531.6481946113809,0,crossing,,,,,1.0,1.0
crossing_0054,crossing,crossing,stand_on,velocity_obstacle,Velocity obstacle,modelled,501.0944032745975,862.5995726954416,14.054348810787952,9.914455541104083,coastal_tanker,handysize_bulker,power_driven,good,10312.48213359257,-14.863689549096836,150.66629857249194,825.5286722891077,3.265564659796065,False,True,False,-0.04611916197202777,0.2308052661959132,419.4169492074004,45,17.44895593134745,True,0.03611111111111111,960.0,0.0,216634.98068111017,0.08472222222222223,0.0,0.08472222222222223,2029.1980939434147,0,crossing,,,,,1.0,1.0
crossing_0054,crossing,crossing,stand_on,mpc,MPC,modelled,501.0944032745975,862.5995726954416,14.054348810787952,9.914455541104083,coastal_tanker,handysize_bulker,power_driven,good,10312.48213359257,-14.863689549096836,150.66629857249194,967.4345123782178,3.885036011712446,True,True,False,-0.05039181926304441,0.3413232030181277,592.2371338915829,50,19.56170325015454,True,0.020833333333333332,995.0,0.0,34675.30278507459,0.09444444444444444,0.0,0.09444444444444444,1432.5370389109753,0,crossing,,,,,1.0,1.0
crossing_0055,crossing,crossing,stand_on,no_action,No action (baseline),modelled,645.3412281644893,657.46145113207,15.273570006052958,8.629543214649551,container_feeder,vlcc,power_driven,good,5611.236577119376,-37.84829350116057,82.11590512866141,645.6785491539067,1.1546962404773005,False,True,False,5.795551640929107e-13,-5.795551640929107e-13,0.0,0,0.0,True,0.1125,715.0,0.0,24061.39852757106,0.025,0.0,0.025,1411.1585937515238,0,crossing,,,,,1.0,1.0
crossing_0055,crossing,crossing,stand_on,rule_based,Rule-based COLREGS,modelled,645.3412281644893,657.46145113207,15.273570006052958,8.629543214649551,container_feeder,vlcc,power_driven,good,5611.236577119376,-37.84829350116057,82.11590512866141,645.6785491539067,1.1546962404773005,False,True,False,-0.31580252537641285,1.2940994392312803,1085.4507066606723,56,34.79746984313295,True,0.10277777777777777,715.0,0.0,19065.06332311565,0.013888888888888888,0.0,0.013888888888888888,1265.83777830164,0,crossing,,,,,1.0,1.0
crossing_0055,crossing,crossing,stand_on,velocity_obstacle,Velocity obstacle,modelled,645.3412281644893,657.46145113207,15.273570006052958,8.629543214649551,container_feeder,vlcc,power_driven,good,5611.236577119376,-37.84829350116057,82.11590512866141,645.6785491539067,1.1546962404773005,False,True,False,-0.9779281241243072,1.178157861195212,322.20654004000266,41,30.552103278563237,True,0.11944444444444445,720.0,0.0,21050.125520105652,0.011111111111111112,0.0,0.011111111111111112,1335.4492722805385,0,crossing,,,,,1.0,1.0
crossing_0055,crossing,crossing,stand_on,mpc,MPC,modelled,645.3412281644893,657.46145113207,15.273570006052958,8.629543214649551,container_feeder,vlcc,power_driven,good,5611.236577119376,-37.84829350116057,82.11590512866141,645.6785491539067,1.1546962404773005,False,True,False,-0.9954489893509253,1.0568051776406604,170.150734608174,33,18.319758667693936,True,0.10972222222222222,715.0,0.0,21220.06864558237,0.029166666666666667,0.0,0.029166666666666667,1401.784471330695,0,crossing,,,,,1.0,1.0
crossing_0056,crossing,crossing,stand_on,no_action,No action (baseline),modelled,1161.2187541381486,870.325489264432,12.383330617296547,11.839698140830258,handysize_bulker,vlcc,power_driven,good,6733.906313927295,-60.57965369475174,75.37235323153868,1161.2214037918104,1.914778138786922,True,True,False,6.512822087351018e-13,-6.512822087351018e-13,0.0,0,0.0,True,0.08333333333333333,920.0,0.0,19608.624614325865,0.029166666666666667,0.0,0.029166666666666667,1328.609533525174,0,crossing,,,,,1.0,1.0
crossing_0056,crossing,crossing,stand_on,rule_based,Rule-based COLREGS,modelled,1161.2187541381486,870.325489264432,12.383330617296547,11.839698140830258,handysize_bulker,vlcc,power_driven,good,6733.906313927295,-60.57965369475174,75.37235323153868,1161.2214037918104,1.914778138786922,True,True,False,-0.7286969118713967,1.5531393059030107,745.2422649681472,60,35.137952376798374,True,0.075,925.0,0.0,14160.009858787997,0.016666666666666666,0.0,0.016666666666666666,1127.9243746098334,0,crossing,,,,,1.0,1.0
crossing_0056,crossing,crossing,stand_on,velocity_obstacle,Velocity obstacle,modelled,1161.2187541381486,870.325489264432,12.383330617296547,11.839698140830258,handysize_bulker,vlcc,power_driven,good,6733.906313927295,-60.57965369475174,75.37235323153868,1161.2214037918104,1.914778138786922,True,True,False,-0.23090238955411152,0.23613439072111544,42.33551004529233,13,4.627041073858608,True,0.08888888888888889,920.0,0.0,19871.813887788572,0.02638888888888889,0.0,0.02638888888888889,1324.812327951942,0,crossing,,,,,1.0,1.0
crossing_0056,crossing,crossing,stand_on,mpc,MPC,modelled,1161.2187541381486,870.325489264432,12.383330617296547,11.839698140830258,handysize_bulker,vlcc,power_driven,good,6733.906313927295,-60.57965369475174,75.37235323153868,1161.2214037918104,1.914778138786922,True,True,False,-0.296443836384736,0.29649520180315553,4.131375264479277,0,0.459072887711174,True,0.0875,920.0,0.0,19285.909034028376,0.029166666666666667,0.0,0.029166666666666667,1316.0527699473676,0,crossing,,,,,1.0,1.0
crossing_0057,crossing,crossing,give_way,no_action,No action (baseline),modelled,491.2876486191869,920.9242872718205,12.859931369062181,11.687648205063269,handysize_bulker,coastal_tanker,not_under_command,good,4222.187872816742,68.61185856814663,318.06775881050027,491.3056766035598,0.6996691466538253,False,False,False,6.424413196798863e-13,-6.271450977827462e-13,0.0,0,0.0,True,0.043055555555555555,940.0,0.0,12126.828640993504,0.0,0.0,0.0,1323.5072374358747,0,crossing,0.0,0.0,0.0,0.0,,0.0
crossing_0057,crossing,crossing,give_way,rule_based,Rule-based COLREGS,modelled,491.2876486191869,920.9242872718205,12.859931369062181,11.687648205063269,handysize_bulker,coastal_tanker,not_under_command,good,4222.187872816742,68.61185856814663,318.06775881050027,491.3056766035598,0.6996691466538253,False,False,False,-0.6479391843169567,3.06984451231555,1981.406875186128,58,35.057126878422096,True,0.05694444444444444,940.0,0.0,17434.421528480987,0.0,0.0,0.0,1284.446264456552,0,crossing,1.0,1.0,0.0,0.0,,0.5
crossing_0057,crossing,crossing,give_way,velocity_obstacle,Velocity obstacle,modelled,491.2876486191869,920.9242872718205,12.859931369062181,11.687648205063269,handysize_bulker,coastal_tanker,not_under_command,good,4222.187872816742,68.61185856814663,318.06775881050027,483.14851039989264,0.6996691466538253,False,False,False,-4.357969605271572,6.355068514838316,1049.5093119518017,89,64.35194371270245,True,0.06805555555555555,940.0,0.0,17549.219217515125,0.0,0.0,0.0,1222.1118730755638,0,crossing,1.0,1.0,0.0,0.0,,0.5
crossing_0057,crossing,crossing,give_way,mpc,MPC,modelled,491.2876486191869,920.9242872718205,12.859931369062181,11.687648205063269,handysize_bulker,coastal_tanker,not_under_command,good,4222.187872816742,68.61185856814663,318.06775881050027,491.3056766035598,0.6996691466538253,False,False,False,-1.7985218667483622,1.7985720391284301,3.889038074167722,0,0.4723821476188811,True,0.03611111111111111,940.0,0.0,11141.809967736568,0.0,0.0,0.0,1303.2958524675014,0,crossing,0.0,0.0,0.0,0.0,,0.0
crossing_0058,crossing,crossing,stand_on,no_action,No action (baseline),modelled,62.948261146430426,958.8584406253694,11.490636154722104,10.431265148487665,handysize_bulker,container_feeder,power_driven,moderate,8467.271828383655,-36.74067834975867,102.96516690746442,63.75027050836134,0.12829236035882677,False,False,True,-2.739042276225317e-13,2.739042276225317e-13,0.0,0,0.0,True,0.018055555555555554,975.0,0.0,26043.504764977584,0.002777777777777778,0.0,0.002777777777777778,1374.445473097232,0,crossing,,,,,1.0,1.0
crossing_0058,crossing,crossing,stand_on,rule_based,Rule-based COLREGS,modelled,62.948261146430426,958.8584406253694,11.490636154722104,10.431265148487665,handysize_bulker,container_feeder,power_driven,moderate,8467.271828383655,-36.74067834975867,102.96516690746442,63.75027050836134,0.12829236035882677,False,False,True,-0.8352487585055022,1.632331997687854,671.727562770873,61,35.400143762909416,True,0.0125,975.0,0.0,26205.601692832097,0.002777777777777778,0.0,0.002777777777777778,1381.2525822139821,0,crossing,,,,,1.0,1.0
crossing_0058,crossing,crossing,stand_on,velocity_obstacle,Velocity obstacle,modelled,62.948261146430426,958.8584406253694,11.490636154722104,10.431265148487665,handysize_bulker,container_feeder,power_driven,moderate,8467.271828383655,-36.74067834975867,102.96516690746442,63.75027050836134,0.12829236035882677,False,False,True,-2.4437940172201444,2.8982542816165178,415.41999591167075,64,35.68723138267117,True,0.011111111111111112,975.0,0.0,25177.275276714437,0.022222222222222223,0.019444444444444445,0.002777777777777778,1382.0440315728445,0,crossing,,,,,1.0,1.0
crossing_0058,crossing,crossing,stand_on,mpc,MPC,modelled,62.948261146430426,958.8584406253694,11.490636154722104,10.431265148487665,handysize_bulker,container_feeder,power_driven,moderate,8467.271828383655,-36.74067834975867,102.96516690746442,63.75027050836134,0.12829236035882677,False,False,True,-2.739042276225317e-13,2.739042276225317e-13,0.0,0,0.0,True,0.018055555555555554,975.0,0.0,25336.672337787888,0.002777777777777778,0.0,0.002777777777777778,1373.9121245389808,0,crossing,,,,,1.0,1.0
crossing_0059,crossing,crossing,give_way,no_action,No action (baseline),modelled,180.15367315095554,1061.0109426195959,10.616648123925646,13.729543011490824,handysize_bulker,coastal_tanker,power_driven,moderate,10510.231225496225,44.81788195087232,256.2177582706254,180.43170982984958,0.396059907440283,False,False,False,-7.41131707510837e-13,7.41131707510837e-13,0.0,0,0.0,True,0.018055555555555554,1080.0,0.0,24404.456860260834,0.7013888888888888,0.0,0.7013888888888888,1306.6975971369181,0,crossing,0.0,0.0,0.0,0.0,,0.0
crossing_0059,crossing,crossing,give_way,rule_based,Rule-based COLREGS,modelled,180.15367315095554,1061.0109426195959,10.616648123925646,13.729543011490824,handysize_bulker,coastal_tanker,power_driven,moderate,10510.231225496225,44.81788195087232,256.2177582706254,180.43170982984958,0.396059907440283,False,False,False,-0.9097947768722253,2.4693724688011987,1093.5305877337173,66,35.76148588887929,True,0.030555555555555555,1080.0,0.0,24090.481282417906,0.7013888888888888,0.0,0.7013888888888888,1265.61320685569,0,crossing,1.0,1.0,0.0,0.0,,0.5
crossing_0059,crossing,crossing,give_way,velocity_obstacle,Velocity obstacle,modelled,180.15367315095554,1061.0109426195959,10.616648123925646,13.729543011490824,handysize_bulker,coastal_tanker,power_driven,moderate,10510.231225496225,44.81788195087232,256.2177582706254,180.43170982984958,0.396059907440283,False,False,False,-3.1112167029389743,3.8159226761317178,502.1191827145937,74,41.55145005156282,True,0.034722222222222224,1080.0,0.0,23242.23564612995,0.7013888888888888,0.0,0.7013888888888888,1247.5311802352594,0,crossing,1.0,1.0,0.0,0.0,,0.5
crossing_0059,crossing,crossing,give_way,mpc,MPC,modelled,180.15367315095554,1061.0109426195959,10.616648123925646,13.729543011490824,handysize_bulker,coastal_tanker,power_driven,moderate,10510.231225496225,44.81788195087232,256.2177582706254,180.43170982984958,0.396059907440283,False,False,False,-0.7493344899371124,0.7542149793163875,36.22262151074225,8,4.180280088755803,True,0.019444444444444445,1080.0,0.0,24164.41108172869,0.7013888888888888,0.0,0.7013888888888888,1299.9488483108344,0,crossing,0.0,0.0,0.0,0.0,,0.0
crossing_0060,crossing,crossing,give_way,no_action,No action (baseline),modelled,1368.4676209723054,1225.8985290673436,10.04338812535945,9.767082592465709,vlcc,coastal_tanker,power_driven,good,5895.963096955041,74.56008043262801,305.37238063021783,1368.4740767605795,1.1303727651454645,True,True,False,1.2143231351382188e-12,-1.2143231351382188e-12,0.0,0,0.0,True,0.04027777777777778,1275.0,0.0,11270.972854122947,0.6152777777777778,0.0,0.6152777777777778,1107.7018399061808,0,crossing,0.0,0.0,0.0,0.0,,0.0
crossing_0060,crossing,crossing,give_way,rule_based,Rule-based COLREGS,modelled,1368.4676209723054,1225.8985290673436,10.04338812535945,9.767082592465709,vlcc,coastal_tanker,power_driven,good,5895.963096955041,74.56008043262801,305.37238063021783,1368.4740767605795,1.1303727651454645,True,True,False,-3.3388742616852345,6.938957989010248,2232.708159480085,118,39.847266232505284,True,0.044444444444444446,1295.0,0.0,12138.390639780142,0.5597222222222222,0.0,0.5597222222222222,979.6889795601342,0,crossing,1.0,1.0,0.0,0.0,,0.5
crossing_0060,crossing,crossing,give_way,velocity_obstacle,Velocity obstacle,modelled,1368.4676209723054,1225.8985290673436,10.04338812535945,9.767082592465709,vlcc,coastal_tanker,power_driven,good,5895.963096955041,74.56008043262801,305.37238063021783,1368.4740767605795,1.1303727651454645,True,True,False,-0.1538608699932339,0.15431787531757432,11.743587068408047,0,0.887094855252025,True,0.04027777777777778,1290.0,0.0,10764.431282002042,0.6180555555555556,0.0,0.6180555555555556,1070.2426196500833,0,crossing,0.0,0.0,0.0,0.0,,0.0
crossing_0060,crossing,crossing,give_way,mpc,MPC,modelled,1368.4676209723054,1225.8985290673436,10.04338812535945,9.767082592465709,vlcc,coastal_tanker,power_driven,good,5895.963096955041,74.56008043262801,305.37238063021783,1368.4740767605795,1.1303727651454645,True,True,False,-0.12508938709354558,0.1270193982315448,27.766838513272305,0,1.869487047387204,True,0.041666666666666664,1290.0,0.0,10962.949148641936,0.6138888888888889,0.0,0.6138888888888889,1040.3567342425254,0,crossing,0.0,0.0,0.0,0.0,,0.0
crossing_0061,crossing,crossing,give_way,no_action,No action (baseline),modelled,1449.7362381429432,711.6662034100082,15.501019893043043,13.384182178605332,coastal_tanker,coastal_tanker,fishing,good,9515.623785755479,-33.89197648893016,125.41139989800305,1449.9034374136133,5.468065397334525,True,True,False,-1.6116334522101002e-12,1.6116334522101002e-12,0.0,0,0.0,True,0.005555555555555556,900.0,0.0,32140.138841642205,0.0,0.0,0.0,1917.6339237210098,0,crossing,0.0,0.0,0.0,0.0,,0.0
crossing_0061,crossing,crossing,give_way,rule_based,Rule-based COLREGS,modelled,1449.7362381429432,711.6662034100082,15.501019893043043,13.384182178605332,coastal_tanker,coastal_tanker,fishing,good,9515.623785755479,-33.89197648893016,125.41139989800305,1449.9034374136133,5.468065397334525,True,True,False,-0.36995237445419216,1.1353460316746933,774.8946347225144,62,34.41049378705023,True,0.002777777777777778,,,25913.431157020066,0.0,0.0,0.0,5223.0183073183325,0,crossing,1.0,1.0,0.0,0.0,,0.5
crossing_0061,crossing,crossing,give_way,velocity_obstacle,Velocity obstacle,modelled,1449.7362381429432,711.6662034100082,15.501019893043043,13.384182178605332,coastal_tanker,coastal_tanker,fishing,good,9515.623785755479,-33.89197648893016,125.41139989800305,1449.9034374136133,5.468065397334525,True,True,False,-0.010717201457870546,0.010878453536177748,8.314726051621248,2,1.3077097624730705,True,0.005555555555555556,,,32889.70803741256,0.0,0.0,0.0,3947.459212151979,0,crossing,0.0,0.0,0.0,0.0,,0.0
crossing_0061,crossing,crossing,give_way,mpc,MPC,modelled,1449.7362381429432,711.6662034100082,15.501019893043043,13.384182178605332,coastal_tanker,coastal_tanker,fishing,good,9515.623785755479,-33.89197648893016,125.41139989800305,1449.9034374136133,5.468065397334525,True,True,False,-0.22585905518895394,0.32544202102420483,220.39964473981686,30,25.11452751930171,True,0.004166666666666667,,,23444.632136814344,0.0,0.0,0.0,1681.289371170598,0,crossing,1.0,0.0,0.0,0.0,,0.25
crossing_0062,crossing,crossing,give_way,no_action,No action (baseline),modelled,1360.971283737884,1108.548472696259,9.471553534492237,13.755532230090008,container_feeder,coastal_tanker,restricted_manoeuvrability,good,6946.093014465929,67.70553190558806,301.53067847469174,1361.0005076019188,3.0760779196690824,True,True,False,-1.619929858472756e-12,1.619929858472756e-12,0.0,0,0.0,False,0.02638888888888889,1020.0,88.54847269626175,630.0795366886873,0.0,0.0,0.0,1266.9679666421825,0,crossing,0.0,0.0,0.0,1.0,,0.25
crossing_0062,crossing,crossing,give_way,rule_based,Rule-based COLREGS,modelled,1360.971283737884,1108.548472696259,9.471553534492237,13.755532230090008,container_feeder,coastal_tanker,restricted_manoeuvrability,good,6946.093014465929,67.70553190558806,301.53067847469174,1450.746507275285,3.7640394559450034,True,True,False,-0.7260853797423639,2.4181980913147196,1057.2260000277956,61,35.05974886810177,False,0.013888888888888888,1010.0,62.53081943461002,1190.0891748579252,0.0,0.0,0.0,1405.2866715536234,0,crossing,1.0,1.0,0.0,1.0,,0.75
crossing_0062,crossing,crossing,give_way,velocity_obstacle,Velocity obstacle,modelled,1360.971283737884,1108.548472696259,9.471553534492237,13.755532230090008,container_feeder,coastal_tanker,restricted_manoeuvrability,good,6946.093014465929,67.70553190558806,301.53067847469174,1491.7045928057903,3.445280233112433,True,True,False,-0.78551140074859,0.8348324754492722,108.26775764686207,33,12.420526942807966,False,0.020833333333333332,1025.0,32.10411334174915,1441.7715064053234,0.0,0.0,0.0,1292.4814286947299,0,crossing,1.0,0.0,0.0,1.0,,0.5
crossing_0062,crossing,crossing,give_way,mpc,MPC,modelled,1360.971283737884,1108.548472696259,9.471553534492237,13.755532230090008,container_feeder,coastal_tanker,restricted_manoeuvrability,good,6946.093014465929,67.70553190558806,301.53067847469174,1423.3488330306889,3.2390042508219223,True,True,False,-0.48554418993192433,0.5291630318683432,96.85965227742024,33,13.0861969615976,False,0.029166666666666667,995.0,108.64289977096323,136.65947904930448,0.0,0.0,0.0,1269.3604923453026,0,crossing,0.0,0.0,0.0,1.0,,0.25
crossing_0063,crossing,crossing,stand_on,no_action,No action (baseline),modelled,1198.290841482376,1688.1930834161617,9.455873910783918,13.16659718298268,vlcc,coastal_tanker,power_driven,good,10767.513530709983,-66.67811829003297,63.53622067480929,1198.3455743723573,1.2169182791509565,True,True,False,-1.0817440052895927e-12,1.0817440052895927e-12,0.0,0,0.0,False,0.03611111111111111,1560.0,128.1930834161616,604.3546306593446,0.002777777777777778,0.0,0.002777777777777778,861.3755931942643,0,crossing,,,,,1.0,1.0
crossing_0063,crossing,crossing,stand_on,rule_based,Rule-based COLREGS,modelled,1198.290841482376,1688.1930834161617,9.455873910783918,13.16659718298268,vlcc,coastal_tanker,power_driven,good,10767.513530709983,-66.67811829003297,63.53622067480929,1356.4202007978872,1.5271152692017562,True,True,False,-3.628903712215084,8.216565928007155,2649.1701561387035,124,40.07127527809361,False,0.07916666666666666,1575.0,89.63575148565937,352.6295807904996,0.002777777777777778,0.0,0.002777777777777778,660.9068917300808,0,crossing,,,,,1.0,1.0
crossing_0063,crossing,crossing,stand_on,velocity_obstacle,Velocity obstacle,modelled,1198.290841482376,1688.1930834161617,9.455873910783918,13.16659718298268,vlcc,coastal_tanker,power_driven,good,10767.513530709983,-66.67811829003297,63.53622067480929,1214.7615660912202,1.2336193736914303,True,True,False,-0.15083141278868625,0.1533225048680866,30.45456838676898,0,2.058113741532857,False,0.034722222222222224,1580.0,107.8164832528241,577.1825765210253,0.005555555555555556,0.0,0.005555555555555556,845.2011718597458,0,crossing,,,,,1.0,1.0
crossing_0063,crossing,crossing,stand_on,mpc,MPC,modelled,1198.290841482376,1688.1930834161617,9.455873910783918,13.16659718298268,vlcc,coastal_tanker,power_driven,good,10767.513530709983,-66.67811829003297,63.53622067480929,1256.3775559758458,1.2808008255877537,True,True,False,-0.42554040837795004,0.42749870574405907,27.159395052410446,0,1.821389342495522,False,0.034722222222222224,1555.0,128.96249864342477,379.36703191724337,0.002777777777777778,0.0,0.002777777777777778,845.4998806683425,0,crossing,,,,,1.0,1.0
crossing_0064,crossing,crossing,give_way,no_action,No action (baseline),modelled,1059.4846952629025,1630.494626603152,11.683285232444522,10.745283443338208,handysize_bulker,vlcc,power_driven,good,16422.006876901112,24.39178752684433,238.88636741706262,1059.4963587961197,2.3869518465666837,True,True,False,1.8015305205841615e-12,-1.8015305205841615e-12,0.0,0,0.0,False,0.09305555555555556,1185.0,445.4946266031529,1190.8012588977024,0.0,0.0,0.0,1011.8639957442804,0,crossing,0.0,0.0,0.0,1.0,,0.25
crossing_0064,crossing,crossing,give_way,rule_based,Rule-based COLREGS,modelled,1059.4846952629025,1630.494626603152,11.683285232444522,10.745283443338208,handysize_bulker,vlcc,power_driven,good,16422.006876901112,24.39178752684433,238.88636741706262,2473.148347413376,6.836973673110545,True,True,False,-0.7690838368900572,3.28838158715477,1863.4399571176477,62,35.32958968113934,False,0.015277777777777777,1230.0,319.56835379440076,3746.8446286478934,0.0,0.0,0.0,1989.506795195386,0,crossing,1.0,1.0,0.0,1.0,,0.75
crossing_0064,crossing,crossing,give_way,velocity_obstacle,Velocity obstacle,modelled,1059.4846952629025,1630.494626603152,11.683285232444522,10.745283443338208,handysize_bulker,vlcc,power_driven,good,16422.006876901112,24.39178752684433,238.88636741706262,1397.0733169163225,3.1464951406622985,True,True,False,-0.2645417799662832,0.45826740130132076,330.1753171235503,59,20.6900487568899,False,0.07222222222222222,1250.0,377.78894120815426,864.9111915932757,0.0,0.0,0.0,1116.0664755854198,0,crossing,1.0,0.0,0.0,1.0,,0.5
crossing_0064,crossing,crossing,give_way,mpc,MPC,modelled,1059.4846952629025,1630.494626603152,11.683285232444522,10.745283443338208,handysize_bulker,vlcc,power_driven,good,16422.006876901112,24.39178752684433,238.88636741706262,1289.425003802186,2.904417647409391,True,True,False,-1.4928117674049821,1.5586598063473218,81.95074653895266,57,14.075257361331941,False,0.07083333333333333,1050.0,660.9253584334142,3003.052756096786,0.0,0.0,0.0,886.840160739095,0,crossing,1.0,0.0,1.0,1.0,,0.75
crossing_0065,crossing,crossing,give_way,no_action,No action (baseline),modelled,286.92470887119765,966.3312356576357,10.886986192043295,8.030896682461842,handysize_bulker,handysize_bulker,power_driven,moderate,8392.79195950925,24.74237774327069,234.449094898536,287.157297751849,0.6369383541964796,False,False,False,1.6261389910849585e-13,-1.6261389910849585e-13,0.0,0,0.0,True,0.04027777777777778,1005.0,0.0,23038.93004632873,0.7111111111111111,0.0,0.7111111111111111,1355.382102454854,0,crossing,0.0,0.0,0.0,0.0,,0.0
crossing_0065,crossing,crossing,give_way,rule_based,Rule-based COLREGS,modelled,286.92470887119765,966.3312356576357,10.886986192043295,8.030896682461842,handysize_bulker,handysize_bulker,power_driven,moderate,8392.79195950925,24.74237774327069,234.449094898536,287.157297751849,0.6369383541964796,False,False,False,-0.8701252496980113,2.5565547668414084,1202.9797447518845,64,35.637037463559466,True,0.05277777777777778,1005.0,0.0,21872.290280102836,0.6208333333333333,0.0,0.6208333333333333,1286.230299886321,0,crossing,1.0,1.0,0.0,0.0,,0.5
crossing_0065,crossing,crossing,give_way,velocity_obstacle,Velocity obstacle,modelled,286.92470887119765,966.3312356576357,10.886986192043295,8.030896682461842,handysize_bulker,handysize_bulker,power_driven,moderate,8392.79195950925,24.74237774327069,234.449094898536,287.157297751849,0.6369383541964796,False,False,False,-3.1080358884953805,3.861018530678424,529.5564466433636,74,43.128522742415456,True,0.05416666666666667,1005.0,0.0,18720.602185348613,0.6541666666666667,0.0,0.6541666666666667,1250.2311336353691,0,crossing,1.0,1.0,0.0,0.0,,0.5
crossing_0065,crossing,crossing,give_way,mpc,MPC,modelled,286.92470887119765,966.3312356576357,10.886986192043295,8.030896682461842,handysize_bulker,handysize_bulker,power_driven,moderate,8392.79195950925,24.74237774327069,234.449094898536,287.157297751849,0.6369383541964796,False,False,False,-0.9076786290904928,0.936447485176344,91.67307492894626,32,10.119494775675626,True,0.04583333333333333,1005.0,0.0,20660.31665949157,0.7,0.0,0.7,1316.9898926240573,0,crossing,1.0,0.0,0.0,0.0,,0.25
crossing_0066,crossing,crossing,stand_on,no_action,No action (baseline),modelled,98.97052990085209,1530.1651942375647,15.506830890768054,11.520084711961768,handysize_bulker,handysize_bulker,power_driven,good,13258.785354079882,-41.037964784721396,75.49375373651046,98.98087984073183,0.15117697882799788,False,False,True,-7.864868483899731e-13,7.864868483899731e-13,0.0,0,0.0,False,0.018055555555555554,1480.0,50.165194237560364,40.69051683073271,0.001388888888888889,0.0,0.001388888888888889,957.7138565754688,0,crossing,,,,,1.0,1.0
crossing_0066,crossing,crossing,stand_on,rule_based,Rule-based COLREGS,modelled,98.97052990085209,1530.1651942375647,15.506830890768054,11.520084711961768,handysize_bulker,handysize_bulker,power_driven,good,13258.785354079882,-41.037964784721396,75.49375373651046,44.956464461753185,0.06451283458122482,False,False,True,-0.48930252929264123,0.8246536486235218,491.595770981378,48,31.190118473009857,False,0.02361111111111111,1480.0,52.8445081940484,41.315342889227786,0.002777777777777778,0.001388888888888889,0.001388888888888889,928.4775169849236,0,crossing,,,,,1.0,1.0
crossing_0066,crossing,crossing,stand_on,velocity_obstacle,Velocity obstacle,modelled,98.97052990085209,1530.1651942375647,15.506830890768054,11.520084711961768,handysize_bulker,handysize_bulker,power_driven,good,13258.785354079882,-41.037964784721396,75.49375373651046,164.5153897126316,0.27820419945222297,False,False,True,-8.519787072205883,13.955142295722561,2970.4374090598935,76,62.28957610077289,False,0.06111111111111111,1480.0,55.477998853370565,106.38060679849917,0.002777777777777778,0.0,0.002777777777777778,807.8257936047193,0,crossing,,,,,1.0,1.0
crossing_0066,crossing,crossing,stand_on,mpc,MPC,modelled,98.97052990085209,1530.1651942375647,15.506830890768054,11.520084711961768,handysize_bulker,handysize_bulker,power_driven,good,13258.785354079882,-41.037964784721396,75.49375373651046,158.08524931000395,0.269496920325328,False,False,True,-0.5782177417262413,0.5864432426753695,66.03151205248597,22,6.152563650625239,False,0.019444444444444445,1480.0,52.19456954244372,126.30515326870467,0.001388888888888889,0.0,0.001388888888888889,952.0503235836584,0,crossing,,,,,1.0,1.0
crossing_0067,crossing,crossing,stand_on,no_action,No action (baseline),modelled,836.7370491583755,1587.7847107936332,15.921178926860687,9.522196229514716,vlcc,container_feeder,power_driven,good,9287.279993547816,-41.35036004155112,44.59005453058024,836.8365599756173,0.6413461351177169,False,False,False,-5.18915798741175e-13,5.18915798741175e-13,0.0,0,0.0,True,0.05694444444444444,1690.0,0.0,12222.920074269163,0.03333333333333333,0.0,0.03333333333333333,813.1434282721723,0,crossing,,,,,1.0,1.0
crossing_0067,crossing,crossing,stand_on,rule_based,Rule-based COLREGS,modelled,836.7370491583755,1587.7847107936332,15.921178926860687,9.522196229514716,vlcc,container_feeder,power_driven,good,9287.279993547816,-41.35036004155112,44.59005453058024,836.8365599756173,0.6413461351177169,False,False,False,-1.641285741321595,3.0914483473615135,1514.0276761162952,79,37.561095829033924,True,0.06805555555555555,1690.0,0.0,8368.58059465105,0.04861111111111111,0.0,0.04861111111111111,519.3804419068265,0,crossing,,,,,1.0,1.0
crossing_0067,crossing,crossing,stand_on,velocity_obstacle,Velocity obstacle,modelled,836.7370491583755,1587.7847107936332,15.921178926860687,9.522196229514716,vlcc,container_feeder,power_driven,good,9287.279993547816,-41.35036004155112,44.59005453058024,836.8365599756173,0.6413461351177169,False,False,False,-1.3825659812738764,1.4337469106349487,194.20528211488826,44,12.0111390779962,True,0.09027777777777778,1690.0,0.0,8770.931014846183,0.022222222222222223,0.0,0.022222222222222223,645.6235466405222,0,crossing,,,,,1.0,1.0
crossing_0067,crossing,crossing,stand_on,mpc,MPC,modelled,836.7370491583755,1587.7847107936332,15.921178926860687,9.522196229514716,vlcc,container_feeder,power_driven,good,9287.279993547816,-41.35036004155112,44.59005453058024,836.8365599756173,0.6413461351177169,False,False,False,-0.5399951906021891,0.5415132814512976,30.576798950434558,5,2.269575992414213,True,0.075,1690.0,0.0,9943.964196934123,0.034722222222222224,0.0,0.034722222222222224,721.6582848316327,0,crossing,,,,,1.0,1.0
crossing_0068,crossing,crossing,give_way,no_action,No action (baseline),modelled,268.1505354045638,1128.2762107924086,14.617423895176447,8.975948197488439,coastal_tanker,vlcc,power_driven,good,12433.057983437511,20.305416637053373,231.21440052189894,268.8221793261422,0.9662776439021865,False,False,False,1.1707690611970911e-12,-1.1707690611970911e-12,0.0,0,0.0,True,0.14305555555555555,715.0,413.27621079240845,14005.19131278236,0.6763888888888889,0.005555555555555556,0.6708333333333333,1499.170007715822,0,crossing,0.0,0.0,0.0,0.0,,0.0
crossing_0068,crossing,crossing,give_way,rule_based,Rule-based COLREGS,modelled,268.1505354045638,1128.2762107924086,14.617423895176447,8.975948197488439,coastal_tanker,vlcc,power_driven,good,12433.057983437511,20.305416637053373,231.21440052189894,1701.2407074946266,7.883196208131104,True,True,False,-0.19060964988213194,2.703632947732233,2353.9409414591532,50,34.99972518774015,False,0.02361111111111111,810.0,256.2625957262316,1762.7355820319378,0.0,0.0,0.0,2837.2379955904166,0,crossing,1.0,1.0,0.0,1.0,,0.75
crossing_0068,crossing,crossing,give_way,velocity_obstacle,Velocity obstacle,modelled,268.1505354045638,1128.2762107924086,14.617423895176447,8.975948197488439,coastal_tanker,vlcc,power_driven,good,12433.057983437511,20.305416637053373,231.21440052189894,1291.1017215472057,5.155814661227915,True,True,False,-0.2952845105478231,1.7130361648013974,1645.388275900364,82,34.990582503591874,False,0.044444444444444446,835.0,271.3504184560367,4336.6375832132135,0.0,0.0,0.0,4066.0722474754753,0,crossing,1.0,1.0,0.0,1.0,,0.75
crossing_0068,crossing,crossing,give_way,mpc,MPC,modelled,268.1505354045638,1128.2762107924086,14.617423895176447,8.975948197488439,coastal_tanker,vlcc,power_driven,good,12433.057983437511,20.305416637053373,231.21440052189894,70.49953001185213,0.24602046040615289,False,False,True,-0.27671478887546735,0.38723364531173654,176.7369197783204,21,25.978092300525397,True,0.18611111111111112,755.0,385.9589933195014,18742.674199216428,0.6819444444444445,0.0,0.6819444444444445,988.9032099735629,0,crossing,1.0,0.0,0.0,0.0,,0.25
crossing_0069,crossing,crossing,give_way,no_action,No action (baseline),modelled,1171.2439745178194,996.8969947282297,15.513494827042845,12.3796896087641,vlcc,container_feeder,power_driven,good,14024.781053790195,6.1900990987944216,204.79005092838867,1171.5458660956508,1.946208919943574,True,True,False,-1.6356971277919163e-12,1.6356971277919163e-12,0.0,0,0.0,False,0.005555555555555556,,,6198.18910051699,0.006944444444444444,0.0,0.006944444444444444,4973.235701359216,0,crossing,0.0,0.0,0.0,1.0,,0.25
crossing_0069,crossing,crossing,give_way,rule_based,Rule-based COLREGS,modelled,1171.2439745178194,996.8969947282297,15.513494827042845,12.3796896087641,vlcc,container_feeder,power_driven,good,14024.781053790195,6.1900990987944216,204.79005092838867,1713.0408507572088,3.1878327380242397,True,True,False,-1.6851355351530404,3.0249506435097637,1374.7894015344982,81,37.72188615417123,False,0.005555555555555556,,,9470.928747935148,0.005555555555555556,0.0,0.005555555555555556,4623.903679845091,0,crossing,1.0,1.0,0.0,1.0,,0.75
crossing_0069,crossing,crossing,give_way,velocity_obstacle,Velocity obstacle,modelled,1171.2439745178194,996.8969947282297,15.513494827042845,12.3796896087641,vlcc,container_feeder,power_driven,good,14024.781053790195,6.1900990987944216,204.79005092838867,1385.282802086512,2.29416456040285,True,True,False,-0.6675174140726773,0.7124914390274388,181.4371468195722,42,11.064034831436658,False,0.002777777777777778,,,6031.177317155257,0.018055555555555554,0.0,0.018055555555555554,6749.47337157402,0,crossing,1.0,0.0,0.0,1.0,,0.5
crossing_0069,crossing,crossing,give_way,mpc,MPC,modelled,1171.2439745178194,996.8969947282297,15.513494827042845,12.3796896087641,vlcc,container_feeder,power_driven,good,14024.781053790195,6.1900990987944216,204.79005092838867,1358.2911585018496,2.3007603536624504,True,True,False,-0.9999928341768501,1.0371600088733623,161.835534467433,39,10.143413889041,False,0.002777777777777778,,,8105.516905120359,0.008333333333333333,0.0,0.008333333333333333,5900.999312805139,0,crossing,1.0,0.0,0.0,1.0,,0.5
crossing_0070,crossing,crossing,give_way,no_action,No action (baseline),modelled,391.1211496660709,925.9494826451713,10.197187440848705,12.57485738791786,handysize_bulker,container_feeder,power_driven,moderate,9661.463648576238,28.06036052770151,234.5924669931174,391.2463951785585,0.9896743936742247,False,False,False,-1.0416844553449746e-12,1.0416844553449746e-12,0.0,0,0.0,False,0.03888888888888889,800.0,125.94948264517093,450.70262602480165,0.0,0.0,0.0,1428.984160271668,0,crossing,0.0,0.0,0.0,1.0,,0.25
crossing_0070,crossing,crossing,give_way,rule_based,Rule-based COLREGS,modelled,391.1211496660709,925.9494826451713,10.197187440848705,12.57485738791786,handysize_bulker,container_feeder,power_driven,moderate,9661.463648576238,28.06036052770151,234.5924669931174,577.171343815911,1.873796375780114,False,True,False,-1.2110758847220255,1.7932826548436096,469.0526285665821,69,34.843170587577895,False,0.027777777777777776,810.0,120.89407124567107,1523.604998666994,0.0,0.0,0.0,1565.7342994240196,0,crossing,1.0,1.0,0.0,1.0,,0.75
crossing_0070,crossing,crossing,give_way,velocity_obstacle,Velocity obstacle,modelled,391.1211496660709,925.9494826451713,10.197187440848705,12.57485738791786,handysize_bulker,container_feeder,power_driven,moderate,9661.463648576238,28.06036052770151,234.5924669931174,543.1619714291033,1.8121206733512523,False,True,False,-3.4826959788430436,4.4335876550986875,577.0758355263883,81,46.321226667687036,False,0.025,820.0,105.94948264517086,4757.159623296,0.0,0.0,0.0,1519.8674900235494,0,crossing,1.0,1.0,0.0,1.0,,0.75
crossing_0070,crossing,crossing,give_way,mpc,MPC,modelled,391.1211496660709,925.9494826451713,10.197187440848705,12.57485738791786,handysize_bulker,container_feeder,power_driven,moderate,9661.463648576238,28.06036052770151,234.5924669931174,308.0424683878514,0.8329528015187129,False,False,False,-2.6281628535365087,3.1072424925305686,374.35688517548124,78,34.361431910960974,False,0.018055555555555554,925.0,62.14295599136296,8760.043866798169,0.0,0.0,0.0,1406.7484187437374,0,crossing,0.0,1.0,0.0,1.0,,0.5
crossing_0071,crossing,crossing,stand_on,no_action,No action (baseline),modelled,1164.8955828341388,1055.2728317616643,9.172096670460562,13.746087530734638,container_feeder,coastal_tanker,power_driven,good,8679.34056875939,-67.51756539104808,84.97589099536475,1164.8977052079606,2.9291678331881346,True,True,False,1.0294267278015912e-12,-1.0294267278015912e-12,0.0,0,0.0,True,0.03194444444444444,1090.0,0.0,20318.71779587649,0.020833333333333332,0.0,0.020833333333333332,1330.4092516943565,0,crossing,,,,,1.0,1.0
crossing_0071,crossing,crossing,stand_on,rule_based,Rule-based COLREGS,modelled,1164.8955828341388,1055.2728317616643,9.172096670460562,13.746087530734638,container_feeder,coastal_tanker,power_driven,good,8679.34056875939,-67.51756539104808,84.97589099536475,1164.8977052079606,2.9291678331881346,True,True,False,-0.7724595959868577,1.6851909492853243,603.9857897785163,61,35.125074016075814,True,0.019444444444444445,1090.0,0.0,20562.01145460368,0.015277777777777777,0.0,0.015277777777777777,1433.0291560014027,0,crossing,,,,,1.0,1.0
crossing_0071,crossing,crossing,stand_on,velocity_obstacle,Velocity obstacle,modelled,1164.8955828341388,1055.2728317616643,9.172096670460562,13.746087530734638,container_feeder,coastal_tanker,power_driven,good,8679.34056875939,-67.51756539104808,84.97589099536475,1164.8977052079606,2.9291678331881346,True,True,False,-0.41364835697890423,0.4297937491664051,56.50937699305289,25,7.948096811263566,True,0.03333333333333333,1090.0,0.0,19683.601269626222,0.015277777777777777,0.0,0.015277777777777777,1321.5715013997838,0,crossing,,,,,1.0,1.0
crossing_0071,crossing,crossing,stand_on,mpc,MPC,modelled,1164.8955828341388,1055.2728317616643,9.172096670460562,13.746087530734638,container_feeder,coastal_tanker,power_driven,good,8679.34056875939,-67.51756539104808,84.97589099536475,1164.8977052079606,2.9291678331881346,True,True,False,-0.13584171728408018,0.14099472650513709,31.705432243563976,12,4.522464205529424,True,0.022222222222222223,1105.0,0.0,21377.485863513943,0.02361111111111111,0.0,0.02361111111111111,1374.636695828072,0,crossing,,,,,1.0,1.0
crossing_0072,crossing,crossing,give_way,no_action,No action (baseline),modelled,319.9362077993763,1227.210466979099,14.72892270233923,13.687776798661034,handysize_bulker,handysize_bulker,power_driven,good,13910.361524247988,38.81728821486852,258.42334501990496,320.9152909853608,0.6160251714028964,False,False,False,-2.9381537883842683e-13,2.9381537883842683e-13,0.0,0,0.0,True,0.0375,1255.0,0.0,26186.093922793065,0.65,0.0,0.65,1180.0803644033842,0,crossing,0.0,0.0,0.0,0.0,,0.0
crossing_0072,crossing,crossing,give_way,rule_based,Rule-based COLREGS,modelled,319.9362077993763,1227.210466979099,14.72892270233923,13.687776798661034,handysize_bulker,handysize_bulker,power_driven,good,13910.361524247988,38.81728821486852,258.42334501990496,320.9152909853608,0.6160251714028964,False,False,False,-0.5063432634431875,2.001024463104585,1476.7660162856814,54,34.99626022246258,True,0.059722222222222225,1255.0,0.0,25154.89211498921,0.6458333333333334,0.0,0.6458333333333334,1121.0654372009271,0,crossing,1.0,1.0,0.0,0.0,,0.5
crossing_0072,crossing,crossing,give_way,velocity_obstacle,Velocity obstacle,modelled,319.9362077993763,1227.210466979099,14.72892270233923,13.687776798661034,handysize_bulker,handysize_bulker,power_driven,good,13910.361524247988,38.81728821486852,258.42334501990496,320.9152909853608,0.6160251714028964,False,False,False,-2.601060240699586,3.5048218157832562,724.8840275286043,65,52.09631272042015,True,0.05138888888888889,1255.0,0.0,23840.43838138731,0.6180555555555556,0.0,0.6180555555555556,1103.465380620229,0,crossing,1.0,1.0,0.0,0.0,,0.5
crossing_0072,crossing,crossing,give_way,mpc,MPC,modelled,319.9362077993763,1227.210466979099,14.72892270233923,13.687776798661034,handysize_bulker,handysize_bulker,power_driven,good,13910.361524247988,38.81728821486852,258.42334501990496,320.9152909853608,0.6160251714028964,False,False,False,-0.8617056039214295,0.8782782200748028,86.5038960572338,26,8.854840195575552,True,0.03333333333333333,1255.0,0.0,24567.580588573404,0.6472222222222223,0.0,0.6472222222222223,1172.6332753405006,0,crossing,1.0,0.0,0.0,0.0,,0.25
crossing_0073,crossing,crossing,give_way,no_action,No action (baseline),modelled,1309.7854977483616,868.542755945969,13.628137467280897,15.605962356081523,vlcc,handysize_bulker,fishing,good,11061.639554488773,-42.153252501864614,114.29689435654157,1309.915137274594,1.6218552185071853,True,True,False,-1.0103791144813802e-13,1.0103791144813802e-13,0.0,0,0.0,True,0.027777777777777776,955.0,0.0,30555.205690261282,0.0,0.0,0.0,1580.75970493434,0,crossing,0.0,0.0,0.0,0.0,,0.0
crossing_0073,crossing,crossing,give_way,rule_based,Rule-based COLREGS,modelled,1309.7854977483616,868.542755945969,13.628137467280897,15.605962356081523,vlcc,handysize_bulker,fishing,good,11061.639554488773,-42.153252501864614,114.29689435654157,1309.915137274594,1.6218552185071853,True,True,False,-2.726595313021795,3.239955466731202,629.8871652797192,81,30.80356118164993,True,0.02361111111111111,960.0,0.0,32276.685031023233,0.0,0.0,0.0,1660.042322204513,0,crossing,1.0,1.0,0.0,0.0,,0.5
crossing_0073,crossing,crossing,give_way,velocity_obstacle,Velocity obstacle,modelled,1309.7854977483616,868.542755945969,13.628137467280897,15.605962356081523,vlcc,handysize_bulker,fishing,good,11061.639554488773,-42.153252501864614,114.29689435654157,1309.915137274594,1.6218552185071853,True,True,False,-0.06723162731368655,0.06736521501885911,8.757293224740083,0,0.57557243538113,True,0.03333333333333333,965.0,0.0,31485.922438063026,0.0,0.0,0.0,1607.6258019561046,0,crossing,0.0,0.0,0.0,0.0,,0.0
crossing_0073,crossing,crossing,give_way,mpc,MPC,modelled,1309.7854977483616,868.542755945969,13.628137467280897,15.605962356081523,vlcc,handysize_bulker,fishing,good,11061.639554488773,-42.153252501864614,114.29689435654157,1309.915137274594,1.6218552185071853,True,True,False,-0.37508562751621527,0.3870372600921512,83.63460743416896,10,5.429833836010752,True,0.025,970.0,0.0,31928.474233309316,0.0,0.0,0.0,1638.5850751446546,0,crossing,0.0,0.0,0.0,0.0,,0.0
crossing_0074,crossing,crossing,stand_on,no_action,No action (baseline),modelled,1438.9550053634114,1228.783133111187,14.104970150932683,11.30920541498956,vlcc,vlcc,power_driven,good,5709.447058257209,-67.87089084713595,38.27522370241607,1438.9654080083096,1.0905284080094448,True,True,False,-9.762222336437405e-13,9.762222336437405e-13,0.0,0,0.0,True,0.1375,1325.0,0.0,10135.756908261343,0.05138888888888889,0.0,0.05138888888888889,811.054871311833,0,crossing,,,,,1.0,1.0
crossing_0074,crossing,crossing,stand_on,rule_based,Rule-based COLREGS,modelled,1438.9550053634114,1228.783133111187,14.104970150932683,11.30920541498956,vlcc,vlcc,power_driven,good,5709.447058257209,-67.87089084713595,38.27522370241607,1438.9654080083096,1.0905284080094448,True,True,False,-2.0157648943661393,7.6457188732667465,4803.066480109336,87,38.25862109384039,True,0.38333333333333336,1325.0,0.0,5602.755632398403,0.0875,0.0,0.0875,196.69396746763155,0,crossing,,,,,1.0,1.0
crossing_0074,crossing,crossing,stand_on,velocity_obstacle,Velocity obstacle,modelled,1438.9550053634114,1228.783133111187,14.104970150932683,11.30920541498956,vlcc,vlcc,power_driven,good,5709.447058257209,-67.87089084713595,38.27522370241607,1438.9654080083096,1.0905284080094448,True,True,False,-0.5690684702824791,0.5860083202374313,102.02803201288792,23,6.5661480694476495,True,0.15416666666666667,1325.0,0.0,9792.881032488942,0.05138888888888889,0.0,0.05138888888888889,791.7511206772011,0,crossing,,,,,1.0,1.0
crossing_0074,crossing,crossing,stand_on,mpc,MPC,modelled,1438.9550053634114,1228.783133111187,14.104970150932683,11.30920541498956,vlcc,vlcc,power_driven,good,5709.447058257209,-67.87089084713595,38.27522370241607,1438.9654080083096,1.0905284080094448,True,True,False,-0.29689606096581317,0.29693444410012915,4.798339314647397,0,0.31315456845935163,True,0.1527777777777778,1325.0,0.0,10011.389404417207,0.05138888888888889,0.0,0.05138888888888889,802.5212058762668,0,crossing,,,,,1.0,1.0
crossing_0075,crossing,crossing,stand_on,no_action,No action (baseline),modelled,329.5582488687031,1091.2786452773098,10.475050699407586,14.99124501771746,handysize_bulker,vlcc,power_driven,good,12703.635401368245,-34.65557259842172,124.35531213607132,329.89399356629895,0.8614251668714324,False,False,False,1.2581762850615748e-12,-1.2581762850615748e-12,0.0,0,0.0,True,0.06388888888888888,1115.0,0.0,28321.033554184654,0.009722222222222222,0.0,0.009722222222222222,1250.157158960869,0,crossing,,,,,1.0,1.0
crossing_0075,crossing,crossing,stand_on,rule_based,Rule-based COLREGS,modelled,329.5582488687031,1091.2786452773098,10.475050699407586,14.99124501771746,handysize_bulker,vlcc,power_driven,good,12703.635401368245,-34.65557259842172,124.35531213607132,329.89399356629895,0.8614251668714324,False,False,False,-0.9895069172519245,1.7836001588553425,610.5027087130255,67,35.82752154200181,True,0.03611111111111111,1115.0,0.0,28219.493510741297,0.009722222222222222,0.0,0.009722222222222222,1059.5455184672064,0,crossing,,,,,1.0,1.0
crossing_0075,crossing,crossing,stand_on,velocity_obstacle,Velocity obstacle,modelled,329.5582488687031,1091.2786452773098,10.475050699407586,14.99124501771746,handysize_bulker,vlcc,power_driven,good,12703.635401368245,-34.65557259842172,124.35531213607132,329.89399356629895,0.8614251668714324,False,False,False,-2.308729553513948,2.6109117327029066,310.9442747834498,60,29.068153713022014,True,0.022222222222222223,1115.0,0.0,27219.38576534581,0.009722222222222222,0.0,0.009722222222222222,1298.2215161914396,0,crossing,,,,,1.0,1.0
crossing_0075,crossing,crossing,stand_on,mpc,MPC,modelled,329.5582488687031,1091.2786452773098,10.475050699407586,14.99124501771746,handysize_bulker,vlcc,power_driven,good,12703.635401368245,-34.65557259842172,124.35531213607132,329.89399356629895,0.8614251668714324,False,False,False,1.2581762850615748e-12,-1.2581762850615748e-12,0.0,0,0.0,True,0.0625,1115.0,0.0,27933.80979260235,0.009722222222222222,0.0,0.009722222222222222,1241.7938601262642,0,crossing,,,,,1.0,1.0
crossing_0076,crossing,crossing,stand_on,no_action,No action (baseline),modelled,1454.609363782719,902.9222892143631,8.454377026711697,9.942695466689813,coastal_tanker,coastal_tanker,power_driven,good,7659.8020702303775,-20.01729560708824,123.09190821613687,1454.7122984351602,5.837357657015493,True,True,False,9.190482451487337e-13,-9.190482451487337e-13,0.0,0,0.0,False,0.009722222222222222,735.0,167.92228921436282,8854.634367545694,0.6847222222222222,0.0,0.6847222222222222,1576.8890526263965,0,crossing,,,,,1.0,1.0
crossing_0076,crossing,crossing,stand_on,rule_based,Rule-based COLREGS,modelled,1454.609363782719,902.9222892143631,8.454377026711697,9.942695466689813,coastal_tanker,coastal_tanker,power_driven,good,7659.8020702303775,-20.01729560708824,123.09190821613687,103.93075865731407,0.29932810953337147,False,False,True,-1.063824693645651,20.78158805958054,3697.049926882457,92,87.20593932490564,False,0.0125,1415.0,23.01805175095748,14741.931583292335,0.025,0.011111111111111112,0.013888888888888888,1636.1600672733632,0,crossing,,,,,0.0,0.0
crossing_0076,crossing,crossing,stand_on,velocity_obstacle,Velocity obstacle,modelled,1454.609363782719,902.9222892143631,8.454377026711697,9.942695466689813,coastal_tanker,coastal_tanker,power_driven,good,7659.8020702303775,-20.01729560708824,123.09190821613687,1444.9081853702328,5.7980715464803705,True,True,False,-0.049068582928270495,0.050799353205150534,16.13872581389421,4,3.041779724302502,False,0.008333333333333333,770.0,137.86819527014805,1740.2054539103,0.016666666666666666,0.0,0.016666666666666666,1822.8805932806385,0,crossing,,,,,1.0,1.0
crossing_0076,crossing,crossing,stand_on,mpc,MPC,modelled,1454.609363782719,902.9222892143631,8.454377026711697,9.942695466689813,coastal_tanker,coastal_tanker,power_driven,good,7659.8020702303775,-20.01729560708824,123.09190821613687,1422.9314963503489,5.709922560200847,True,True,False,-0.15340006713783927,0.17083780670253623,52.976661216059,23,9.315255772376327,False,0.005555555555555556,785.0,124.27120641535424,1208.5228834525144,0.02361111111111111,0.0,0.02361111111111111,2379.6080379933055,0,crossing,,,,,1.0,1.0
crossing_0077,crossing,crossing,give_way,no_action,No action (baseline),modelled,1452.4839317257295,913.932894573477,13.892072680798762,13.095909927439221,coastal_tanker,handysize_bulker,not_under_command,restricted,6073.619557456075,-72.96528604289918,55.29529166220695,1452.5002532669528,3.567288183321219,True,True,False,-4.672719582353437e-13,4.672719582353437e-13,0.0,0,0.0,True,0.001388888888888889,,,7746.864661797403,0.0,0.0,0.0,7810.857443885187,0,crossing,0.0,0.0,0.0,0.0,,0.0
crossing_0077,crossing,crossing,give_way,rule_based,Rule-based COLREGS,modelled,1452.4839317257295,913.932894573477,13.892072680798762,13.095909927439221,coastal_tanker,handysize_bulker,not_under_command,restricted,6073.619557456075,-72.96528604289918,55.29529166220695,1452.5002532669528,3.567288183321219,True,True,False,-0.22639913644757595,1.5343269984051169,1107.2759098908543,66,45.47332380924095,True,0.001388888888888889,,,7944.364431444084,0.0,0.0,0.0,7710.503356862777,0,crossing,1.0,1.0,0.0,0.0,,0.5
crossing_0077,crossing,crossing,give_way,velocity_obstacle,Velocity obstacle,modelled,1452.4839317257295,913.932894573477,13.892072680798762,13.095909927439221,coastal_tanker,handysize_bulker,not_under_command,restricted,6073.619557456075,-72.96528604289918,55.29529166220695,1190.060944933298,3.567288183321219,True,True,False,-3.425968077303577,5.539415482363402,1213.5014444872497,66,59.83146856118734,True,0.001388888888888889,,,7300.262534086216,0.0,0.0,0.0,8092.149028510024,0,crossing,1.0,1.0,0.0,0.0,,0.5
crossing_0077,crossing,crossing,give_way,mpc,MPC,modelled,1452.4839317257295,913.932894573477,13.892072680798762,13.095909927439221,coastal_tanker,handysize_bulker,not_under_command,restricted,6073.619557456075,-72.96528604289918,55.29529166220695,1452.5002532669528,3.567288183321219,True,True,False,-0.5321001275485132,0.5753430634835329,126.3281747706656,27,17.091694313444236,True,0.008333333333333333,1010.0,0.0,16996.864960548533,0.0,0.0,0.0,1416.1055293111003,0,crossing,0.0,0.0,0.0,0.0,,0.0
crossing_0078,crossing,crossing,stand_on,no_action,No action (baseline),modelled,872.9111322510316,1082.4536293971453,13.236779978119541,11.296059980977141,vlcc,coastal_tanker,power_driven,good,12298.029165288957,-19.901357064188968,127.59831307781111,873.3538904907757,1.1171727095190613,False,True,False,-1.4563526540877897e-12,1.4563526540877897e-12,0.0,0,0.0,False,0.009722222222222222,1015.0,67.45362939715358,886.6725936143692,0.004166666666666667,0.004166666666666667,0.0,1900.2325013566438,0,crossing,,,,,1.0,1.0
crossing_0078,crossing,crossing,stand_on,rule_based,Rule-based COLREGS,modelled,872.9111322510316,1082.4536293971453,13.236779978119541,11.296059980977141,vlcc,coastal_tanker,power_driven,good,12298.029165288957,-19.901357064188968,127.59831307781111,937.487001914429,1.207080929999053,True,True,False,-3.54620218376906,4.057392472901122,587.5551738593266,95,30.413053431812333,False,0.005555555555555556,1015.0,67.72003415865471,14447.173571159368,0.6222222222222222,0.0,0.6222222222222222,1953.1358234508257,0,crossing,,,,,1.0,1.0
crossing_0078,crossing,crossing,stand_on,velocity_obstacle,Velocity obstacle,modelled,872.9111322510316,1082.4536293971453,13.236779978119541,11.296059980977141,vlcc,coastal_tanker,power_driven,good,12298.029165288957,-19.901357064188968,127.59831307781111,1025.352620611257,1.204407591848136,True,True,False,-8.056096081800183,10.133868033625445,1330.4961912427439,137,55.0330884111482,False,0.02638888888888889,970.0,135.2558385933972,975.3562879222185,0.004166666666666667,0.001388888888888889,0.002777777777777778,1278.831694319328,0,crossing,,,,,1.0,1.0
crossing_0078,crossing,crossing,stand_on,mpc,MPC,modelled,872.9111322510316,1082.4536293971453,13.236779978119541,11.296059980977141,vlcc,coastal_tanker,power_driven,good,12298.029165288957,-19.901357064188968,127.59831307781111,948.1747583878772,1.2469022457881302,True,True,False,-6.160656434538908,6.665008472220481,616.0062111560769,96,30.212272321864532,False,0.02638888888888889,1005.0,154.80117482337434,1022.3588124240288,0.03333333333333333,0.0,0.03333333333333333,1264.3856704413065,0,crossing,,,,,1.0,1.0
crossing_0079,crossing,crossing,stand_on,no_action,No action (baseline),modelled,379.31250151388264,766.6913374275729,15.622920237463596,10.965352375186809,vlcc,coastal_tanker,power_driven,good,3670.9894408761047,-37.65046420953545,35.59209260954824,379.39801761779,0.291856564712033,False,False,False,1.4479662888579786e-12,-1.4479662888579786e-12,0.0,0,0.0,False,0.05416666666666667,550.0,216.69133742757788,285.12328041435114,0.011111111111111112,0.0,0.011111111111111112,1489.208360965503,0,crossing,,,,,1.0,1.0
crossing_0079,crossing,crossing,stand_on,rule_based,Rule-based COLREGS,modelled,379.31250151388264,766.6913374275729,15.622920237463596,10.965352375186809,vlcc,coastal_tanker,power_driven,good,3670.9894408761047,-37.65046420953545,35.59209260954824,280.31247347740486,0.21348663545358157,False,False,False,-1.9339222501379132,2.7053826919641475,896.4105220929721,82,36.767915898156836,False,0.03888888888888889,880.0,158.40162629538798,22656.406467651836,0.7638888888888888,0.07777777777777778,0.6861111111111111,1257.1424051725535,0,crossing,,,,,1.0,1.0
crossing_0079,crossing,crossing,stand_on,velocity_obstacle,Velocity obstacle,modelled,379.31250151388264,766.6913374275729,15.622920237463596,10.965352375186809,vlcc,coastal_tanker,power_driven,good,3670.9894408761047,-37.65046420953545,35.59209260954824,79.77944236182152,0.0736029673300589,False,False,True,-12.879068441735052,20.223072747812946,5400.589877355593,188,66.28575879433077,True,0.14027777777777778,545.0,255.0529026417575,8852.890064990346,0.3333333333333333,0.08611111111111111,0.24722222222222223,373.5053708872638,0,crossing,,,,,1.0,1.0
crossing_0079,crossing,crossing,stand_on,mpc,MPC,modelled,379.31250151388264,766.6913374275729,15.622920237463596,10.965352375186809,vlcc,coastal_tanker,power_driven,good,3670.9894408761047,-37.65046420953545,35.59209260954824,994.2481679278649,0.8506999804540762,True,False,False,-3.022139067840899,3.092871969728455,228.52942218752557,53,13.848141849996095,False,0.04861111111111111,555.0,194.23046129372952,290.17303132873406,0.004166666666666667,0.0,0.004166666666666667,1551.9961505864155,0,crossing,,,,,1.0,1.0
crossing_0080,crossing,crossing,stand_on,no_action,No action (baseline),modelled,520.8751967636667,813.0322958403269,13.15060756261132,14.196356855810958,container_feeder,handysize_bulker,power_driven,good,3111.7231869150205,-92.1301980474021,30.81280596652516,520.9281116172868,0.9315560339150247,False,False,False,4.786598346678559e-13,-4.786598346678559e-13,0.0,0,0.0,True,0.044444444444444446,780.0,33.032295840327045,10039.122001925676,0.65,0.6305555555555555,0.019444444444444445,1407.453743728297,0,crossing,,,,,1.0,1.0
crossing_0080,crossing,crossing,stand_on,rule_based,Rule-based COLREGS,modelled,520.8751967636667,813.0322958403269,13.15060756261132,14.196356855810958,container_feeder,handysize_bulker,power_driven,good,3111.7231869150205,-92.1301980474021,30.81280596652516,31.02329588915588,0.06970433129504207,False,False,True,-1.312739034928973,4.46255203231165,2684.7374535140175,85,34.99998971899794,True,0.1388888888888889,780.0,34.159529877957695,5010.668218414738,0.6763888888888889,0.5833333333333334,0.09305555555555556,751.8492964323516,0,crossing,,,,,1.0,1.0
crossing_0080,crossing,crossing,stand_on,velocity_obstacle,Velocity obstacle,modelled,520.8751967636667,813.0322958403269,13.15060756261132,14.196356855810958,container_feeder,handysize_bulker,power_driven,good,3111.7231869150205,-92.1301980474021,30.81280596652516,16.70876972600777,0.03781970523388343,False,False,True,-4.187329839489139,6.482969606485276,1211.2240040866754,74,60.834771111029745,True,0.06111111111111111,780.0,65.77238004497643,12562.377131689975,0.6875,0.6208333333333333,0.06666666666666667,1025.3844956908704,0,crossing,,,,,1.0,1.0
crossing_0080,crossing,crossing,stand_on,mpc,MPC,modelled,520.8751967636667,813.0322958403269,13.15060756261132,14.196356855810958,container_feeder,handysize_bulker,power_driven,good,3111.7231869150205,-92.1301980474021,30.81280596652516,441.11343509093047,0.9315560339150247,False,False,False,-2.5036979569525384,2.637072804852204,208.62498352770072,72,21.895042418218438,True,0.034722222222222224,780.0,53.08206308228943,11531.33153464713,0.7541666666666667,0.7347222222222223,0.019444444444444445,1420.528598328601,0,crossing,,,,,1.0,1.0
crossing_0081,crossing,crossing,give_way,no_action,No action (baseline),modelled,106.24902105630535,1186.9981655174506,12.91996291404208,12.554522873969692,handysize_bulker,container_feeder,power_driven,good,12919.72376321297,33.77271909386715,247.7056785828934,108.45197716538615,0.2305127693332219,False,False,True,-5.633305226292022e-13,5.633305226292022e-13,0.0,0,0.0,True,0.025,1205.0,0.0,25045.109661407638,0.6680555555555555,0.0,0.6680555555555555,1197.9200606762965,0,crossing,0.0,0.0,0.0,0.0,,0.0
crossing_0081,crossing,crossing,give_way,rule_based,Rule-based COLREGS,modelled,106.24902105630535,1186.9981655174506,12.91996291404208,12.554522873969692,handysize_bulker,container_feeder,power_driven,good,12919.72376321297,33.77271909386715,247.7056785828934,108.45197716538615,0.2305127693332219,False,False,True,-0.642817919466326,2.08415846669727,1247.767523795686,58,35.04947903635477,True,0.05,1205.0,0.0,24731.336082370028,0.6680555555555555,0.0,0.6680555555555555,1146.5694029099202,0,crossing,1.0,1.0,0.0,0.0,,0.5
crossing_0081,crossing,crossing,give_way,velocity_obstacle,Velocity obstacle,modelled,106.24902105630535,1186.9981655174506,12.91996291404208,12.554522873969692,handysize_bulker,container_feeder,power_driven,good,12919.72376321297,33.77271909386715,247.7056785828934,108.45197716538615,0.2305127693332219,False,False,True,-2.914753817812019,3.8443977623829295,667.4376612896432,71,50.286854836428944,True,0.04861111111111111,1205.0,0.0,23532.980352300754,0.6486111111111111,0.0,0.6486111111111111,1138.3270712467408,0,crossing,1.0,1.0,0.0,0.0,,0.5
crossing_0081,crossing,crossing,give_way,mpc,MPC,modelled,106.24902105630535,1186.9981655174506,12.91996291404208,12.554522873969692,handysize_bulker,container_feeder,power_driven,good,12919.72376321297,33.77271909386715,247.7056785828934,108.45197716538615,0.2305127693332219,False,False,True,-0.7921742526895942,0.7932460478896184,18.76862712649262,4,2.1815973951105843,True,0.02361111111111111,1205.0,0.0,24554.723789056126,0.6680555555555555,0.0,0.6680555555555555,1197.549698157733,0,crossing,0.0,0.0,0.0,0.0,,0.0
crossing_0082,crossing,crossing,give_way,no_action,No action (baseline),modelled,306.0621444852256,1235.446227624699,8.548087511073561,11.283759130197485,container_feeder,coastal_tanker,power_driven,moderate,12398.403179207095,13.461778512109134,201.14481089047226,306.0948837670987,1.199360440091686,False,True,False,1.6108381492800675e-12,-1.6108381492800675e-12,0.0,0,0.0,True,0.034722222222222224,1270.0,0.0,12679.149170113247,0.6277777777777778,0.0,0.6277777777777778,1050.4383184759981,0,crossing,0.0,0.0,0.0,0.0,,0.0
crossing_0082,crossing,crossing,give_way,rule_based,Rule-based COLREGS,modelled,306.0621444852256,1235.446227624699,8.548087511073561,11.283759130197485,container_feeder,coastal_tanker,power_driven,moderate,12398.403179207095,13.461778512109134,201.14481089047226,187.7270686929084,0.7664106390417988,False,False,False,-1.4982702893737412,1.9041922291408544,280.95027526767876,70,32.473779333461515,True,0.03194444444444444,1195.0,56.95065429601391,78430.07591524812,0.6236111111111111,0.004166666666666667,0.6194444444444445,1128.2862453453606,0,crossing,1.0,1.0,0.0,0.0,,0.5
crossing_0082,crossing,crossing,give_way,velocity_obstacle,Velocity obstacle,modelled,306.0621444852256,1235.446227624699,8.548087511073561,11.283759130197485,container_feeder,coastal_tanker,power_driven,moderate,12398.403179207095,13.461778512109134,201.14481089047226,107.96204530418464,0.4369278759033315,False,False,True,-4.515085931373977,5.7247912032374675,560.4367734187695,96,52.49665505802835,True,0.05277777777777778,1135.0,122.1928478165802,82188.60295667761,0.6111111111111112,0.0,0.6111111111111112,1000.029728077571,0,crossing,1.0,1.0,0.0,0.0,,0.5
crossing_0082,crossing,crossing,give_way,mpc,MPC,modelled,306.0621444852256,1235.446227624699,8.548087511073561,11.283759130197485,container_feeder,coastal_tanker,power_driven,moderate,12398.403179207095,13.461778512109134,201.14481089047226,515.7108985633159,1.682247863669718,False,True,False,-1.673216712701231,2.343268331822485,461.92042837670044,76,35.97599506236438,True,0.018055555555555554,1315.0,0.0,25955.116550966042,0.5791666666666667,0.0,0.5791666666666667,1233.044081554816,0,crossing,0.0,1.0,0.0,0.0,,0.25
crossing_0083,crossing,crossing,stand_on,no_action,No action (baseline),modelled,942.5389401873872,1229.0810385698633,11.390136521837094,9.938477540779044,vlcc,handysize_bulker,power_driven,good,6610.161350319835,-62.353773270408645,57.561826356448584,942.5516343619855,0.7591300212333668,True,False,False,3.281311778041264e-13,-3.281311778041264e-13,0.0,0,0.0,True,0.07916666666666666,1280.0,0.0,11735.451401092889,0.029166666666666667,0.0,0.029166666666666667,1006.2040439129543,0,crossing,,,,,1.0,1.0
crossing_0083,crossing,crossing,stand_on,rule_based,Rule-based COLREGS,modelled,942.5389401873872,1229.0810385698633,11.390136521837094,9.938477540779044,vlcc,handysize_bulker,power_driven,good,6610.161350319835,-62.353773270408645,57.561826356448584,942.5516343619855,0.7591300212333668,True,False,False,-2.746593299500244,4.569300341636683,1325.3431866821063,106,39.311346943563024,True,0.04583333333333333,1280.0,0.0,10407.288008998412,0.02361111111111111,0.0,0.02361111111111111,1114.411739598611,0,crossing,,,,,1.0,1.0
crossing_0083,crossing,crossing,stand_on,velocity_obstacle,Velocity obstacle,modelled,942.5389401873872,1229.0810385698633,11.390136521837094,9.938477540779044,vlcc,handysize_bulker,power_driven,good,6610.161350319835,-62.353773270408645,57.561826356448584,942.5516343619855,0.7591300212333668,True,False,False,-4.705574540850556,5.037720119794721,430.5203547662709,88,24.242862971106764,True,0.044444444444444446,1280.0,0.0,9430.050958322887,0.02361111111111111,0.0,0.02361111111111111,1037.0535694477583,0,crossing,,,,,1.0,1.0
crossing_0083,crossing,crossing,stand_on,mpc,MPC,modelled,942.5389401873872,1229.0810385698633,11.390136521837094,9.938477540779044,vlcc,handysize_bulker,power_driven,good,6610.161350319835,-62.353773270408645,57.561826356448584,942.5516343619855,0.7591300212333668,True,False,False,-0.2968087249907372,0.29684216493999344,3.9355922062906106,0,0.262830491872556,True,0.075,1280.0,0.0,11777.848429330417,0.029166666666666667,0.0,0.029166666666666667,1013.151636334751,0,crossing,,,,,1.0,1.0
crossing_0084,crossing,crossing,stand_on,no_action,No action (baseline),modelled,457.7380646913841,1396.2930297175628,15.373496257059799,12.78013405036111,handysize_bulker,vlcc,power_driven,moderate,14239.416681197708,-42.00244466449642,88.96224399046514,457.9277624725331,0.7803989719922613,False,False,False,6.525598592678389e-13,-6.525598592678389e-13,0.0,0,0.0,True,0.05277777777777778,1425.0,0.0,21747.392375541796,0.011111111111111112,0.0,0.011111111111111112,1023.1704416871613,0,crossing,,,,,1.0,1.0
crossing_0084,crossing,crossing,stand_on,rule_based,Rule-based COLREGS,modelled,457.7380646913841,1396.2930297175628,15.373496257059799,12.78013405036111,handysize_bulker,vlcc,power_driven,moderate,14239.416681197708,-42.00244466449642,88.96224399046514,457.9277624725331,0.7803989719922613,False,False,False,-0.49704516232569224,1.2768389295458833,896.3776244789642,55,34.68662130298145,True,0.02638888888888889,1425.0,0.0,24312.04860724402,0.009722222222222222,0.0,0.009722222222222222,873.2968351567638,0,crossing,,,,,1.0,1.0
crossing_0084,crossing,crossing,stand_on,velocity_obstacle,Velocity obstacle,modelled,457.7380646913841,1396.2930297175628,15.373496257059799,12.78013405036111,handysize_bulker,vlcc,power_driven,moderate,14239.416681197708,-42.00244466449642,88.96224399046514,457.9277624725331,0.7803989719922613,False,False,False,-1.9592688133965446,2.4972485172554655,565.4736834854933,55,42.72006673220557,True,0.016666666666666666,1425.0,0.0,20933.86933489521,0.009722222222222222,0.0,0.009722222222222222,1097.3225002578156,0,crossing,,,,,1.0,1.0
crossing_0084,crossing,crossing,stand_on,mpc,MPC,modelled,457.7380646913841,1396.2930297175628,15.373496257059799,12.78013405036111,handysize_bulker,vlcc,power_driven,moderate,14239.416681197708,-42.00244466449642,88.96224399046514,457.9277624725331,0.7803989719922613,False,False,False,-1.1640025661077993,1.2234260847400005,171.97798637032662,34,16.619880793795424,True,0.04027777777777778,1430.0,0.0,20090.18936870146,0.019444444444444445,0.0,0.019444444444444445,1018.7192455505799,0,crossing,,,,,1.0,1.0
crossing_0085,crossing,crossing,give_way,no_action,No action (baseline),modelled,858.5561017937503,1272.616629056728,14.785686015021625,10.69153629351114,container_feeder,coastal_tanker,power_driven,good,7521.640818610698,52.52597272392009,309.86425554568274,858.6701504397104,1.437830431911564,False,True,False,5.055509644210086e-13,-5.055509644210086e-13,0.0,0,0.0,True,0.04027777777777778,1345.0,0.0,13287.715441600849,0.6083333333333333,0.0,0.6083333333333333,1068.9996846272495,0,crossing,0.0,0.0,0.0,0.0,,0.0
crossing_0085,crossing,crossing,give_way,rule_based,Rule-based COLREGS,modelled,858.5561017937503,1272.616629056728,14.785686015021625,10.69153629351114,container_feeder,coastal_tanker,power_driven,good,7521.640818610698,52.52597272392009,309.86425554568274,858.6701504397104,1.437830431911564,False,True,False,-0.30869326674632114,2.8077304571730823,2372.0627852784796,56,34.999799078926486,True,0.043055555555555555,1340.0,0.0,15793.867863067137,0.5833333333333334,0.0,0.5833333333333334,1027.1250398282627,0,crossing,1.0,1.0,0.0,0.0,,0.5
crossing_0085,crossing,crossing,give_way,velocity_obstacle,Velocity obstacle,modelled,858.5561017937503,1272.616629056728,14.785686015021625,10.69153629351114,container_feeder,coastal_tanker,power_driven,good,7521.640818610698,52.52597272392009,309.86425554568274,858.6701504397104,1.437830431911564,False,True,False,-3.3025175470489962,4.99352678477482,1119.2551174028486,78,57.55200166645921,True,0.03194444444444444,1345.0,0.0,14104.13150274733,0.16944444444444445,0.0,0.16944444444444445,913.2784612576438,0,crossing,1.0,1.0,0.0,0.0,,0.5
crossing_0085,crossing,crossing,give_way,mpc,MPC,modelled,858.5561017937503,1272.616629056728,14.785686015021625,10.69153629351114,container_feeder,coastal_tanker,power_driven,good,7521.640818610698,52.52597272392009,309.86425554568274,858.6701504397104,1.437830431911564,False,True,False,-1.371958770433281,1.4638459121950362,199.0159794658558,36,21.95186057262453,True,0.04027777777777778,1345.0,0.0,12002.491830645411,0.6041666666666666,0.0,0.6041666666666666,1032.253934028953,0,crossing,1.0,0.0,0.0,0.0,,0.25
crossing_0086,crossing,crossing,give_way,no_action,No action (baseline),modelled,1095.4605217752562,1027.2925562164046,12.020808195877478,13.856468841425155,vlcc,handysize_bulker,power_driven,good,8212.143152806702,51.519428870619116,287.3489427898336,1095.6110821254056,1.0486826859133043,True,True,False,-4.745556585994153e-13,4.745556585994153e-13,0.0,0,0.0,False,0.04861111111111111,860.0,167.2925562164053,1718.106553297448,0.001388888888888889,0.0,0.001388888888888889,1331.626586469809,0,crossing,0.0,0.0,0.0,1.0,,0.25
crossing_0086,crossing,crossing,give_way,rule_based,Rule-based COLREGS,modelled,1095.4605217752562,1027.2925562164046,12.020808195877478,13.856468841425155,vlcc,handysize_bulker,power_driven,good,8212.143152806702,51.519428870619116,287.3489427898336,1291.0986352788166,1.5354481563372486,True,True,False,-2.6791013416412697,4.055359740425343,1097.4128758902505,104,39.085021255393265,False,0.0375,870.0,157.2925562164053,339.89725843300556,0.0,0.0,0.0,1385.8594819782156,0,crossing,1.0,1.0,0.0,1.0,,0.75
crossing_0086,crossing,crossing,give_way,velocity_obstacle,Velocity obstacle,modelled,1095.4605217752562,1027.2925562164046,12.020808195877478,13.856468841425155,vlcc,handysize_bulker,power_driven,good,8212.143152806702,51.519428870619116,287.3489427898336,1323.5377062033194,1.3207331347951712,True,True,False,-1.0050239601153947,1.0619667011394192,173.4620752293915,45,11.014235510665692,False,0.03611111111111111,870.0,136.6102934572633,648.4863845953698,0.0,0.0,0.0,1388.693078771627,0,crossing,1.0,0.0,0.0,1.0,,0.5
crossing_0086,crossing,crossing,give_way,mpc,MPC,modelled,1095.4605217752562,1027.2925562164046,12.020808195877478,13.856468841425155,vlcc,handysize_bulker,power_driven,good,8212.143152806702,51.519428870619116,287.3489427898336,1199.7333840790025,1.1578078354002068,True,True,False,-0.6050069541031506,0.6050069541031506,0.0,0,0.0,False,0.05138888888888889,860.0,165.18086436358996,844.2221686787259,0.0,0.0,0.0,1321.4729949041196,0,crossing,0.0,0.0,0.0,1.0,,0.25
crossing_0087,crossing,crossing,give_way,no_action,No action (baseline),modelled,321.0453683297278,1725.9510226560274,8.159046309504092,13.637953588406058,coastal_tanker,coastal_tanker,power_driven,good,16678.323631923042,41.53220916496516,243.25791230597832,321.17682521105866,1.3636995389864548,False,True,False,-1.096970186652631e-12,1.096970186652631e-12,0.0,0,0.0,True,0.027777777777777776,1755.0,0.0,18133.44827821682,0.5111111111111111,0.0,0.5111111111111111,832.144095087157,0,crossing,0.0,0.0,0.0,0.0,,0.0
crossing_0087,crossing,crossing,give_way,rule_based,Rule-based COLREGS,modelled,321.0453683297278,1725.9510226560274,8.159046309504092,13.637953588406058,coastal_tanker,coastal_tanker,power_driven,good,16678.323631923042,41.53220916496516,243.25791230597832,321.17682521105866,1.3636995389864548,False,True,False,-0.40747848047614604,1.8200889816498247,786.94790178438,54,34.977725917232476,True,0.03333333333333333,1755.0,0.0,17764.211973244182,0.49166666666666664,0.0,0.49166666666666664,810.6280579315453,0,crossing,1.0,1.0,0.0,0.0,,0.5
crossing_0087,crossing,crossing,give_way,velocity_obstacle,Velocity obstacle,modelled,321.0453683297278,1725.9510226560274,8.159046309504092,13.637953588406058,coastal_tanker,coastal_tanker,power_driven,good,16678.323631923042,41.53220916496516,243.25791230597832,321.17682521105866,1.3636995389864548,False,True,False,-2.39968075188833,3.2751787904879834,390.75653366737015,63,53.22896268269687,True,0.04027777777777778,1755.0,0.0,16882.856190839175,0.4652777777777778,0.0,0.4652777777777778,781.5558152478486,0,crossing,1.0,1.0,0.0,0.0,,0.5
crossing_0087,crossing,crossing,give_way,mpc,MPC,modelled,321.0453683297278,1725.9510226560274,8.159046309504092,13.637953588406058,coastal_tanker,coastal_tanker,power_driven,good,16678.323631923042,41.53220916496516,243.25791230597832,321.17682521105866,1.3636995389864548,False,True,False,-0.9251696381021051,0.9998821143818929,104.49714155800397,35,18.783096801271828,True,0.03333333333333333,1755.0,0.0,17567.81990858374,0.5013888888888889,0.0,0.5013888888888889,813.8971527372927,0,crossing,1.0,0.0,0.0,0.0,,0.25
crossing_0088,crossing,crossing,stand_on,no_action,No action (baseline),modelled,1248.1238146375395,1577.7605666042414,12.013655956407277,8.658510595296143,vlcc,handysize_bulker,power_driven,good,9183.96460685888,-35.79877749800238,63.25105154411852,1248.1906273377074,0.981079277696235,True,False,False,1.146161128318147e-12,-1.146161128318147e-12,0.0,0,0.0,False,0.07916666666666666,1035.0,542.760566604251,1090.061799093516,0.15555555555555556,0.0,0.15555555555555556,933.7549753336237,0,crossing,,,,,1.0,1.0
crossing_0088,crossing,crossing,stand_on,rule_based,Rule-based COLREGS,modelled,1248.1238146375395,1577.7605666042414,12.013655956407277,8.658510595296143,vlcc,handysize_bulker,power_driven,good,9183.96460685888,-35.79877749800238,63.25105154411852,1248.1906273377074,0.981079277696235,True,False,False,1.146161128318147e-12,-1.146161128318147e-12,0.0,0,0.0,False,0.06805555555555555,1170.0,407.7605666042541,712.6360069225854,0.03888888888888889,0.0,0.03888888888888889,999.7081647936087,0,crossing,,,,,1.0,1.0
crossing_0088,crossing,crossing,stand_on,velocity_obstacle,Velocity obstacle,modelled,1248.1238146375395,1577.7605666042414,12.013655956407277,8.658510595296143,vlcc,handysize_bulker,power_driven,good,9183.96460685888,-35.79877749800238,63.25105154411852,1426.6251903667146,1.1208874737689853,True,True,False,-0.5951489741275489,0.621104002440662,125.5347850099844,14,7.060413187023204,False,0.06111111111111111,1170.0,366.3487021544709,913.9868033379229,0.1361111111111111,0.0,0.1361111111111111,973.3550706705449,0,crossing,,,,,1.0,1.0
crossing_0088,crossing,crossing,stand_on,mpc,MPC,modelled,1248.1238146375395,1577.7605666042414,12.013655956407277,8.658510595296143,vlcc,handysize_bulker,power_driven,good,9183.96460685888,-35.79877749800238,63.25105154411852,1460.370737098753,1.1483593105643974,True,True,False,-0.3576532416014103,0.4302920771606193,224.53323148315724,52,10.951719717780389,False,0.07361111111111111,1150.0,335.4255829582396,745.6597682830961,0.0625,0.0,0.0625,1011.2101867039136,0,crossing,,,,,0.0,0.0
crossing_0089,crossing,crossing,stand_on,no_action,No action (baseline),modelled,1389.9122128894965,776.5212092332742,12.30713688446232,14.942108983125646,container_feeder,vlcc,power_driven,good,9582.154887665154,-24.38324820350062,120.83671780259722,1390.0362997430045,4.054207724751049,True,True,False,1.0868627581044283e-12,-1.0868627581044283e-12,0.0,0,0.0,False,0.06111111111111111,535.0,241.5212092332708,4902.818532914052,0.029166666666666667,0.018055555555555554,0.011111111111111112,2600.8513383421273,0,crossing,,,,,1.0,1.0
crossing_0089,crossing,crossing,stand_on,rule_based,Rule-based COLREGS,modelled,1389.9122128894965,776.5212092332742,12.30713688446232,14.942108983125646,container_feeder,vlcc,power_driven,good,9582.154887665154,-24.38324820350062,120.83671780259722,1390.0362997430045,4.054207724751049,True,True,False,1.0868627581044283e-12,-1.0868627581044283e-12,0.0,0,0.0,False,0.06805555555555555,505.0,271.52120923327107,1428.6666049808405,0.008333333333333333,0.004166666666666667,0.004166666666666667,1659.0222050201335,0,crossing,,,,,1.0,1.0
crossing_0089,crossing,crossing,stand_on,velocity_obstacle,Velocity obstacle,modelled,1389.9122128894965,776.5212092332742,12.30713688446232,14.942108983125646,container_feeder,vlcc,power_driven,good,9582.154887665154,-24.38324820350062,120.83671780259722,1390.0362997430045,4.054207724751049,True,True,False,1.0868627581044283e-12,-1.0868627581044283e-12,0.0,0,0.0,False,0.059722222222222225,410.0,366.52120923327186,14900.19641916678,0.09583333333333334,0.005555555555555556,0.09027777777777778,5921.351960344017,0,crossing,,,,,1.0,1.0
crossing_0089,crossing,crossing,stand_on,mpc,MPC,modelled,1389.9122128894965,776.5212092332742,12.30713688446232,14.942108983125646,container_feeder,vlcc,power_driven,good,9582.154887665154,-24.38324820350062,120.83671780259722,1390.0362997430045,4.054207724751049,True,True,False,1.0868627581044283e-12,-1.0868627581044283e-12,0.0,0,0.0,False,0.06527777777777778,465.0,311.5212092332714,2208.5755797374554,0.016666666666666666,0.004166666666666667,0.0125,1658.9452927623813,0,crossing,,,,,1.0,1.0
crossing_0090,crossing,crossing,stand_on,no_action,No action (baseline),modelled,349.33407085656887,851.623093260527,9.204388072535597,10.163194112215805,vlcc,coastal_tanker,power_driven,good,6426.425637332038,-40.26784441421291,98.14772362207619,349.5480847234633,0.3800528239237511,False,False,False,3.6330956042932867e-13,-3.6330956042932867e-13,0.0,0,0.0,False,0.034722222222222224,735.0,116.62309326053277,227.37833158029062,0.002777777777777778,0.0,0.002777777777777778,1462.499401003657,0,crossing,,,,,1.0,1.0
crossing_0090,crossing,crossing,stand_on,rule_based,Rule-based COLREGS,modelled,349.33407085656887,851.623093260527,9.204388072535597,10.163194112215805,vlcc,coastal_tanker,power_driven,good,6426.425637332038,-40.26784441421291,98.14772362207619,433.58674169515274,0.45303861546895474,False,False,False,-3.7253269560068127,7.033130818046258,1889.5040786257773,126,40.16659832489084,False,0.04861111111111111,740.0,119.24158021259116,92.19094151393172,0.002777777777777778,0.0,0.002777777777777778,1397.55690604323,0,crossing,,,,,1.0,1.0
crossing_0090,crossing,crossing,stand_on,velocity_obstacle,Velocity obstacle,modelled,349.33407085656887,851.623093260527,9.204388072535597,10.163194112215805,vlcc,coastal_tanker,power_driven,good,6426.425637332038,-40.26784441421291,98.14772362207619,562.2834030263831,0.8205366996233721,False,False,False,-9.551497776096257,11.034561010904161,886.1391523052214,151,41.261794730914666,False,0.05138888888888889,735.0,126.87477056966988,109.77154224814495,0.002777777777777778,0.0,0.002777777777777778,1401.088884965915,0,crossing,,,,,1.0,1.0
crossing_0090,crossing,crossing,stand_on,mpc,MPC,modelled,349.33407085656887,851.623093260527,9.204388072535597,10.163194112215805,vlcc,coastal_tanker,power_driven,good,6426.425637332038,-40.26784441421291,98.14772362207619,492.6881027395522,0.6215703377670238,False,False,False,-2.2894490762088617,2.291483191866408,18.593103179677517,0,1.6852890648880938,False,0.041666666666666664,735.0,125.12100584340939,137.11246934500267,0.002777777777777778,0.0,0.002777777777777778,1443.8119398691163,0,crossing,,,,,1.0,1.0
crossing_0091,crossing,crossing,stand_on,no_action,No action (baseline),modelled,1309.4764064052274,1628.639463365583,13.807674986705258,15.42135943888071,container_feeder,container_feeder,power_driven,good,21310.388547080893,-28.04515450991834,120.47995738709068,1309.5969551573023,3.718066696064258,True,True,False,8.832709755653507e-13,-8.832709755653507e-13,0.0,0,0.0,False,0.016666666666666666,1505.0,123.63946336557329,383.32206713243244,0.008333333333333333,0.002777777777777778,0.005555555555555556,1141.3044281207685,0,crossing,,,,,1.0,1.0
crossing_0091,crossing,crossing,stand_on,rule_based,Rule-based COLREGS,modelled,1309.4764064052274,1628.639463365583,13.807674986705258,15.42135943888071,container_feeder,container_feeder,power_driven,good,21310.388547080893,-28.04515450991834,120.47995738709068,1208.8039093984144,3.430569668386472,True,True,False,-0.3698234148076857,0.4518404979684938,189.82397652303712,33,19.5626598041941,False,0.019444444444444445,1515.0,147.13530703439238,1027.9924031741657,0.009722222222222222,0.004166666666666667,0.005555555555555556,1043.8883367385442,0,crossing,,,,,1.0,1.0
crossing_0091,crossing,crossing,stand_on,velocity_obstacle,Velocity obstacle,modelled,1309.4764064052274,1628.639463365583,13.807674986705258,15.42135943888071,container_feeder,container_feeder,power_driven,good,21310.388547080893,-28.04515450991834,120.47995738709068,1257.7024269945966,3.570083064640214,True,True,False,-0.14168066557103903,0.15917740082173196,86.32150370422838,24,9.46752356422152,False,0.015277777777777777,1505.0,138.90347454860148,383.15903380269754,0.0125,0.002777777777777778,0.009722222222222222,1078.4444494019413,0,crossing,,,,,1.0,1.0
crossing_0091,crossing,crossing,stand_on,mpc,MPC,modelled,1309.4764064052274,1628.639463365583,13.807674986705258,15.42135943888071,container_feeder,container_feeder,power_driven,good,21310.388547080893,-28.04515450991834,120.47995738709068,1132.6397931489958,3.407679254021213,True,True,False,-1.145089123985538,1.289816428359948,312.7126459842661,43,18.661406543698874,False,0.027777777777777776,1460.0,199.20514666076605,4147.083821631961,0.07361111111111111,0.0,0.07361111111111111,984.7286283189771,0,crossing,,,,,0.0,0.0
crossing_0092,crossing,crossing,give_way,no_action,No action (baseline),modelled,982.5316374982111,1473.3223064263475,13.544906867668235,13.273903349376567,container_feeder,handysize_bulker,fishing,good,5832.167640135045,81.3162996805653,327.16329826345805,982.5534449155244,1.6821915017857794,True,True,False,5.518618841420808e-13,-5.518618841420808e-13,0.0,0,0.0,True,0.08333333333333333,1465.0,8.32230642635557,8254.878621450433,0.0,0.0,0.0,845.5801854564248,0,crossing,0.0,0.0,0.0,0.0,,0.0
crossing_0092,crossing,crossing,give_way,rule_based,Rule-based COLREGS,modelled,982.5316374982111,1473.3223064263475,13.544906867668235,13.273903349376567,container_feeder,handysize_bulker,fishing,good,5832.167640135045,81.3162996805653,327.16329826345805,937.9908144693849,1.6821915017857794,True,True,False,-0.3670794290125583,2.7887406588722663,2108.59533383686,54,34.99978423156504,True,0.07083333333333333,1465.0,45.05595342280611,13998.664027052462,0.0,0.0,0.0,869.5859038416137,0,crossing,1.0,1.0,0.0,0.0,,0.5
crossing_0092,crossing,crossing,give_way,velocity_obstacle,Velocity obstacle,modelled,982.5316374982111,1473.3223064263475,13.544906867668235,13.273903349376567,container_feeder,handysize_bulker,fishing,good,5832.167640135045,81.3162996805653,327.16329826345805,743.8138008407783,1.6821915017857794,False,True,False,-3.537451719930826,5.377764791950894,1051.7734007500821,72,60.610024182518025,True,0.04583333333333333,1465.0,84.2724431898193,15006.874416475432,0.0,0.0,0.0,846.1303423744714,0,crossing,1.0,1.0,0.0,0.0,,0.5
crossing_0092,crossing,crossing,give_way,mpc,MPC,modelled,982.5316374982111,1473.3223064263475,13.544906867668235,13.273903349376567,container_feeder,handysize_bulker,fishing,good,5832.167640135045,81.3162996805653,327.16329826345805,788.1802413484128,1.6821915017857794,False,True,False,-2.6509325735022213,3.8276058210752444,776.0772668033206,69,57.53078832362194,True,0.034722222222222224,1570.0,0.0,14647.397256785223,0.0,0.0,0.0,867.325243341291,0,crossing,1.0,1.0,0.0,0.0,,0.5
crossing_0093,crossing,crossing,stand_on,no_action,No action (baseline),modelled,320.5622327517562,1764.8878118987093,14.043523537466472,10.975450947660377,container_feeder,coastal_tanker,power_driven,good,22067.859167483908,-11.283593154447933,152.30533038459495,320.565301376,1.13756049495887,False,True,False,-3.221621949365196e-13,3.221621949365196e-13,0.0,0,0.0,True,0.03194444444444444,1630.0,134.8878118987072,94443.19905775102,0.030555555555555555,0.0,0.030555555555555555,871.2408770800637,0,crossing,,,,,1.0,1.0
crossing_0093,crossing,crossing,stand_on,rule_based,Rule-based COLREGS,modelled,320.5622327517562,1764.8878118987093,14.043523537466472,10.975450947660377,container_feeder,coastal_tanker,power_driven,good,22067.859167483908,-11.283593154447933,152.30533038459495,56.111834442501774,0.14039031485288664,False,False,True,-0.4465633377896415,3.4663891429200873,2660.5009715777846,52,34.99998799232463,True,0.044444444444444446,1695.0,89.28628274745365,13898.018312607142,0.3638888888888889,0.0,0.3638888888888889,715.541707854671,0,crossing,,,,,1.0,1.0
crossing_0093,crossing,crossing,stand_on,velocity_obstacle,Velocity obstacle,modelled,320.5622327517562,1764.8878118987093,14.043523537466472,10.975450947660377,container_feeder,coastal_tanker,power_driven,good,22067.859167483908,-11.283593154447933,152.30533038459495,323.43974955097434,0.823439420426704,False,False,False,-0.2657388226834137,1.16220814896566,954.9518185069014,65,34.33928538087498,True,0.030555555555555555,1820.0,0.0,14949.353867089467,0.06805555555555555,0.0,0.06805555555555555,888.518911823716,0,crossing,,,,,1.0,1.0
crossing_0093,crossing,crossing,stand_on,mpc,MPC,modelled,320.5622327517562,1764.8878118987093,14.043523537466472,10.975450947660377,container_feeder,coastal_tanker,power_driven,good,22067.859167483908,-11.283593154447933,152.30533038459495,394.95485419618933,1.6449732351102002,False,True,False,-2.10760123613463,2.3768613389485713,147.60169514641365,64,28.697517560371804,True,0.030555555555555555,1670.0,136.00414223167445,29121.90172975869,0.4375,0.0,0.4375,584.7664835997323,0,crossing,,,,,1.0,1.0
crossing_0094,crossing,crossing,give_way,no_action,No action (baseline),modelled,241.25833490969333,1481.8426100948298,12.824816842404044,9.676171105328628,container_feeder,handysize_bulker,power_driven,restricted,14473.952991010829,26.716589826063398,245.66153911929558,241.92853001351696,0.5844601506297719,False,False,False,-1.1656958405527155e-12,1.1810339437178829e-12,0.0,0,0.0,False,0.020833333333333332,1420.0,61.84261009481908,169.18562657010708,0.0,0.0,0.0,1006.5811793204628,0,crossing,0.0,0.0,0.0,1.0,,0.25
crossing_0094,crossing,crossing,give_way,rule_based,Rule-based COLREGS,modelled,241.25833490969333,1481.8426100948298,12.824816842404044,9.676171105328628,container_feeder,handysize_bulker,power_driven,restricted,14473.952991010829,26.716589826063398,245.66153911929558,4.4300948619883185,0.01845211261961034,False,False,True,-1.3840230225438974,5.973514485012688,2986.286913686179,95,34.99999998136725,False,0.03333333333333333,1515.0,5.463101906324584,13163.823785539267,0.5763888888888888,0.001388888888888889,0.575,973.373175381315,0,crossing,1.0,1.0,0.0,1.0,,0.75
crossing_0094,crossing,crossing,give_way,velocity_obstacle,Velocity obstacle,modelled,241.25833490969333,1481.8426100948298,12.824816842404044,9.676171105328628,container_feeder,handysize_bulker,power_driven,restricted,14473.952991010829,26.716589826063398,245.66153911929558,780.3064020297206,2.6743508877178663,False,True,False,-6.581148864216569,9.297801071725251,1562.671885690468,117,61.1120674242451,False,0.001388888888888889,,,5807.544018817693,0.0375,0.0,0.0375,7390.066265888887,0,crossing,1.0,1.0,0.0,1.0,,0.75
crossing_0094,crossing,crossing,give_way,mpc,MPC,modelled,241.25833490969333,1481.8426100948298,12.824816842404044,9.676171105328628,container_feeder,handysize_bulker,power_driven,restricted,14473.952991010829,26.716589826063398,245.66153911929558,317.4314479438672,0.9906421395028362,False,False,False,-2.6789968135006266,2.8284637601375833,147.0636779168736,61,21.95763473281058,False,0.019444444444444445,1445.0,86.18498702322108,373.5013004910032,0.0,0.0,0.0,961.6660246181856,0,crossing,0.0,0.0,0.0,1.0,,0.25
crossing_0095,crossing,crossing,give_way,no_action,No action (baseline),modelled,26.458065770059434,1523.1963279933675,15.640169319649775,11.45630015804596,container_feeder,handysize_bulker,fishing,good,18702.791946092417,-23.893059999347862,122.73980032196903,34.503659991014146,0.07890494579167658,False,False,True,-1.0439013710133275e-12,1.0439013710133275e-12,0.0,0,0.0,True,0.09861111111111111,1380.0,143.19632799337262,20664.147485595753,0.0,0.0,0.0,860.2960834463069,0,crossing,0.0,0.0,0.0,0.0,,0.0
crossing_0095,crossing,crossing,give_way,rule_based,Rule-based COLREGS,modelled,26.458065770059434,1523.1963279933675,15.640169319649775,11.45630015804596,container_feeder,handysize_bulker,fishing,good,18702.791946092417,-23.893059999347862,122.73980032196903,1105.282528137087,2.161236134536484,True,True,False,-0.2778380048803285,1.973149607787329,1773.4871453768314,54,34.991694203061975,True,0.04861111111111111,1625.0,0.0,31774.920303678184,0.0,0.0,0.0,969.2049522067672,0,crossing,1.0,1.0,0.0,0.0,,0.5
crossing_0095,crossing,crossing,give_way,velocity_obstacle,Velocity obstacle,modelled,26.458065770059434,1523.1963279933675,15.640169319649775,11.45630015804596,container_feeder,handysize_bulker,fishing,good,18702.791946092417,-23.893059999347862,122.73980032196903,761.3765318032691,1.4935145362478033,False,True,False,-0.26507996996503447,1.4279155539788189,1286.010006263511,55,34.90902686080174,True,0.05416666666666667,1585.0,0.0,26525.357896248555,0.0,0.0,0.0,1426.3623563654573,0,crossing,1.0,1.0,0.0,0.0,,0.5
crossing_0095,crossing,crossing,give_way,mpc,MPC,modelled,26.458065770059434,1523.1963279933675,15.640169319649775,11.45630015804596,container_feeder,handysize_bulker,fishing,good,18702.791946092417,-23.893059999347862,122.73980032196903,841.2088495680919,1.6994383623233364,False,True,False,-0.20822917839102284,1.2533613188038533,1316.8190104346158,54,29.967998818846848,True,0.04722222222222222,1605.0,0.0,35533.082908424105,0.0,0.0,0.0,955.2761218480256,0,crossing,1.0,0.0,0.0,0.0,,0.25
crossing_0096,crossing,crossing,give_way,no_action,No action (baseline),modelled,702.6945753285463,1794.0161185422708,15.633195141073989,14.909268134561557,handysize_bulker,vlcc,power_driven,good,9310.148748311058,71.24839792461701,321.634734973597,702.713019651411,1.0062462856814458,False,True,False,-7.549641465921907e-14,7.549641465921907e-14,0.0,0,0.0,True,0.05555555555555555,1805.0,0.0,9404.93449745409,0.4861111111111111,0.0,0.4861111111111111,703.5593852402484,0,crossing,0.0,0.0,0.0,0.0,,0.0
crossing_0096,crossing,crossing,give_way,rule_based,Rule-based COLREGS,modelled,702.6945753285463,1794.0161185422708,15.633195141073989,14.909268134561557,handysize_bulker,vlcc,power_driven,good,9310.148748311058,71.24839792461701,321.634734973597,695.2389045772503,1.0062462856814458,False,True,False,-0.4552778581206759,2.504298474208132,2079.2697813348777,54,34.9996230154419,True,0.06944444444444445,1805.0,4.225872161482559,13876.972513132758,0.4736111111111111,0.0,0.4736111111111111,689.02014062864,0,crossing,1.0,1.0,0.0,0.0,,0.5
crossing_0096,crossing,crossing,give_way,velocity_obstacle,Velocity obstacle,modelled,702.6945753285463,1794.0161185422708,15.633195141073989,14.909268134561557,handysize_bulker,vlcc,power_driven,good,9310.148748311058,71.24839792461701,321.634734973597,621.9968590250545,1.0062462856814458,False,True,False,-3.5988843092503897,5.3473869146076005,1152.0618487547804,77,62.19816788848994,True,0.06944444444444445,1805.0,22.97809688953158,14352.346099791774,0.09305555555555556,0.0,0.09305555555555556,659.9556629069074,0,crossing,1.0,1.0,0.0,0.0,,0.5
crossing_0096,crossing,crossing,give_way,mpc,MPC,modelled,702.6945753285463,1794.0161185422708,15.633195141073989,14.909268134561557,handysize_bulker,vlcc,power_driven,good,9310.148748311058,71.24839792461701,321.634734973597,674.6566708349156,1.0062462856814458,False,True,False,-1.7490643807659665,1.7577304216580885,60.29553561335979,20,6.710602124074104,True,0.043055555555555555,1805.0,15.95775222391116,9063.913242404104,0.4847222222222222,0.0,0.4847222222222222,688.1778574006205,0,crossing,1.0,0.0,0.0,0.0,,0.25
crossing_0097,crossing,crossing,give_way,no_action,No action (baseline),modelled,596.1349548461199,875.5385755316636,14.549328517600191,9.7792130872644,container_feeder,vlcc,not_under_command,restricted,9044.381676351994,31.204370315465297,250.68088876502344,596.1608027639807,1.3355880086620306,False,True,False,5.137637668623718e-13,-5.137637668623718e-13,0.0,0,0.0,True,0.0125,950.0,0.0,26002.55159499437,0.0,0.0,0.0,1458.5271716338864,0,crossing,0.0,0.0,0.0,0.0,,0.0
crossing_0097,crossing,crossing,give_way,rule_based,Rule-based COLREGS,modelled,596.1349548461199,875.5385755316636,14.549328517600191,9.7792130872644,container_feeder,vlcc,not_under_command,restricted,9044.381676351994,31.204370315465297,250.68088876502344,596.1608027639807,1.3355880086620306,False,True,False,-0.3188039843775942,2.289322357712065,1882.5472712551402,56,34.997862523819705,True,0.011111111111111112,945.0,0.0,24002.851071920508,0.0,0.0,0.0,1456.5510165233393,0,crossing,1.0,1.0,0.0,0.0,,0.5
crossing_0097,crossing,crossing,give_way,velocity_obstacle,Velocity obstacle,modelled,596.1349548461199,875.5385755316636,14.549328517600191,9.7792130872644,container_feeder,vlcc,not_under_command,restricted,9044.381676351994,31.204370315465297,250.68088876502344,596.1608027639807,1.3355880086620306,False,True,False,-1.987751625198826,2.7113442645232158,612.6705040376426,58,51.284727028420676,True,0.015277777777777777,940.0,0.0,24230.359506901874,0.0,0.0,0.0,1316.6920421575526,0,crossing,1.0,1.0,0.0,0.0,,0.5
crossing_0097,crossing,crossing,give_way,mpc,MPC,modelled,596.1349548461199,875.5385755316636,14.549328517600191,9.7792130872644,container_feeder,vlcc,not_under_command,restricted,9044.381676351994,31.204370315465297,250.68088876502344,596.1608027639807,1.3355880086620306,False,True,False,-0.6977505714416118,0.757674054672002,164.7044813525307,32,17.57923466356846,True,0.018055555555555554,930.0,0.0,26251.795976980713,0.0,0.0,0.0,1481.5882702338636,0,crossing,1.0,0.0,0.0,0.0,,0.25
crossing_0098,crossing,crossing,stand_on,no_action,No action (baseline),modelled,909.7473849733175,1240.8511757555584,10.319700776828597,10.100313058124678,container_feeder,handysize_bulker,power_driven,good,11099.605570936403,-26.85163354177271,116.12661361449501,909.779031677023,2.3976809789259637,False,True,False,8.958877101851532e-13,-8.958877101851532e-13,0.0,0,0.0,False,0.04722222222222222,1015.0,225.8511757555671,1125.9651606953144,0.04027777777777778,0.009722222222222222,0.030555555555555555,1456.1777554345317,0,crossing,,,,,1.0,1.0
crossing_0098,crossing,crossing,stand_on,rule_based,Rule-based COLREGS,modelled,909.7473849733175,1240.8511757555584,10.319700776828597,10.100313058124678,container_feeder,handysize_bulker,power_driven,good,11099.605570936403,-26.85163354177271,116.12661361449501,783.7584227720575,1.6255927799099252,False,True,False,-0.6009794173282658,3.19089028464485,1699.4867636143326,58,35.00004477053004,False,0.07361111111111111,970.0,270.8511757555667,919.9454920138966,0.04583333333333333,0.001388888888888889,0.044444444444444446,1472.482539524526,0,crossing,,,,,1.0,1.0
crossing_0098,crossing,crossing,stand_on,velocity_obstacle,Velocity obstacle,modelled,909.7473849733175,1240.8511757555584,10.319700776828597,10.100313058124678,container_feeder,handysize_bulker,power_driven,good,11099.605570936403,-26.85163354177271,116.12661361449501,977.3417570194158,2.3385846830925425,True,True,False,-5.75321487324659,8.14213138108728,1033.1931831944955,111,61.714736145990386,False,0.12083333333333333,980.0,260.8511757555668,382.1580681933807,0.041666666666666664,0.0,0.041666666666666664,1278.12429578739,0,crossing,,,,,1.0,1.0
crossing_0098,crossing,crossing,stand_on,mpc,MPC,modelled,909.7473849733175,1240.8511757555584,10.319700776828597,10.100313058124678,container_feeder,handysize_bulker,power_driven,good,11099.605570936403,-26.85163354177271,116.12661361449501,1157.3230114883092,3.050539975287352,True,True,False,-1.233367447481115,1.2702288973610623,142.17703024635549,58,9.127454371745268,False,0.04583333333333333,915.0,351.15584798019364,4518.565030171057,0.2652777777777778,0.0,0.2652777777777778,1308.6764762267671,0,crossing,,,,,1.0,1.0
crossing_0099,crossing,crossing,give_way,no_action,No action (baseline),modelled,268.05544362481504,745.8253562803984,11.25065294239016,15.208663645766954,container_feeder,coastal_tanker,fishing,good,7621.417565490097,51.64112526851407,263.9281609645567,268.1879328742119,0.685638073828788,False,False,False,-7.343352712094145e-13,7.343352712094145e-13,0.0,0,0.0,True,0.018055555555555554,765.0,0.0,28763.451248863064,0.0,0.0,0.0,1569.2452662469827,0,crossing,0.0,0.0,0.0,0.0,,0.0
crossing_0099,crossing,crossing,give_way,rule_based,Rule-based COLREGS,modelled,268.05544362481504,745.8253562803984,11.25065294239016,15.208663645766954,container_feeder,coastal_tanker,fishing,good,7621.417565490097,51.64112526851407,263.9281609645567,268.1879328742119,0.685638073828788,False,False,False,-0.5133546963586718,1.9242723018182648,1078.352629975271,56,34.98906083768855,True,0.03888888888888889,765.0,0.0,29270.929376287564,0.0,0.0,0.0,1522.2305375191156,0,crossing,1.0,1.0,0.0,0.0,,0.5
crossing_0099,crossing,crossing,give_way,velocity_obstacle,Velocity obstacle,modelled,268.05544362481504,745.8253562803984,11.25065294239016,15.208663645766954,container_feeder,coastal_tanker,fishing,good,7621.417565490097,51.64112526851407,263.9281609645567,268.1879328742119,0.685638073828788,False,False,False,-2.783188321068108,3.783839969309252,593.125283279679,69,54.03201607514158,True,0.043055555555555555,765.0,0.0,27896.452472119334,0.0,0.0,0.0,1490.7630472911858,0,crossing,1.0,1.0,0.0,0.0,,0.5
crossing_0099,crossing,crossing,give_way,mpc,MPC,modelled,268.05544362481504,745.8253562803984,11.25065294239016,15.208663645766954,container_feeder,coastal_tanker,fishing,good,7621.417565490097,51.64112526851407,263.9281609645567,268.1879328742119,0.685638073828788,False,False,False,-1.1246979992766544,1.1709648276589504,113.68748490883435,34,14.474903399667447,True,0.025,765.0,0.0,28008.212620678343,0.0,0.0,0.0,1540.4523631518473,0,crossing,1.0,0.0,0.0,0.0,,0.25
overtaking_0000,overtaking,overtaking,give_way,no_action,No action (baseline),modelled,1182.1660631365169,1034.623646024414,12.439592810755578,9.439592810755578,handysize_bulker,vlcc,restricted_manoeuvrability,good,2114.258623422541,-55.01397303252094,7.188146484602587,1182.1662350943143,2.7846996642126562,True,True,False,1.2966731369143648e-12,-1.2966731369143648e-12,0.0,0,0.0,True,0.39444444444444443,1725.0,0.0,5330.76903959335,0.0,0.0,0.0,192.8073570853986,0,overtaking,0.0,0.0,0.0,,,0.0
overtaking_0000,overtaking,overtaking,give_way,rule_based,Rule-based COLREGS,modelled,1182.1660631365169,1034.623646024414,12.439592810755578,9.439592810755578,handysize_bulker,vlcc,restricted_manoeuvrability,good,2114.258623422541,-55.01397303252094,7.188146484602587,1182.1662350943143,2.7892813792516087,True,True,False,-0.856158648837447,4.570279792879587,2790.3600688548217,74,41.1066632314943,True,0.19583333333333333,1715.0,0.0,7246.696515236765,0.0,0.0,0.0,491.1638521589452,0,overtaking,1.0,1.0,0.0,,,0.6666666666666666
overtaking_0000,overtaking,overtaking,give_way,velocity_obstacle,Velocity obstacle,modelled,1182.1660631365169,1034.623646024414,12.439592810755578,9.439592810755578,handysize_bulker,vlcc,restricted_manoeuvrability,good,2114.258623422541,-55.01397303252094,7.188146484602587,1182.1662350943143,2.789394850969609,True,True,False,-0.6180487580375332,0.6608261077227837,124.18824265917885,34,13.009537122804531,True,0.3875,1730.0,0.0,5227.326739962137,0.0,0.0,0.0,164.7198136903273,0,overtaking,1.0,0.0,0.0,,,0.3333333333333333
overtaking_0000,overtaking,overtaking,give_way,mpc,MPC,modelled,1182.1660631365169,1034.623646024414,12.439592810755578,9.439592810755578,handysize_bulker,vlcc,restricted_manoeuvrability,good,2114.258623422541,-55.01397303252094,7.188146484602587,1182.1662350943143,2.54487850367915,True,True,False,-1.3323741368431035,1.342782858385378,33.912227343447725,23,6.795839956138393,True,0.37777777777777777,1740.0,1333.218398296946,4986.625806928526,0.0,0.0,0.0,167.0230131812852,0,overtaking,0.0,0.0,0.0,,,0.0
overtaking_0001,overtaking,overtaking,give_way,no_action,No action (baseline),modelled,1352.5333112117723,982.2460627610134,12.085601008656617,9.085601008656617,container_feeder,coastal_tanker,fishing,good,2150.5313265382347,-17.568469678282906,-7.63697213106937,1352.5387147012475,3.767898097889863,True,True,False,-4.8828774918749465e-14,4.8828774918749465e-14,0.0,0,0.0,False,0.011111111111111112,155.0,827.2460627610143,1698.9035346256765,0.0,0.0,0.0,3441.7144120162457,0,overtaking,0.0,0.0,0.0,,,0.0
overtaking_0001,overtaking,overtaking,give_way,rule_based,Rule-based COLREGS,modelled,1352.5333112117723,982.2460627610134,12.085601008656617,9.085601008656617,container_feeder,coastal_tanker,fishing,good,2150.5313265382347,-17.568469678282906,-7.63697213106937,2093.5014159209795,3.830657938065867,True,True,False,-0.45182502150203946,1.9653580582063883,1233.820044599057,54,34.9897310234947,False,0.001388888888888889,,,8152.554043851161,0.0,0.0,0.0,11037.768260550889,0,overtaking,1.0,1.0,1.0,,,1.0
overtaking_0001,overtaking,overtaking,give_way,velocity_obstacle,Velocity obstacle,modelled,1352.5333112117723,982.2460627610134,12.085601008656617,9.085601008656617,container_feeder,coastal_tanker,fishing,good,2150.5313265382347,-17.568469678282906,-7.63697213106937,2017.4210322989904,3.8381877764854297,True,True,False,-0.23326241015035232,0.8158656567781003,642.6599716848388,58,29.375594278322694,False,0.001388888888888889,,,8793.66298441991,0.0,0.0,0.0,11045.610127088436,0,overtaking,1.0,0.0,1.0,,,0.6666666666666666
overtaking_0001,overtaking,overtaking,give_way,mpc,MPC,modelled,1352.5333112117723,982.2460627610134,12.085601008656617,9.085601008656617,container_feeder,coastal_tanker,fishing,good,2150.5313265382347,-17.568469678282906,-7.63697213106937,1955.5823353509197,3.8461710164710534,True,True,False,-0.3419438695350257,0.7864939190845812,578.814165185545,49,25.24174106782876,False,0.002777777777777778,,,8211.178037936708,0.0,0.0,0.0,10110.997514810133,0,overtaking,1.0,0.0,1.0,,,0.6666666666666666
overtaking_0002,overtaking,overtaking,give_way,no_action,No action (baseline),modelled,653.3804908054422,1064.978063196605,9.474889313384821,6.474889313384821,container_feeder,handysize_bulker,power_driven,good,1786.2894820057388,-14.320276518827649,-3.337102717841752,653.3804917028604,2.5131881535912948,False,True,False,4.98264473085386e-13,-4.98264473085386e-13,0.0,0,0.0,True,0.19444444444444445,80.0,984.9780631966042,5128.553468859708,0.39166666666666666,0.018055555555555554,0.3736111111111111,626.2462566955013,0,overtaking,0.0,0.0,0.0,,,0.0
overtaking_0002,overtaking,overtaking,give_way,rule_based,Rule-based COLREGS,modelled,653.3804908054422,1064.978063196605,9.474889313384821,6.474889313384821,container_feeder,handysize_bulker,power_driven,good,1786.2894820057388,-14.320276518827649,-3.337102717841752,1727.988040035812,3.2147982154781363,True,True,False,-0.7004228511557612,3.8904579884609896,1890.9497144912173,60,35.0571070196749,False,0.008333333333333333,,,1889.6696678001686,0.07361111111111111,0.06944444444444445,0.004166666666666667,5576.387347922447,0,overtaking,1.0,1.0,1.0,,,1.0
overtaking_0002,overtaking,overtaking,give_way,velocity_obstacle,Velocity obstacle,modelled,653.3804908054422,1064.978063196605,9.474889313384821,6.474889313384821,container_feeder,handysize_bulker,power_driven,good,1786.2894820057388,-14.320276518827649,-3.337102717841752,1501.9648529843348,3.209818464301629,True,True,False,-0.251999472070482,1.147202898146091,830.1207011302128,70,25.025349848469524,False,0.011111111111111112,,,4586.3003787485595,0.19166666666666668,0.14444444444444443,0.04722222222222222,8581.03102402737,0,overtaking,1.0,0.0,1.0,,,0.6666666666666666
overtaking_0002,overtaking,overtaking,give_way,mpc,MPC,modelled,653.3804908054422,1064.978063196605,9.474889313384821,6.474889313384821,container_feeder,handysize_bulker,power_driven,good,1786.2894820057388,-14.320276518827649,-3.337102717841752,1631.8784223780547,3.206146557405034,True,True,False,-1.2944079553830254,2.7986386980874025,924.8049393231366,96,44.68830500540652,False,0.013888888888888888,,,6026.419862490471,0.20555555555555555,0.20555555555555555,0.0,7829.153070405186,0,overtaking,1.0,1.0,1.0,,,1.0
overtaking_0003,overtaking,overtaking,give_way,no_action,No action (baseline),modelled,1051.6431398404043,1659.8291349430738,8.40768930598659,5.40768930598659,handysize_bulker,coastal_tanker,power_driven,good,2843.974118392381,-33.02876027999521,6.453197269975423,1051.6431750187494,2.9919219118767924,True,True,False,-9.241517005977657e-13,9.241517005977657e-13,0.0,0,0.0,True,0.03888888888888889,2630.0,0.0,4191.7199346267735,0.29444444444444445,0.0,0.29444444444444445,263.35253482166087,0,overtaking,0.0,0.0,0.0,,,0.0
overtaking_0003,overtaking,overtaking,give_way,rule_based,Rule-based COLREGS,modelled,1051.6431398404043,1659.8291349430738,8.40768930598659,5.40768930598659,handysize_bulker,coastal_tanker,power_driven,good,2843.974118392381,-33.02876027999521,6.453197269975423,1051.6431750187494,2.9919219118767924,True,True,False,-1.629740939811945,2.142002235917104,373.0411366359102,71,32.410918695822275,True,0.030555555555555555,2710.0,0.0,4099.194852031216,0.2625,0.0,0.2625,493.00697073942064,0,overtaking,1.0,1.0,0.0,,,0.6666666666666666
overtaking_0003,overtaking,overtaking,give_way,velocity_obstacle,Velocity obstacle,modelled,1051.6431398404043,1659.8291349430738,8.40768930598659,5.40768930598659,handysize_bulker,coastal_tanker,power_driven,good,2843.974118392381,-33.02876027999521,6.453197269975423,1051.6431750187494,2.9919219118767924,True,True,False,-1.2813259303860915,1.4040614817751627,165.39099420966429,53,18.04012811363989,True,0.0375,2655.0,0.0,4165.247528214667,0.29444444444444445,0.0,0.29444444444444445,397.2534565665853,0,overtaking,1.0,0.0,0.0,,,0.3333333333333333
overtaking_0003,overtaking,overtaking,give_way,mpc,MPC,modelled,1051.6431398404043,1659.8291349430738,8.40768930598659,5.40768930598659,handysize_bulker,coastal_tanker,power_driven,good,2843.974118392381,-33.02876027999521,6.453197269975423,1051.6431750187494,2.4232935358448904,True,True,False,-2.382686097253493,2.8547356080265955,347.99125035459036,73,31.916133268987245,True,0.03611111111111111,2900.0,0.0,4757.6919951835,0.2861111111111111,0.0,0.2861111111111111,715.1154762234938,0,overtaking,0.0,1.0,0.0,,,0.3333333333333333
overtaking_0004,overtaking,overtaking,give_way,no_action,No action (baseline),modelled,164.54103711124003,822.9950958762267,14.52948656546194,11.631930241341497,coastal_tanker,vlcc,not_under_command,restricted,1425.9655265391295,33.13445355876142,-7.375447501976021,164.57721452194474,0.5763382129495104,False,False,True,-4.06156878806917e-13,4.06156878806917e-13,0.0,0,0.0,True,0.1527777777777778,860.0,0.0,4716.924940658621,0.0,0.0,0.0,540.633440172002,0,overtaking,0.0,0.0,0.0,,,0.0
overtaking_0004,overtaking,overtaking,give_way,rule_based,Rule-based COLREGS,modelled,164.54103711124003,822.9950958762267,14.52948656546194,11.631930241341497,coastal_tanker,vlcc,not_under_command,restricted,1425.9655265391295,33.13445355876142,-7.375447501976021,158.96492143047243,0.3649447141590879,False,False,True,-0.18904676471839224,3.330683246946271,2875.8359300294346,50,34.99998155021498,True,0.05138888888888889,860.0,3.377916750271657,12621.501408910919,0.0,0.0,0.0,1324.9493508062728,0,overtaking,1.0,1.0,0.0,,,0.6666666666666666
overtaking_0004,overtaking,overtaking,give_way,velocity_obstacle,Velocity obstacle,modelled,164.54103711124003,822.9950958762267,14.52948656546194,11.631930241341497,coastal_tanker,vlcc,not_under_command,restricted,1425.9655265391295,33.13445355876142,-7.375447501976021,88.42600360414735,0.23029249520134065,False,False,True,-3.8537343338964987,6.302378310581201,1423.8701923321178,66,59.93140005401623,True,0.022222222222222223,860.0,33.72637548107456,13214.83754617222,0.0,0.0,0.0,1370.3384209048008,0,overtaking,1.0,1.0,0.0,,,0.6666666666666666
overtaking_0004,overtaking,overtaking,give_way,mpc,MPC,modelled,164.54103711124003,822.9950958762267,14.52948656546194,11.631930241341497,coastal_tanker,vlcc,not_under_command,restricted,1425.9655265391295,33.13445355876142,-7.375447501976021,128.93059027207448,0.30925638332851857,False,False,True,-1.392360928105179,1.9649999609329172,481.85049434795667,47,49.07408580210749,True,0.025,860.0,3.377916750271657,13356.637516742705,0.0,0.0,0.0,1373.0270791033897,0,overtaking,1.0,1.0,0.0,,,0.6666666666666666
overtaking_0005,overtaking,overtaking,give_way,no_action,No action (baseline),modelled,148.63029741487455,916.8754614653035,13.05441268903521,8.377057746489543,container_feeder,handysize_bulker,power_driven,good,2240.859628963876,11.275642943739458,-4.220345653875894,148.70064836526558,0.561700863924561,False,False,True,-9.342372457736195e-13,9.342372457736195e-13,0.0,0,0.0,True,0.43472222222222223,105.0,811.8754614653035,4292.652857073681,0.6263888888888889,0.001388888888888889,0.625,358.38191386927974,0,overtaking,0.0,0.0,0.0,,,0.0
overtaking_0005,overtaking,overtaking,give_way,rule_based,Rule-based COLREGS,modelled,148.63029741487455,916.8754614653035,13.05441268903521,8.377057746489543,container_feeder,handysize_bulker,power_driven,good,2240.859628963876,11.275642943739458,-4.220345653875894,1821.501295566057,3.0910776503525765,True,True,False,-0.5251053560672888,2.7998971393750214,1900.849745419293,58,34.99967228331227,False,0.022222222222222223,110.0,329.70920605875096,4486.755228399401,0.10694444444444444,0.10555555555555556,0.001388888888888889,3551.903104988562,0,overtaking,1.0,1.0,1.0,,,1.0
overtaking_0005,overtaking,overtaking,give_way,velocity_obstacle,Velocity obstacle,modelled,148.63029741487455,916.8754614653035,13.05441268903521,8.377057746489543,container_feeder,handysize_bulker,power_driven,good,2240.859628963876,11.275642943739458,-4.220345653875894,1078.3732552161148,1.8646573652960083,True,True,False,-1.4429560461216786,2.35985482178029,1203.1702944910728,129,41.26684932826819,False,0.1361111111111111,85.0,262.64642988559746,14570.399602108606,0.2986111111111111,0.019444444444444445,0.2791666666666667,753.0642767284609,0,overtaking,1.0,1.0,1.0,,,1.0
overtaking_0005,overtaking,overtaking,give_way,mpc,MPC,modelled,148.63029741487455,916.8754614653035,13.05441268903521,8.377057746489543,container_feeder,handysize_bulker,power_driven,good,2240.859628963876,11.275642943739458,-4.220345653875894,1339.872356402842,3.0844404329895396,True,True,False,-0.9996999674607423,2.0904315925379415,1435.0575520936027,66,31.084838714980165,False,0.041666666666666664,110.0,215.2437032593202,11156.915642917718,0.4097222222222222,0.07222222222222222,0.3375,1319.0303347389977,0,overtaking,1.0,1.0,1.0,,,1.0
overtaking_0006,overtaking,overtaking,give_way,no_action,No action (baseline),modelled,1499.93363794287,1413.497533505374,14.505714524298957,8.780895448597306,vlcc,handysize_bulker,power_driven,good,4434.250762741812,16.69039337667307,2.012665191444274,1499.9401961417038,2.7837791767163456,True,True,False,-1.4916824663895185e-12,1.4916824663895185e-12,0.0,0,0.0,False,0.016666666666666666,415.0,998.4975335053716,20166.604904374584,0.3125,0.016666666666666666,0.29583333333333334,1431.201250782265,0,overtaking,0.0,0.0,0.0,,,0.0
overtaking_0006,overtaking,overtaking,give_way,rule_based,Rule-based COLREGS,modelled,1499.93363794287,1413.497533505374,14.505714524298957,8.780895448597306,vlcc,handysize_bulker,power_driven,good,4434.250762741812,16.69039337667307,2.012665191444274,718.7232282160213,1.3338850672617355,False,True,False,-2.2296776163375225,3.033215206506318,868.5751686735831,86,36.75927487363449,True,0.1763888888888889,320.0,586.6075797560151,5008.631854919507,0.1638888888888889,0.005555555555555556,0.15833333333333333,431.6494310252653,0,overtaking,1.0,1.0,1.0,,,1.0
overtaking_0006,overtaking,overtaking,give_way,velocity_obstacle,Velocity obstacle,modelled,1499.93363794287,1413.497533505374,14.505714524298957,8.780895448597306,vlcc,handysize_bulker,power_driven,good,4434.250762741812,16.69039337667307,2.012665191444274,936.3994494423827,1.737876708599724,True,True,False,-2.8702804783519915,3.3805618666018518,648.5138564346047,79,31.686900629937526,True,0.0875,390.0,286.1771740079751,2470.9861258449973,0.11666666666666667,0.02361111111111111,0.09305555555555556,558.2707417850224,0,overtaking,1.0,1.0,1.0,,,1.0
overtaking_0006,overtaking,overtaking,give_way,mpc,MPC,modelled,1499.93363794287,1413.497533505374,14.505714524298957,8.780895448597306,vlcc,handysize_bulker,power_driven,good,4434.250762741812,16.69039337667307,2.012665191444274,1881.2062983662036,3.4913719323014747,True,True,False,-1.708294029751331,1.8135361854296423,366.7030898184502,84,13.888656721413316,False,0.001388888888888889,,,9427.994879327147,0.3763888888888889,0.3763888888888889,0.0,10773.927302638616,0,overtaking,0.0,0.0,1.0,,,0.3333333333333333
overtaking_0007,overtaking,overtaking,give_way,no_action,No action (baseline),modelled,300.28027230209665,692.3704117482005,12.911286654651922,9.911286654651922,container_feeder,coastal_tanker,power_driven,moderate,1111.3860320182982,-13.023096575992913,-0.803643818065364,300.30261868104435,1.2394145228225155,False,True,False,-9.598289660104915e-13,9.598289660104915e-13,0.0,0,0.0,True,0.18472222222222223,55.0,637.3704117482,3428.618005745705,0.6875,0.002777777777777778,0.6847222222222222,462.39287702965214,0,overtaking,0.0,0.0,0.0,,,0.0
overtaking_0007,overtaking,overtaking,give_way,rule_based,Rule-based COLREGS,modelled,300.28027230209665,692.3704117482005,12.911286654651922,9.911286654651922,container_feeder,coastal_tanker,power_driven,moderate,1111.3860320182982,-13.023096575992913,-0.803643818065364,929.3227256868141,2.0003571727959217,True,True,False,-0.40238839651300223,0.9938506362851357,618.7175029178416,54,33.865956225998325,True,0.009722222222222222,2250.0,0.0,26773.21543391898,0.49583333333333335,0.12083333333333333,0.375,2851.308191628303,0,overtaking,1.0,1.0,1.0,,,1.0
overtaking_0007,overtaking,overtaking,give_way,velocity_obstacle,Velocity obstacle,modelled,300.28027230209665,692.3704117482005,12.911286654651922,9.911286654651922,container_feeder,coastal_tanker,power_driven,moderate,1111.3860320182982,-13.023096575992913,-0.803643818065364,1075.0004045779692,2.016727615332131,True,True,False,-2.347327230069216,3.703641798465688,1075.5242373631447,95,57.480747157441286,False,0.008333333333333333,,,3764.991201688284,0.175,0.15416666666666667,0.020833333333333332,6885.152381248041,0,overtaking,1.0,1.0,1.0,,,1.0
overtaking_0007,overtaking,overtaking,give_way,mpc,MPC,modelled,300.28027230209665,692.3704117482005,12.911286654651922,9.911286654651922,container_feeder,coastal_tanker,power_driven,moderate,1111.3860320182982,-13.023096575992913,-0.803643818065364,1076.1996114415153,2.0187704510964903,True,True,False,-1.5826805787448923,2.764663506272938,830.8070694742629,74,55.73319716985433,True,0.008333333333333333,3130.0,0.0,13395.71437444146,0.30277777777777776,0.17222222222222222,0.13055555555555556,5079.299554291296,0,overtaking,1.0,1.0,1.0,,,1.0
overtaking_0008,overtaking,overtaking,give_way,no_action,No action (baseline),modelled,614.1674136676145,1557.5329412359392,15.625644186228604,10.691625609891107,container_feeder,coastal_tanker,fishing,good,4155.162729267844,-21.530241703051864,6.2090742421573815,614.2019072487223,2.042298440274342,False,True,False,1.1959375459074343e-12,-1.1959375459074343e-12,0.0,0,0.0,True,0.0763888888888889,1865.0,0.0,11685.758289764542,0.0,0.0,0.0,2041.3491902220994,0,overtaking,0.0,0.0,0.0,,,0.0
overtaking_0008,overtaking,overtaking,give_way,rule_based,Rule-based COLREGS,modelled,614.1674136676145,1557.5329412359392,15.625644186228604,10.691625609891107,container_feeder,coastal_tanker,fishing,good,4155.162729267844,-21.530241703051864,6.2090742421573815,614.2019072487223,2.042298440274342,False,True,False,-0.3020525381892271,3.215707569805505,2886.034445865132,56,34.99996479519187,True,0.05416666666666667,1885.0,0.0,7853.662666159754,0.0,0.0,0.0,611.8054857167033,0,overtaking,1.0,1.0,0.0,,,0.6666666666666666
overtaking_0008,overtaking,overtaking,give_way,velocity_obstacle,Velocity obstacle,modelled,614.1674136676145,1557.5329412359392,15.625644186228604,10.691625609891107,container_feeder,coastal_tanker,fishing,good,4155.162729267844,-21.530241703051864,6.2090742421573815,614.2019072487223,2.042298440274342,False,True,False,-0.4333213575520518,0.46636760656523496,130.23547931085534,27,13.531578255640369,True,0.07916666666666666,1855.0,0.0,8826.02483858478,0.0,0.0,0.0,2220.973024129296,0,overtaking,1.0,0.0,0.0,,,0.3333333333333333
overtaking_0008,overtaking,overtaking,give_way,mpc,MPC,modelled,614.1674136676145,1557.5329412359392,15.625644186228604,10.691625609891107,container_feeder,coastal_tanker,fishing,good,4155.162729267844,-21.530241703051864,6.2090742421573815,2379.6766003191115,7.913173937489705,True,True,False,-0.5743821992860453,3.263894930853784,2030.4545037596247,76,49.70495403022765,False,0.002777777777777778,,,9769.42147997512,0.0,0.0,0.0,9940.476866328127,0,overtaking,1.0,1.0,1.0,,,1.0
overtaking_0009,overtaking,overtaking,give_way,no_action,No action (baseline),modelled,948.5701628528969,986.423284076409,14.390656409305295,11.390656409305295,container_feeder,handysize_bulker,restricted_manoeuvrability,good,2036.307149650275,0.5708072548678721,-8.508274350896535,948.5737257777298,2.3258962581397253,True,True,False,6.834586213731458e-13,-6.834586213731458e-13,0.0,0,0.0,False,0.13055555555555556,100.0,886.4232840764097,325.699957970147,0.0,0.0,0.0,1511.090465941057,0,overtaking,0.0,0.0,0.0,,,0.0
overtaking_0009,overtaking,overtaking,give_way,rule_based,Rule-based COLREGS,modelled,948.5701628528969,986.423284076409,14.390656409305295,11.390656409305295,container_feeder,handysize_bulker,restricted_manoeuvrability,good,2036.307149650275,0.5708072548678721,-8.508274350896535,1954.1791425112244,3.2591156960184278,True,True,False,-0.3496164973345845,2.959742865102495,2399.5033892749298,56,34.99988883302724,False,0.015277777777777777,,,3012.4945506507192,0.0,0.0,0.0,4641.813845088373,0,overtaking,1.0,1.0,1.0,,,1.0
overtaking_0009,overtaking,overtaking,give_way,velocity_obstacle,Velocity obstacle,modelled,948.5701628528969,986.423284076409,14.390656409305295,11.390656409305295,container_feeder,handysize_bulker,restricted_manoeuvrability,good,2036.307149650275,0.5708072548678721,-8.508274350896535,1709.3949480102606,3.002954414244662,True,True,False,-0.17385023383671053,0.528609989468295,930.0187696536802,62,14.97288648910852,False,0.043055555555555555,85.0,297.40990017439503,2619.2376900050426,0.0,0.0,0.0,2247.9373261481865,0,overtaking,1.0,0.0,1.0,,,0.6666666666666666
overtaking_0009,overtaking,overtaking,give_way,mpc,MPC,modelled,948.5701628528969,986.423284076409,14.390656409305295,11.390656409305295,container_feeder,handysize_bulker,restricted_manoeuvrability,good,2036.307149650275,0.5708072548678721,-8.508274350896535,1958.1981065667953,3.2884633943003507,True,True,False,-0.35502457122656256,1.2659535139687164,965.3730974848802,69,37.63701730502683,False,0.006944444444444444,,,12075.027651348817,0.0,0.0,0.0,8747.479451058252,0,overtaking,1.0,1.0,1.0,,,1.0
overtaking_0010,overtaking,overtaking,give_way,no_action,No action (baseline),modelled,1316.2029717114383,1088.5446897487088,14.462914950165999,8.359896435385334,container_feeder,container_feeder,restricted_manoeuvrability,good,3720.0582437801872,-28.9084814512339,6.076102767007228,1316.211191885132,4.775693441528721,True,True,False,-1.8905222538369827e-12,1.8905222538369827e-12,0.0,0,0.0,True,0.019444444444444445,1915.0,0.0,5551.256769648418,0.0,0.0,0.0,457.5695754005376,0,overtaking,0.0,0.0,0.0,,,0.0
overtaking_0010,overtaking,overtaking,give_way,rule_based,Rule-based COLREGS,modelled,1316.2029717114383,1088.5446897487088,14.462914950165999,8.359896435385334,container_feeder,container_feeder,restricted_manoeuvrability,good,3720.0582437801872,-28.9084814512339,6.076102767007228,1316.211191885132,4.775693441528721,True,True,False,-0.3269884484136108,0.7529321444906633,549.9159612387934,52,32.39731824800703,True,0.009722222222222222,1955.0,0.0,13685.593482113996,0.0,0.0,0.0,482.5764111646182,0,overtaking,1.0,1.0,0.0,,,0.6666666666666666
overtaking_0010,overtaking,overtaking,give_way,velocity_obstacle,Velocity obstacle,modelled,1316.2029717114383,1088.5446897487088,14.462914950165999,8.359896435385334,container_feeder,container_feeder,restricted_manoeuvrability,good,3720.0582437801872,-28.9084814512339,6.076102767007228,1316.211191885132,4.775693441528721,True,True,False,-0.1839277290251742,0.20600473106547776,100.345360306013,25,10.862520201728438,True,0.015277777777777777,2015.0,0.0,14939.261212370366,0.0,0.0,0.0,1019.9967447814856,0,overtaking,1.0,0.0,0.0,,,0.3333333333333333
overtaking_0010,overtaking,overtaking,give_way,mpc,MPC,modelled,1316.2029717114383,1088.5446897487088,14.462914950165999,8.359896435385334,container_feeder,container_feeder,restricted_manoeuvrability,good,3720.0582437801872,-28.9084814512339,6.076102767007228,1316.211191885132,4.775693441528721,True,True,False,-1.908625062980413,2.1218493776716674,276.27585991349486,40,30.160305846298037,True,0.02361111111111111,1980.0,0.0,7459.994260101619,0.0,0.0,0.0,528.7430923739911,0,overtaking,1.0,1.0,0.0,,,0.6666666666666666
overtaking_0011,overtaking,overtaking,give_way,no_action,No action (baseline),modelled,39.17327287869688,1418.876503595727,8.995147228892156,5.995147228892156,container_feeder,coastal_tanker,power_driven,good,2312.561335699116,-16.129608277400386,7.942036571964653,39.21603499945516,0.1214305918258999,False,False,True,4.811020757692137e-13,-4.811020757692137e-13,0.0,0,0.0,True,0.4930555555555556,275.0,1143.876503595724,2002.8105756202162,0.09722222222222222,0.0763888888888889,0.020833333333333332,201.83100238822016,0,overtaking,0.0,0.0,0.0,,,0.0
overtaking_0011,overtaking,overtaking,give_way,rule_based,Rule-based COLREGS,modelled,39.17327287869688,1418.876503595727,8.995147228892156,5.995147228892156,container_feeder,coastal_tanker,power_driven,good,2312.561335699116,-16.129608277400386,7.942036571964653,565.7337529723496,1.7529904315741212,False,True,False,-0.7897313063614101,1.76922467903149,626.455186926542,62,35.18865503832039,True,0.1375,2085.0,0.0,12399.166411535756,0.5375,0.3138888888888889,0.22361111111111112,3095.8751000161446,0,overtaking,1.0,1.0,1.0,,,1.0
overtaking_0011,overtaking,overtaking,give_way,velocity_obstacle,Velocity obstacle,modelled,39.17327287869688,1418.876503595727,8.995147228892156,5.995147228892156,container_feeder,coastal_tanker,power_driven,good,2312.561335699116,-16.129608277400386,7.942036571964653,940.4434775150224,2.87320545381651,True,True,False,-1.1117115090665242,2.2584604452396007,1314.728037961652,115,20.001319181755676,True,0.06944444444444445,245.0,1224.4851623959757,1947.8631903611476,0.37083333333333335,0.08055555555555556,0.2902777777777778,996.2195588879529,0,overtaking,0.0,0.0,1.0,,,0.3333333333333333
overtaking_0011,overtaking,overtaking,give_way,mpc,MPC,modelled,39.17327287869688,1418.876503595727,8.995147228892156,5.995147228892156,container_feeder,coastal_tanker,power_driven,good,2312.561335699116,-16.129608277400386,7.942036571964653,1233.4141040436405,3.821873759696743,True,True,False,-1.4724905109766944,3.659352654185183,1402.8637785857234,107,38.42146579271589,True,0.020833333333333332,2885.0,0.0,7353.13696984996,0.35555555555555557,0.2375,0.11805555555555555,6086.335115477561,0,overtaking,1.0,1.0,1.0,,,1.0
overtaking_0012,overtaking,overtaking,give_way,no_action,No action (baseline),modelled,1181.0917683053676,1785.0622677248061,9.358927845514051,6.358927845514051,handysize_bulker,handysize_bulker,restricted_manoeuvrability,good,3012.1115528071755,-28.15099318974875,2.400899549597032,1181.091772260308,3.930523308620232,True,True,False,5.2545645999786e-13,-5.2545645999786e-13,0.0,0,0.0,True,0.04722222222222222,3170.0,0.0,4712.565783102029,0.0,0.0,0.0,975.8356577166545,0,overtaking,0.0,0.0,0.0,,,0.0
overtaking_0012,overtaking,overtaking,give_way,rule_based,Rule-based COLREGS,modelled,1181.0917683053676,1785.0622677248061,9.358927845514051,6.358927845514051,handysize_bulker,handysize_bulker,restricted_manoeuvrability,good,3012.1115528071755,-28.15099318974875,2.400899549597032,1181.091772260308,3.930523308620232,True,True,False,-1.3920415892298628,8.075100243852052,1569.74986208908,89,91.44402144770018,True,0.018055555555555554,3230.0,0.0,3906.020427018715,0.0,0.0,0.0,614.5447631152645,0,overtaking,1.0,1.0,0.0,,,0.6666666666666666
overtaking_0012,overtaking,overtaking,give_way,velocity_obstacle,Velocity obstacle,modelled,1181.0917683053676,1785.0622677248061,9.358927845514051,6.358927845514051,handysize_bulker,handysize_bulker,restricted_manoeuvrability,good,3012.1115528071755,-28.15099318974875,2.400899549597032,1181.091772260308,3.930523308620232,True,True,False,-0.7560159627335082,0.8239076529866413,129.25512844251386,42,14.399415892066681,True,0.05277777777777778,3200.0,0.0,4700.988048372361,0.0,0.0,0.0,586.3664444766245,0,overtaking,1.0,0.0,0.0,,,0.3333333333333333
overtaking_0012,overtaking,overtaking,give_way,mpc,MPC,modelled,1181.0917683053676,1785.0622677248061,9.358927845514051,6.358927845514051,handysize_bulker,handysize_bulker,restricted_manoeuvrability,good,3012.1115528071755,-28.15099318974875,2.400899549597032,1181.091772260308,3.930523308620232,True,True,False,-2.813023112646988,2.977869158614494,228.38692562957567,64,20.803146945021037,True,0.05138888888888889,3185.0,0.0,4498.843193753883,0.0,0.0,0.0,930.3643847133415,0,overtaking,1.0,0.0,0.0,,,0.3333333333333333
overtaking_0013,overtaking,overtaking,give_way,no_action,No action (baseline),modelled,1378.5519265455146,1597.2569629349186,15.744806435203284,13.090382244806122,container_feeder,container_feeder,not_under_command,restricted,2680.6638685259645,47.69226198549486,-3.530406969524151,1378.5557542288336,4.498453130100723,True,True,False,1.1119250306779626e-12,-1.1119250306779626e-12,0.0,0,0.0,True,0.0,,,,0.0,0.0,0.0,,0,overtaking,0.0,0.0,0.0,,,0.0
overtaking_0013,overtaking,overtaking,give_way,rule_based,Rule-based COLREGS,modelled,1378.5519265455146,1597.2569629349186,15.744806435203284,13.090382244806122,container_feeder,container_feeder,not_under_command,restricted,2680.6638685259645,47.69226198549486,-3.530406969524151,1378.5557542288336,3.841870798802329,True,True,False,-0.27436235980349494,1.5425463578838943,1390.7245050180725,54,34.94345714207341,True,0.001388888888888889,,,2976.139260689695,0.0,0.0,0.0,2291.2860697009246,0,overtaking,1.0,1.0,0.0,,,0.6666666666666666
overtaking_0013,overtaking,overtaking,give_way,velocity_obstacle,Velocity obstacle,modelled,1378.5519265455146,1597.2569629349186,15.744806435203284,13.090382244806122,container_feeder,container_feeder,not_under_command,restricted,2680.6638685259645,47.69226198549486,-3.530406969524151,1378.5557542288336,4.498453130100723,True,True,False,1.1119250306779626e-12,-1.1119250306779626e-12,0.0,0,0.0,True,0.0,,,,0.0,0.0,0.0,,0,overtaking,0.0,0.0,0.0,,,0.0
overtaking_0013,overtaking,overtaking,give_way,mpc,MPC,modelled,1378.5519265455146,1597.2569629349186,15.744806435203284,13.090382244806122,container_feeder,container_feeder,not_under_command,restricted,2680.6638685259645,47.69226198549486,-3.530406969524151,1378.5557542288336,3.7453485097484545,True,True,False,-0.17853236986138749,0.34205934940080585,375.1148345974774,36,19.196074193102366,True,0.001388888888888889,,,2159.389178244028,0.0,0.0,0.0,2823.1194678293427,0,overtaking,1.0,0.0,0.0,,,0.3333333333333333
overtaking_0014,overtaking,overtaking,give_way,no_action,No action (baseline),modelled,625.530141582929,1272.5232288032917,13.703349123267975,10.703349123267975,handysize_bulker,vlcc,power_driven,good,2501.975814600562,45.499376205808296,-10.26349327246642,625.5479116912238,1.1983147978575142,False,True,False,1.7799909271942946e-12,-1.7799909271942946e-12,0.0,0,0.0,True,0.44166666666666665,1480.0,0.0,4575.975915112004,0.4986111111111111,0.0,0.4986111111111111,130.1678295898987,0,overtaking,0.0,0.0,0.0,,,0.0
overtaking_0014,overtaking,overtaking,give_way,rule_based,Rule-based COLREGS,modelled,625.530141582929,1272.5232288032917,13.703349123267975,10.703349123267975,handysize_bulker,vlcc,power_driven,good,2501.975814600562,45.499376205808296,-10.26349327246642,625.5479116912238,0.9847365596340053,False,False,False,-0.5803021628479876,3.833945795583682,2783.253760760493,56,35.00143418668928,True,0.09444444444444444,1590.0,0.0,9524.421316491174,0.5611111111111111,0.0,0.5611111111111111,759.4334719391919,0,overtaking,1.0,1.0,0.0,,,0.6666666666666666
overtaking_0014,overtaking,overtaking,give_way,velocity_obstacle,Velocity obstacle,modelled,625.530141582929,1272.5232288032917,13.703349123267975,10.703349123267975,handysize_bulker,vlcc,power_driven,good,2501.975814600562,45.499376205808296,-10.26349327246642,355.88370103935875,0.6638029388211956,False,False,False,-6.4809457715625065,10.183864053583623,1860.2091054108434,82,63.705996017322065,True,0.03888888888888889,1630.0,14.315087377970366,8376.053091225813,0.18333333333333332,0.07777777777777778,0.10555555555555556,790.7982169052251,0,overtaking,1.0,1.0,0.0,,,0.6666666666666666
overtaking_0014,overtaking,overtaking,give_way,mpc,MPC,modelled,625.530141582929,1272.5232288032917,13.703349123267975,10.703349123267975,handysize_bulker,vlcc,power_driven,good,2501.975814600562,45.499376205808296,-10.26349327246642,433.88397396237497,0.7902732598492603,False,False,False,-4.546611422690933,4.874545551178151,401.0575951130529,62,31.857235269641457,True,0.04027777777777778,1610.0,63.91885962327721,3492.3783149994933,0.11388888888888889,0.0,0.11388888888888889,782.644224925992,0,overtaking,1.0,1.0,0.0,,,0.6666666666666666
overtaking_0015,overtaking,overtaking,give_way,no_action,No action (baseline),modelled,96.63798720269745,1669.239725405861,15.00757840140532,9.50837154443435,coastal_tanker,coastal_tanker,restricted_manoeuvrability,moderate,4952.058878648959,14.918083411220547,-8.316387722781215,96.66429428790211,0.4159907917973823,False,False,True,6.94685245195299e-13,-6.94685245195299e-13,0.0,0,0.0,True,0.18888888888888888,1135.0,534.2397254058372,3924.0270623100796,0.0,0.0,0.0,454.5378667839044,0,overtaking,0.0,0.0,0.0,,,0.0
overtaking_0015,overtaking,overtaking,give_way,rule_based,Rule-based COLREGS,modelled,96.63798720269745,1669.239725405861,15.00757840140532,9.50837154443435,coastal_tanker,coastal_tanker,restricted_manoeuvrability,moderate,4952.058878648959,14.918083411220547,-8.316387722781215,317.5846730396849,1.3659703998506902,False,True,False,-0.9797619464298064,2.258521682187687,683.8532308009532,112,34.663664234622566,True,0.09583333333333334,1225.0,430.001653911,5089.190801858991,0.0,0.0,0.0,658.546756172254,0,overtaking,1.0,1.0,1.0,,,1.0
overtaking_0015,overtaking,overtaking,give_way,velocity_obstacle,Velocity obstacle,modelled,96.63798720269745,1669.239725405861,15.00757840140532,9.50837154443435,coastal_tanker,coastal_tanker,restricted_manoeuvrability,moderate,4952.058878648959,14.918083411220547,-8.316387722781215,1595.1594457923975,5.352203014498567,True,True,False,-3.498825421182822,5.704154508560167,1353.207550205487,65,59.862034409998834,False,0.001388888888888889,,,7244.830534796212,0.0,0.0,0.0,8207.47089222687,0,overtaking,1.0,1.0,1.0,,,1.0
overtaking_0015,overtaking,overtaking,give_way,mpc,MPC,modelled,96.63798720269745,1669.239725405861,15.00757840140532,9.50837154443435,coastal_tanker,coastal_tanker,restricted_manoeuvrability,moderate,4952.058878648959,14.918083411220547,-8.316387722781215,1082.2806739857324,3.860702581298521,True,True,False,-0.3425327228484656,1.5360037619256341,1109.2531140797898,57,43.07298530563343,False,0.004166666666666667,,,3881.9358822622676,0.0,0.0,0.0,4089.90428517587,0,overtaking,1.0,1.0,1.0,,,1.0
overtaking_0016,overtaking,overtaking,give_way,no_action,No action (baseline),modelled,714.2795960949878,1730.1064703789932,9.623950502732598,6.623950502732598,handysize_bulker,coastal_tanker,power_driven,good,2911.9923437331786,-1.3920267986704713,7.394228112672124,714.2796172223323,1.8483098776550095,False,True,False,1.1241703712111114e-12,-1.1241703712111114e-12,0.0,0,0.0,False,0.1111111111111111,305.0,1425.1064703789866,322.5703470145302,0.05416666666666667,0.0,0.05416666666666667,1192.2871064686465,0,overtaking,0.0,0.0,0.0,,,0.0
overtaking_0016,overtaking,overtaking,give_way,rule_based,Rule-based COLREGS,modelled,714.2795960949878,1730.1064703789932,9.623950502732598,6.623950502732598,handysize_bulker,coastal_tanker,power_driven,good,2911.9923437331786,-1.3920267986704713,7.394228112672124,74.80853393321436,0.19365779556692825,False,False,True,-1.093822014756417,2.299616926274487,788.7199572393057,69,36.34196955278758,True,0.4777777777777778,540.0,1619.845972291333,1438.9275361419095,0.20277777777777778,0.175,0.027777777777777776,317.8330910935585,0,overtaking,1.0,1.0,1.0,,,1.0
overtaking_0016,overtaking,overtaking,give_way,velocity_obstacle,Velocity obstacle,modelled,714.2795960949878,1730.1064703789932,9.623950502732598,6.623950502732598,handysize_bulker,coastal_tanker,power_driven,good,2911.9923437331786,-1.3920267986704713,7.394228112672124,133.93843297031484,0.3466140946059463,False,False,True,-5.121510186936285,7.808079728552346,1005.6390997021756,110,67.51888013663533,True,0.36666666666666664,815.0,1912.6710895484603,2575.5777124655338,0.43472222222222223,0.425,0.009722222222222222,401.5094158504566,0,overtaking,1.0,1.0,1.0,,,1.0
overtaking_0016,overtaking,overtaking,give_way,mpc,MPC,modelled,714.2795960949878,1730.1064703789932,9.623950502732598,6.623950502732598,handysize_bulker,coastal_tanker,power_driven,good,2911.9923437331786,-1.3920267986704713,7.394228112672124,266.5338740695203,0.689703920293262,False,False,False,-2.0499562764775354,4.609545867760334,1262.8170953545477,109,60.18997258739412,True,0.2513888888888889,895.0,1540.9274356655958,1848.8246566129624,0.6805555555555556,0.4791666666666667,0.2013888888888889,707.8786779382704,0,overtaking,1.0,1.0,1.0,,,1.0
overtaking_0017,overtaking,overtaking,give_way,no_action,No action (baseline),modelled,1237.9636220183309,745.9466678537472,13.78520099863695,8.77749510701187,vlcc,container_feeder,power_driven,restricted,2317.9823842648084,41.27033434871472,-5.215897529922834,1237.9661202220084,2.0437177092228973,True,True,False,-9.560586295488504e-13,9.560586295488504e-13,0.0,0,0.0,True,0.0,,,,0.0,0.0,0.0,,0,overtaking,0.0,0.0,0.0,,,0.0
overtaking_0017,overtaking,overtaking,give_way,rule_based,Rule-based COLREGS,modelled,1237.9636220183309,745.9466678537472,13.78520099863695,8.77749510701187,vlcc,container_feeder,power_driven,restricted,2317.9823842648084,41.27033434871472,-5.215897529922834,1237.9661202220084,2.0437177092228973,True,True,False,-9.560586295488504e-13,9.560586295488504e-13,0.0,0,0.0,True,0.0,,,,0.0,0.0,0.0,,0,overtaking,0.0,0.0,0.0,,,0.0
overtaking_0017,overtaking,overtaking,give_way,velocity_obstacle,Velocity obstacle,modelled,1237.9636220183309,745.9466678537472,13.78520099863695,8.77749510701187,vlcc,container_feeder,power_driven,restricted,2317.9823842648084,41.27033434871472,-5.215897529922834,1237.9661202220084,2.0437177092228973,True,True,False,-9.560586295488504e-13,9.560586295488504e-13,0.0,0,0.0,True,0.0,,,,0.0,0.0,0.0,,0,overtaking,0.0,0.0,0.0,,,0.0
overtaking_0017,overtaking,overtaking,give_way,mpc,MPC,modelled,1237.9636220183309,745.9466678537472,13.78520099863695,8.77749510701187,vlcc,container_feeder,power_driven,restricted,2317.9823842648084,41.27033434871472,-5.215897529922834,1237.9661202220084,2.0437177092228973,True,True,False,-9.560586295488504e-13,9.560586295488504e-13,0.0,0,0.0,True,0.0,,,,0.0,0.0,0.0,,0,overtaking,0.0,0.0,0.0,,,0.0
overtaking_0018,overtaking,overtaking,give_way,no_action,No action (baseline),modelled,327.01690505283835,692.0880381989355,8.997078135493144,5.997078135493144,container_feeder,coastal_tanker,power_driven,moderate,1242.816195462588,6.393369308820153,-11.95633152659557,327.0369126296275,0.8437464167765656,False,False,False,-1.2024970602949268e-12,1.2024970602949268e-12,0.0,0,0.0,False,0.1125,60.0,632.0880381989349,225.80556951261883,0.005555555555555556,0.005555555555555556,0.0,1572.9373841138656,0,overtaking,0.0,0.0,0.0,,,0.0
overtaking_0018,overtaking,overtaking,give_way,rule_based,Rule-based COLREGS,modelled,327.01690505283835,692.0880381989355,8.997078135493144,5.997078135493144,container_feeder,coastal_tanker,power_driven,moderate,1242.816195462588,6.393369308820153,-11.95633152659557,590.3825921740408,0.984111365332229,False,False,False,-1.8349996711476753,8.022888104672068,1204.3369700939102,104,39.288213944794,False,0.05416666666666667,70.0,829.7743342820905,304.2691775316196,0.0,0.0,0.0,1330.8395017502617,0,overtaking,1.0,1.0,1.0,,,1.0
overtaking_0018,overtaking,overtaking,give_way,velocity_obstacle,Velocity obstacle,modelled,327.01690505283835,692.0880381989355,8.997078135493144,5.997078135493144,container_feeder,coastal_tanker,power_driven,moderate,1242.816195462588,6.393369308820153,-11.95633152659557,1203.9594054605163,2.2507437330932634,True,True,False,-4.156163180884262,5.896890829160859,715.6898321194265,97,61.408553611309884,False,0.008333333333333333,65.0,0.0,785.272295181177,0.08888888888888889,0.0875,0.001388888888888889,3848.633946044437,0,overtaking,1.0,1.0,1.0,,,1.0
overtaking_0018,overtaking,overtaking,give_way,mpc,MPC,modelled,327.01690505283835,692.0880381989355,8.997078135493144,5.997078135493144,container_feeder,coastal_tanker,power_driven,moderate,1242.816195462588,6.393369308820153,-11.95633152659557,1084.2430766864038,1.8557903390189758,True,True,False,-8.777384997496906,9.026248418330113,433.26367637135985,146,20.99522948049088,False,0.0625,60.0,168.98527065645905,461.5189147265051,0.13333333333333333,0.075,0.058333333333333334,1591.3462330772227,0,overtaking,1.0,0.0,1.0,,,0.6666666666666666
overtaking_0019,overtaking,overtaking,give_way,no_action,No action (baseline),modelled,854.4937735739275,1713.520713075291,12.269238249670261,9.645805741484507,handysize_bulker,coastal_tanker,power_driven,good,2637.0362433798077,-38.30979172508847,5.593448500646833,854.4964877760967,2.131611731710902,False,True,False,7.375017544539843e-13,-7.375017544539843e-13,0.0,0,0.0,True,0.10694444444444444,2345.0,0.0,3778.244044911035,0.2986111111111111,0.0,0.2986111111111111,169.38232560830582,0,overtaking,0.0,0.0,0.0,,,0.0
overtaking_0019,overtaking,overtaking,give_way,rule_based,Rule-based COLREGS,modelled,854.4937735739275,1713.520713075291,12.269238249670261,9.645805741484507,handysize_bulker,coastal_tanker,power_driven,good,2637.0362433798077,-38.30979172508847,5.593448500646833,854.4964877760967,2.129773765355227,False,True,False,-0.7804072414298128,5.984460203294643,3860.7913890860723,60,37.61192260986787,True,0.06527777777777778,2350.0,0.0,4613.170869826129,0.35555555555555557,0.0,0.35555555555555557,329.42904840040933,0,overtaking,1.0,1.0,0.0,,,0.6666666666666666
overtaking_0019,overtaking,overtaking,give_way,velocity_obstacle,Velocity obstacle,modelled,854.4937735739275,1713.520713075291,12.269238249670261,9.645805741484507,handysize_bulker,coastal_tanker,power_driven,good,2637.0362433798077,-38.30979172508847,5.593448500646833,854.4964877760967,2.1233452931686845,False,True,False,-0.5282897152305491,0.5453147122246532,76.28521440179344,26,8.273545527396006,True,0.11527777777777778,2355.0,0.0,3521.4291500049753,0.3472222222222222,0.0,0.3472222222222222,154.60970660786865,0,overtaking,1.0,0.0,0.0,,,0.3333333333333333
overtaking_0019,overtaking,overtaking,give_way,mpc,MPC,modelled,854.4937735739275,1713.520713075291,12.269238249670261,9.645805741484507,handysize_bulker,coastal_tanker,power_driven,good,2637.0362433798077,-38.30979172508847,5.593448500646833,815.7281089134873,1.249250212241166,False,True,False,-3.378992570036819,4.461944305869096,798.0279622166217,72,42.24904843597801,True,0.044444444444444446,2580.0,11.753432980928675,2461.445088759827,0.19305555555555556,0.0,0.19305555555555556,631.3462214224041,0,overtaking,0.0,1.0,0.0,,,0.3333333333333333
overtaking_0020,overtaking,overtaking,give_way,no_action,No action (baseline),modelled,850.0437435588738,1101.5217567559034,13.03932747445002,8.874329210541298,container_feeder,coastal_tanker,fishing,restricted,2573.7456896914264,8.029619408522967,5.410585542530576,850.0503687829872,2.959957012758897,False,True,False,0.0,0.0,0.0,0,0.0,False,0.002777777777777778,,,5694.932441193347,0.0,0.0,0.0,9145.038122050175,0,overtaking,0.0,0.0,0.0,,,0.0
overtaking_0020,overtaking,overtaking,give_way,rule_based,Rule-based COLREGS,modelled,850.0437435588738,1101.5217567559034,13.03932747445002,8.874329210541298,container_feeder,coastal_tanker,fishing,restricted,2573.7456896914264,8.029619408522967,5.410585542530576,850.0503687829872,2.959957012758897,False,True,False,0.0,0.0,0.0,0,0.0,False,0.0,,,,0.0,0.0,0.0,,0,overtaking,0.0,0.0,0.0,,,0.0
overtaking_0020,overtaking,overtaking,give_way,velocity_obstacle,Velocity obstacle,modelled,850.0437435588738,1101.5217567559034,13.03932747445002,8.874329210541298,container_feeder,coastal_tanker,fishing,restricted,2573.7456896914264,8.029619408522967,5.410585542530576,850.0503687829872,2.959957012758897,False,True,False,0.0,0.0,0.0,0,0.0,False,0.0,,,,0.0,0.0,0.0,,0,overtaking,0.0,0.0,0.0,,,0.0
overtaking_0020,overtaking,overtaking,give_way,mpc,MPC,modelled,850.0437435588738,1101.5217567559034,13.03932747445002,8.874329210541298,container_feeder,coastal_tanker,fishing,restricted,2573.7456896914264,8.029619408522967,5.410585542530576,850.0503687829872,2.959957012758897,False,True,False,0.0,0.0,0.0,0,0.0,False,0.0,,,,0.0,0.0,0.0,,0,overtaking,0.0,0.0,0.0,,,0.0
overtaking_0021,overtaking,overtaking,give_way,no_action,No action (baseline),modelled,26.307813715547688,831.2351612350849,10.817187130545989,7.817187130545989,container_feeder,coastal_tanker,power_driven,good,1424.8880225833168,20.568017943639443,-9.036692085620057,26.39284854092739,0.07149694330211273,False,False,True,9.092399041877338e-13,-9.092399041877338e-13,0.0,0,0.0,False,0.44166666666666665,75.0,756.2351612350853,3241.998751455664,0.7611111111111111,0.0,0.7611111111111111,387.2749053112777,0,overtaking,0.0,0.0,0.0,,,0.0
overtaking_0021,overtaking,overtaking,give_way,rule_based,Rule-based COLREGS,modelled,26.307813715547688,831.2351612350849,10.817187130545989,7.817187130545989,container_feeder,coastal_tanker,power_driven,good,1424.8880225833168,20.568017943639443,-9.036692085620057,1245.3116861929211,2.114346344159475,True,True,False,-0.9325216180484243,4.478648043140302,2185.3192553161443,79,45.5961616550033,False,0.02638888888888889,75.0,603.1135158244733,1488.391563434352,0.07777777777777778,0.07777777777777778,0.0,2435.70145479526,0,overtaking,1.0,1.0,1.0,,,1.0
overtaking_0021,overtaking,overtaking,give_way,velocity_obstacle,Velocity obstacle,modelled,26.307813715547688,831.2351612350849,10.817187130545989,7.817187130545989,container_feeder,coastal_tanker,power_driven,good,1424.8880225833168,20.568017943639443,-9.036692085620057,1039.3974063635444,1.846565943754572,True,True,False,-2.7887282988905775,3.901741575957017,827.0897651394436,114,52.53157155829372,False,0.06111111111111111,65.0,420.6720797960629,217.4511865799175,0.020833333333333332,0.0,0.020833333333333332,1906.9021815347717,0,overtaking,1.0,1.0,1.0,,,1.0
overtaking_0021,overtaking,overtaking,give_way,mpc,MPC,modelled,26.307813715547688,831.2351612350849,10.817187130545989,7.817187130545989,container_feeder,coastal_tanker,power_driven,good,1424.8880225833168,20.568017943639443,-9.036692085620057,1031.4136419572305,2.241170912710474,True,True,False,-8.131363205810452,8.362015077727323,418.10247054741416,161,14.40682404672874,False,0.12777777777777777,125.0,0.0,256.06668990622376,0.06944444444444445,0.016666666666666666,0.05277777777777778,1197.7758620613924,0,overtaking,1.0,0.0,1.0,,,0.6666666666666666
overtaking_0022,overtaking,overtaking,give_way,no_action,No action (baseline),modelled,1081.1681013321747,1301.8837409454939,15.677823229272551,12.677823229272551,handysize_bulker,container_feeder,power_driven,good,2528.4974778368246,-50.65434460806377,6.6156634194485235,1081.173159672711,2.3883692646449055,True,True,False,8.406435116709639e-13,-8.406435116709639e-13,0.0,0,0.0,True,0.1361111111111111,1840.0,0.0,4931.399945536483,0.2263888888888889,0.0,0.2263888888888889,249.20608557676283,0,overtaking,0.0,0.0,0.0,,,0.0
overtaking_0022,overtaking,overtaking,give_way,rule_based,Rule-based COLREGS,modelled,1081.1681013321747,1301.8837409454939,15.677823229272551,12.677823229272551,handysize_bulker,container_feeder,power_driven,good,2528.4974778368246,-50.65434460806377,6.6156634194485235,1081.173159672711,2.3981952957938257,True,True,False,-0.8071761775493822,4.497741482802058,3697.3494330628187,83,34.999998980574226,True,0.08472222222222223,1865.0,0.0,6908.122246382145,0.49722222222222223,0.0,0.49722222222222223,524.375081645537,0,overtaking,1.0,1.0,0.0,,,0.6666666666666666
overtaking_0022,overtaking,overtaking,give_way,velocity_obstacle,Velocity obstacle,modelled,1081.1681013321747,1301.8837409454939,15.677823229272551,12.677823229272551,handysize_bulker,container_feeder,power_driven,good,2528.4974778368246,-50.65434460806377,6.6156634194485235,1081.173159672711,2.4000467824102887,True,True,False,-0.8467719372218006,0.9432065606399238,239.37851425660656,38,19.16148201553585,True,0.16666666666666666,1870.0,0.0,4704.565190318798,0.3111111111111111,0.0,0.3111111111111111,227.1040379326776,0,overtaking,1.0,0.0,0.0,,,0.3333333333333333
overtaking_0022,overtaking,overtaking,give_way,mpc,MPC,modelled,1081.1681013321747,1301.8837409454939,15.677823229272551,12.677823229272551,handysize_bulker,container_feeder,power_driven,good,2528.4974778368246,-50.65434460806377,6.6156634194485235,1081.173159672711,2.384108648920604,True,True,False,-0.524753266650843,0.5464601301542494,105.50834199893183,27,10.264256689173282,True,0.14583333333333334,1865.0,0.0,4811.414570266788,0.2638888888888889,0.0,0.2638888888888889,247.73005708378676,0,overtaking,1.0,0.0,0.0,,,0.3333333333333333
overtaking_0023,overtaking,overtaking,give_way,no_action,No action (baseline),modelled,1411.934056354351,1119.4592979967083,15.47396116596164,9.809069111440081,vlcc,container_feeder,restricted_manoeuvrability,good,3575.4206459184693,17.933764412184953,3.0940174057068646,1411.9349477679507,2.535231066302374,True,True,False,1.4619050412977138e-12,-1.4619050412977138e-12,0.0,0,0.0,False,0.005555555555555556,,,4841.5898421837965,0.0,0.0,0.0,7656.374127211651,0,overtaking,0.0,0.0,0.0,,,0.0
overtaking_0023,overtaking,overtaking,give_way,rule_based,Rule-based COLREGS,modelled,1411.934056354351,1119.4592979967083,15.47396116596164,9.809069111440081,vlcc,container_feeder,restricted_manoeuvrability,good,3575.4206459184693,17.933764412184953,3.0940174057068646,421.9154970089826,0.7575142833624326,False,False,False,-1.8634849517115613,2.920385205479567,1113.4371855056702,82,38.00947858108691,True,0.23194444444444445,285.0,390.25035647896914,8982.870075772349,0.0,0.0,0.0,339.35868867983737,0,overtaking,1.0,1.0,1.0,,,1.0
overtaking_0023,overtaking,overtaking,give_way,velocity_obstacle,Velocity obstacle,modelled,1411.934056354351,1119.4592979967083,15.47396116596164,9.809069111440081,vlcc,container_feeder,restricted_manoeuvrability,good,3575.4206459184693,17.933764412184953,3.0940174057068646,218.85940914414684,0.39284451432512246,False,False,True,-2.5050362962699784,5.071187287063273,1826.4094706969815,108,56.64587024829185,True,0.3055555555555556,620.0,1047.5776302147558,2911.9895662908016,0.0,0.0,0.0,386.74717443944104,0,overtaking,1.0,1.0,1.0,,,1.0
overtaking_0023,overtaking,overtaking,give_way,mpc,MPC,modelled,1411.934056354351,1119.4592979967083,15.47396116596164,9.809069111440081,vlcc,container_feeder,restricted_manoeuvrability,good,3575.4206459184693,17.933764412184953,3.0940174057068646,1596.6039283519735,2.866800558953457,True,True,False,-0.7170700065559582,0.7607411573734908,177.34571146237508,40,10.920151185663627,False,0.001388888888888889,,,9819.873014474704,0.0,0.0,0.0,11158.056174033982,0,overtaking,0.0,0.0,1.0,,,0.3333333333333333
overtaking_0024,overtaking,overtaking,give_way,no_action,No action (baseline),modelled,112.93285439733958,1648.4092685312105,13.65429655112963,10.65429655112963,handysize_bulker,vlcc,power_driven,good,2547.523778081206,-3.9414480200445015,0.39451021017791277,112.95955642194178,0.39112252209820125,False,False,True,8.067547333345487e-13,-8.067547333345487e-13,0.0,0,0.0,True,0.9180555555555555,120.0,1528.4092685312096,1622.628592379444,0.5402777777777777,0.011111111111111112,0.5291666666666667,117.87068716193635,0,overtaking,0.0,0.0,0.0,,,0.0
overtaking_0024,overtaking,overtaking,give_way,rule_based,Rule-based COLREGS,modelled,112.93285439733958,1648.4092685312105,13.65429655112963,10.65429655112963,handysize_bulker,vlcc,power_driven,good,2547.523778081206,-3.9414480200445015,0.39451021017791277,1415.776172269816,3.543899917540902,True,True,False,-1.495309564110066,4.183972123555127,1329.3804565423686,80,73.72409233576367,False,0.015277777777777777,,,16482.908869111012,0.4666666666666667,0.4666666666666667,0.0,8236.350321758908,0,overtaking,1.0,1.0,1.0,,,1.0
overtaking_0024,overtaking,overtaking,give_way,velocity_obstacle,Velocity obstacle,modelled,112.93285439733958,1648.4092685312105,13.65429655112963,10.65429655112963,handysize_bulker,vlcc,power_driven,good,2547.523778081206,-3.9414480200445015,0.39451021017791277,1409.7390872062138,3.4838721788794405,True,True,False,-0.4815215505704919,0.8476317888048704,1302.4224991670465,86,17.442565410689657,True,0.15138888888888888,110.0,348.55068199050044,754.7802179443214,0.07083333333333333,0.05555555555555555,0.013888888888888888,1694.0601885276242,0,overtaking,1.0,0.0,1.0,,,0.6666666666666666
overtaking_0024,overtaking,overtaking,give_way,mpc,MPC,modelled,112.93285439733958,1648.4092685312105,13.65429655112963,10.65429655112963,handysize_bulker,vlcc,power_driven,good,2547.523778081206,-3.9414480200445015,0.39451021017791277,1335.866329748212,3.5443782251626303,True,True,False,-1.1454458513975254,2.1895849590627106,1236.819855430607,94,35.01539309754475,True,0.0125,,,8192.880101453262,0.43472222222222223,0.3736111111111111,0.06111111111111111,8906.846054583217,0,overtaking,1.0,1.0,1.0,,,1.0
overtaking_0025,overtaking,overtaking,give_way,no_action,No action (baseline),modelled,1059.7018632169309,795.0278600573697,13.702681039420288,8.709431424801782,vlcc,handysize_bulker,power_driven,moderate,2301.219882272403,-28.40730065566781,0.5666649136715165,1059.701865634605,2.003145409611058,True,True,False,1.3924801456018258e-12,-1.3924801456018258e-12,0.0,0,0.0,True,0.009722222222222222,1825.0,0.0,6058.829461465954,0.11666666666666667,0.0,0.11666666666666667,636.1431889222912,0,overtaking,0.0,0.0,0.0,,,0.0
overtaking_0025,overtaking,overtaking,give_way,rule_based,Rule-based COLREGS,modelled,1059.7018632169309,795.0278600573697,13.702681039420288,8.709431424801782,vlcc,handysize_bulker,power_driven,moderate,2301.219882272403,-28.40730065566781,0.5666649136715165,1059.701865634605,2.003145409611058,True,True,False,-2.4746447104933003,3.308877897824733,852.6891440296178,89,36.72848162008575,True,0.016666666666666666,1740.0,0.0,6979.212239611488,0.525,0.0,0.525,861.1706523918937,0,overtaking,1.0,1.0,0.0,,,0.6666666666666666
overtaking_0025,overtaking,overtaking,give_way,velocity_obstacle,Velocity obstacle,modelled,1059.7018632169309,795.0278600573697,13.702681039420288,8.709431424801782,vlcc,handysize_bulker,power_driven,moderate,2301.219882272403,-28.40730065566781,0.5666649136715165,1059.701865634605,2.003145409611058,True,True,False,-1.130062083397114,1.4351512798103165,513.9297970143202,69,22.234667604944654,True,0.011111111111111112,1845.0,0.0,22835.281001405914,0.5111111111111111,0.0,0.5111111111111111,851.0623347032379,0,overtaking,1.0,0.0,0.0,,,0.3333333333333333
overtaking_0025,overtaking,overtaking,give_way,mpc,MPC,modelled,1059.7018632169309,795.0278600573697,13.702681039420288,8.709431424801782,vlcc,handysize_bulker,power_driven,moderate,2301.219882272403,-28.40730065566781,0.5666649136715165,1059.701865634605,2.003145409611058,True,True,False,-2.7094406635629773,3.0029721362575983,455.95474566654684,73,24.634940104720513,True,0.016666666666666666,2035.0,0.0,18160.067108402378,0.5375,0.0,0.5375,790.2037886406366,0,overtaking,0.0,0.0,0.0,,,0.0
overtaking_0026,overtaking,overtaking,give_way,no_action,No action (baseline),modelled,546.1260614596864,1360.992820132712,14.024976089381008,10.757399273185293,coastal_tanker,container_feeder,power_driven,good,2869.812425282176,-19.612123017995604,10.971092274593463,546.1299286237082,1.7056304272360043,False,True,False,1.2482762371151157e-12,-1.2482762371151157e-12,0.0,0,0.0,False,0.19444444444444445,165.0,1195.9928201327118,166.38877021632032,0.14305555555555555,0.14305555555555555,0.0,928.2827344258801,0,overtaking,0.0,0.0,0.0,,,0.0
overtaking_0026,overtaking,overtaking,give_way,rule_based,Rule-based COLREGS,modelled,546.1260614596864,1360.992820132712,14.024976089381008,10.757399273185293,coastal_tanker,container_feeder,power_driven,good,2869.812425282176,-19.612123017995604,10.971092274593463,594.1526305556671,1.8555781043361317,False,True,False,-0.18342473356883024,1.9139726828022134,1617.9163073142668,52,34.991854371650476,True,0.2152777777777778,2150.0,0.0,5167.97518379048,0.49444444444444446,0.2986111111111111,0.19583333333333333,3629.387020293113,0,overtaking,1.0,1.0,1.0,,,1.0
overtaking_0026,overtaking,overtaking,give_way,velocity_obstacle,Velocity obstacle,modelled,546.1260614596864,1360.992820132712,14.024976089381008,10.757399273185293,coastal_tanker,container_feeder,power_driven,good,2869.812425282176,-19.612123017995604,10.971092274593463,405.4062722799397,1.2661436167260323,False,True,False,-0.21263597033755643,1.7644388006692846,1375.7487940918134,88,39.475736067041126,True,0.2361111111111111,2010.0,0.0,4338.567794501757,0.43472222222222223,0.34305555555555556,0.09166666666666666,2363.445044314837,0,overtaking,1.0,1.0,1.0,,,1.0
overtaking_0026,overtaking,overtaking,give_way,mpc,MPC,modelled,546.1260614596864,1360.992820132712,14.024976089381008,10.757399273185293,coastal_tanker,container_feeder,power_driven,good,2869.812425282176,-19.612123017995604,10.971092274593463,221.57795442457228,0.6921840548543161,False,False,False,-1.8253320437948608,3.218131124722832,1385.0333312864573,89,29.980889128073606,True,0.2611111111111111,340.0,542.8783854636196,2635.407837841223,0.3888888888888889,0.35555555555555557,0.03333333333333333,691.2011520190365,0,overtaking,1.0,0.0,1.0,,,0.6666666666666666
overtaking_0027,overtaking,overtaking,give_way,no_action,No action (baseline),modelled,340.1618148627082,735.4261719932914,15.882179822440332,11.259590409764115,handysize_bulker,container_feeder,power_driven,good,1838.5245450065663,22.855937885093326,-5.139733522786815,340.16342620105075,0.9755128383665477,False,False,False,-8.422123970486677e-13,8.422123970486677e-13,0.0,0,0.0,True,0.21944444444444444,95.0,640.4261719932906,5357.491639476883,0.6694444444444444,0.0,0.6694444444444444,540.3057337635233,0,overtaking,0.0,0.0,0.0,,,0.0
overtaking_0027,overtaking,overtaking,give_way,rule_based,Rule-based COLREGS,modelled,340.1618148627082,735.4261719932914,15.882179822440332,11.259590409764115,handysize_bulker,container_feeder,power_driven,good,1838.5245450065663,22.855937885093326,-5.139733522786815,1410.7796209171959,1.9642892012433686,True,True,False,-0.6514045403988679,4.49552457546181,3755.011375061282,57,34.99999999643634,False,0.034722222222222224,80.0,547.6926942438116,1600.4356032216442,0.0,0.0,0.0,2317.106968300043,0,overtaking,1.0,1.0,1.0,,,1.0
overtaking_0027,overtaking,overtaking,give_way,velocity_obstacle,Velocity obstacle,modelled,340.1618148627082,735.4261719932914,15.882179822440332,11.259590409764115,handysize_bulker,container_feeder,power_driven,good,1838.5245450065663,22.855937885093326,-5.139733522786815,1330.2501176018782,1.9937925529282159,True,True,False,-1.481766032610268,2.3766280037533782,1600.0856937839255,96,33.38933233716934,False,0.06388888888888888,75.0,141.33868281874956,757.1092584206367,0.08333333333333333,0.030555555555555555,0.05277777777777778,1976.753056498454,0,overtaking,1.0,1.0,1.0,,,1.0
overtaking_0027,overtaking,overtaking,give_way,mpc,MPC,modelled,340.1618148627082,735.4261719932914,15.882179822440332,11.259590409764115,handysize_bulker,container_feeder,power_driven,good,1838.5245450065663,22.855937885093326,-5.139733522786815,647.5106300888019,1.856837218958525,False,True,False,-2.0774235360826263,2.2925305815844936,459.9345109223007,77,27.643672194217544,True,0.13194444444444445,1380.0,0.0,7537.559971985465,0.32083333333333336,0.2111111111111111,0.10972222222222222,1672.0330973787768,0,overtaking,0.0,0.0,1.0,,,0.3333333333333333
overtaking_0028,overtaking,overtaking,give_way,no_action,No action (baseline),modelled,1066.835905002545,719.6158423242149,15.570795328782003,10.025404104384307,vlcc,vlcc,power_driven,moderate,2313.9032161859295,26.575964836627197,0.4864022040718954,1066.836468110186,2.0175214777730233,True,True,False,-8.337886239510843e-13,8.337886239510843e-13,0.0,0,0.0,True,0.034722222222222224,1605.0,0.0,8268.45374416762,0.016666666666666666,0.0,0.016666666666666666,884.1758023406807,0,overtaking,0.0,0.0,0.0,,,0.0
overtaking_0028,overtaking,overtaking,give_way,rule_based,Rule-based COLREGS,modelled,1066.835905002545,719.6158423242149,15.570795328782003,10.025404104384307,vlcc,vlcc,power_driven,moderate,2313.9032161859295,26.575964836627197,0.4864022040718954,1066.836468110186,2.0175214777730233,True,True,False,-1.157199992746577,1.2291542255706427,229.46691258839812,46,14.006867064018177,True,0.04027777777777778,1555.0,0.0,94446.08390260075,0.5236111111111111,0.15416666666666667,0.36944444444444446,2176.6857799301933,0,overtaking,1.0,0.0,0.0,,,0.3333333333333333
overtaking_0028,overtaking,overtaking,give_way,velocity_obstacle,Velocity obstacle,modelled,1066.835905002545,719.6158423242149,15.570795328782003,10.025404104384307,vlcc,vlcc,power_driven,moderate,2313.9032161859295,26.575964836627197,0.4864022040718954,1252.3690733918347,1.1147701406215729,True,True,False,-1.9822068093880891,3.532440410984898,2377.3224633139644,112,29.926708726529125,True,0.11527777777777778,115.0,702.2329093910596,22315.611221722473,0.5319444444444444,0.009722222222222222,0.5222222222222223,730.9519465036919,0,overtaking,1.0,0.0,1.0,,,0.6666666666666666
overtaking_0028,overtaking,overtaking,give_way,mpc,MPC,modelled,1066.835905002545,719.6158423242149,15.570795328782003,10.025404104384307,vlcc,vlcc,power_driven,moderate,2313.9032161859295,26.575964836627197,0.4864022040718954,1396.2645055743656,1.5616274603808904,True,True,False,-7.065170585824861,8.622953345883506,2501.783810931551,173,36.113277686926196,True,0.09444444444444444,155.0,0.0,10334.986202510116,0.3277777777777778,0.030555555555555555,0.2972222222222222,817.3050289866954,0,overtaking,1.0,1.0,1.0,,,1.0
overtaking_0029,overtaking,overtaking,give_way,no_action,No action (baseline),modelled,1235.920107891544,1524.1307771977738,9.009701845719398,6.009701845719398,container_feeder,coastal_tanker,power_driven,restricted,2657.5422310150616,26.82654558553247,0.44317258797010695,1235.920836203419,5.142393079296027,True,True,False,1.0261486181300718e-12,-1.0261486181300718e-12,0.0,0,0.0,True,0.0,,,,0.0,0.0,0.0,,0,overtaking,0.0,0.0,0.0,,,0.0
overtaking_0029,overtaking,overtaking,give_way,rule_based,Rule-based COLREGS,modelled,1235.920107891544,1524.1307771977738,9.009701845719398,6.009701845719398,container_feeder,coastal_tanker,power_driven,restricted,2657.5422310150616,26.82654558553247,0.44317258797010695,1235.920836203419,5.142393079296027,True,True,False,1.0261486181300718e-12,-1.0261486181300718e-12,0.0,0,0.0,True,0.0,,,,0.0,0.0,0.0,,0,overtaking,0.0,0.0,0.0,,,0.0
overtaking_0029,overtaking,overtaking,give_way,velocity_obstacle,Velocity obstacle,modelled,1235.920107891544,1524.1307771977738,9.009701845719398,6.009701845719398,container_feeder,coastal_tanker,power_driven,restricted,2657.5422310150616,26.82654558553247,0.44317258797010695,1235.920836203419,5.142393079296027,True,True,False,1.0261486181300718e-12,-1.0261486181300718e-12,0.0,0,0.0,True,0.0,,,,0.0,0.0,0.0,,0,overtaking,0.0,0.0,0.0,,,0.0
overtaking_0029,overtaking,overtaking,give_way,mpc,MPC,modelled,1235.920107891544,1524.1307771977738,9.009701845719398,6.009701845719398,container_feeder,coastal_tanker,power_driven,restricted,2657.5422310150616,26.82654558553247,0.44317258797010695,1235.920836203419,5.142393079296027,True,True,False,1.0261486181300718e-12,-1.0261486181300718e-12,0.0,0,0.0,True,0.0,,,,0.0,0.0,0.0,,0,overtaking,0.0,0.0,0.0,,,0.0
overtaking_0030,overtaking,overtaking,give_way,no_action,No action (baseline),modelled,63.704193894990766,933.6356719300513,14.650255505600416,9.314172717567297,coastal_tanker,handysize_bulker,power_driven,moderate,2725.2946316600787,-14.301603060803508,9.450685576319565,63.82848808303821,0.2597562629338293,False,False,True,-1.356122747246638e-12,1.356122747246638e-12,0.0,0,0.0,True,0.30694444444444446,215.0,718.6356719300478,5478.992868089572,0.029166666666666667,0.020833333333333332,0.008333333333333333,597.0042618776569,0,overtaking,0.0,0.0,0.0,,,0.0
overtaking_0030,overtaking,overtaking,give_way,rule_based,Rule-based COLREGS,modelled,63.704193894990766,933.6356719300513,14.650255505600416,9.314172717567297,coastal_tanker,handysize_bulker,power_driven,moderate,2725.2946316600787,-14.301603060803508,9.450685576319565,909.9835676297599,3.7080688494347442,False,True,False,-0.19114346012422784,1.2465017446895643,1105.6637703040249,50,34.85451201530269,True,0.044444444444444446,1525.0,0.0,56543.92918560713,0.2638888888888889,0.15,0.11388888888888889,2142.444264089057,0,overtaking,1.0,1.0,1.0,,,1.0
overtaking_0030,overtaking,overtaking,give_way,velocity_obstacle,Velocity obstacle,modelled,63.704193894990766,933.6356719300513,14.650255505600416,9.314172717567297,coastal_tanker,handysize_bulker,power_driven,moderate,2725.2946316600787,-14.301603060803508,9.450685576319565,731.8441346717507,2.982233305389749,False,True,False,-4.729148599712975,7.3534805199988265,1383.9587284343345,86,59.961081698908224,True,0.06944444444444445,2000.0,0.0,6838.873304822496,0.5791666666666667,0.2569444444444444,0.32222222222222224,3159.0485445246372,0,overtaking,1.0,1.0,1.0,,,1.0
overtaking_0030,overtaking,overtaking,give_way,mpc,MPC,modelled,63.704193894990766,933.6356719300513,14.650255505600416,9.314172717567297,coastal_tanker,handysize_bulker,power_driven,moderate,2725.2946316600787,-14.301603060803508,9.450685576319565,872.2894961590811,3.5545084260922617,False,True,False,-0.0496139535194647,0.6124446353336478,1018.4145793716194,49,19.989202029531302,True,0.058333333333333334,1420.0,0.0,57725.19380740181,0.4583333333333333,0.1986111111111111,0.25972222222222224,1876.9012427040575,0,overtaking,1.0,0.0,1.0,,,0.6666666666666666
overtaking_0031,overtaking,overtaking,give_way,no_action,No action (baseline),modelled,526.7155196408924,1435.435827403616,12.304260946435544,9.304260946435544,vlcc,coastal_tanker,power_driven,moderate,2409.0264469499616,29.516442095331296,-5.703846390429548,526.7160032165652,0.7488218448458827,False,False,False,1.1830388663572156e-12,-1.1830388663572156e-12,0.0,0,0.0,True,0.09722222222222222,1800.0,0.0,4108.024547021526,0.30833333333333335,0.0,0.30833333333333335,344.0524463206458,0,overtaking,0.0,0.0,0.0,,,0.0
overtaking_0031,overtaking,overtaking,give_way,rule_based,Rule-based COLREGS,modelled,526.7155196408924,1435.435827403616,12.304260946435544,9.304260946435544,vlcc,coastal_tanker,power_driven,moderate,2409.0264469499616,29.516442095331296,-5.703846390429548,526.7160032165652,0.5502779377598419,False,False,False,-2.45120055158704,7.265925633841062,3602.965375607523,98,38.97288908563684,True,0.0625,1805.0,0.0,5802.494117126915,0.4236111111111111,0.0,0.4236111111111111,488.1847143876452,0,overtaking,1.0,1.0,0.0,,,0.6666666666666666
overtaking_0031,overtaking,overtaking,give_way,velocity_obstacle,Velocity obstacle,modelled,526.7155196408924,1435.435827403616,12.304260946435544,9.304260946435544,vlcc,coastal_tanker,power_driven,moderate,2409.0264469499616,29.516442095331296,-5.703846390429548,287.7639809688478,0.2658907015202026,False,False,False,-14.015344276054286,19.9119535834133,2771.6792242480915,185,65.30367608805999,True,0.043055555555555555,1805.0,351.62596820417036,4002.536526120966,0.35555555555555557,0.18472222222222223,0.17083333333333334,496.56437253282223,0,overtaking,1.0,1.0,0.0,,,0.6666666666666666
overtaking_0031,overtaking,overtaking,give_way,mpc,MPC,modelled,526.7155196408924,1435.435827403616,12.304260946435544,9.304260946435544,vlcc,coastal_tanker,power_driven,moderate,2409.0264469499616,29.516442095331296,-5.703846390429548,237.41121334746612,0.28973155060343875,False,False,False,-7.577116705589897,7.806466737846066,428.57329981719835,86,20.747893292876768,True,0.13194444444444445,1805.0,0.0,2700.8177449851596,0.075,0.0,0.075,381.6733677743178,0,overtaking,1.0,0.0,0.0,,,0.3333333333333333
overtaking_0032,overtaking,overtaking,give_way,no_action,No action (baseline),modelled,707.0927545243145,1421.042632321688,11.315196819078182,8.150337465890445,container_feeder,coastal_tanker,power_driven,good,2567.2105966649856,33.13265001900488,-7.013376829822518,707.0950729886998,2.14913407835922,False,True,False,-1.2169108223557674e-13,1.2169108223557674e-13,0.0,0,0.0,True,0.09305555555555556,1900.0,0.0,4623.877639224081,0.25833333333333336,0.0,0.25833333333333336,332.6802193373478,0,overtaking,0.0,0.0,0.0,,,0.0
overtaking_0032,overtaking,overtaking,give_way,rule_based,Rule-based COLREGS,modelled,707.0927545243145,1421.042632321688,11.315196819078182,8.150337465890445,container_feeder,coastal_tanker,power_driven,good,2567.2105966649856,33.13265001900488,-7.013376829822518,707.0950729886998,1.7706736532942282,False,True,False,-0.5095133287986565,1.494051678966747,801.5021987352526,56,34.88520462049572,True,0.07916666666666666,2085.0,0.0,7041.28536268873,0.25416666666666665,0.0,0.25416666666666665,208.08276419783772,0,overtaking,1.0,1.0,0.0,,,0.6666666666666666
overtaking_0032,overtaking,overtaking,give_way,velocity_obstacle,Velocity obstacle,modelled,707.0927545243145,1421.042632321688,11.315196819078182,8.150337465890445,container_feeder,coastal_tanker,power_driven,good,2567.2105966649856,33.13265001900488,-7.013376829822518,619.2974892704218,1.2041843228808466,False,True,False,-9.670943365242858,14.087480891764095,2027.5250436319131,148,61.63030845285346,True,0.08055555555555556,2110.0,0.0,4115.043575598001,0.16944444444444445,0.0,0.16944444444444445,455.622838299947,0,overtaking,1.0,1.0,0.0,,,0.6666666666666666
overtaking_0032,overtaking,overtaking,give_way,mpc,MPC,modelled,707.0927545243145,1421.042632321688,11.315196819078182,8.150337465890445,container_feeder,coastal_tanker,power_driven,good,2567.2105966649856,33.13265001900488,-7.013376829822518,707.0950729886998,2.1390298794618303,False,True,False,-0.8025045615480177,0.820939766191318,70.97984357629069,27,9.241394552104676,True,0.12361111111111112,1895.0,0.0,4031.317199933681,0.20416666666666666,0.0,0.20416666666666666,248.31247407957926,0,overtaking,0.0,0.0,0.0,,,0.0
overtaking_0033,overtaking,overtaking,give_way,no_action,No action (baseline),modelled,55.805878434301846,1454.3708160890974,10.869791830778114,7.869791830778114,vlcc,vlcc,power_driven,moderate,2344.3541402607193,-12.79030977626678,5.585657349879774,55.81508842955279,0.08363133051746016,False,False,True,-9.77226777728521e-13,9.77226777728521e-13,0.0,0,0.0,True,0.7236111111111111,140.0,1314.3708160890942,1955.1652048716448,0.02638888888888889,0.02361111111111111,0.002777777777777778,212.77204583705375,0,overtaking,0.0,0.0,0.0,,,0.0
overtaking_0033,overtaking,overtaking,give_way,rule_based,Rule-based COLREGS,modelled,55.805878434301846,1454.3708160890974,10.869791830778114,7.869791830778114,vlcc,vlcc,power_driven,moderate,2344.3541402607193,-12.79030977626678,5.585657349879774,843.5269084716173,1.2634296711493391,False,True,False,-2.960821071756705,4.726404030251604,1229.7692828619129,111,39.529147131275174,True,0.16527777777777777,2775.0,0.0,2832.3963772537827,0.5819444444444445,0.3541666666666667,0.22777777777777777,3281.500990949658,0,overtaking,1.0,1.0,1.0,,,1.0
overtaking_0033,overtaking,overtaking,give_way,velocity_obstacle,Velocity obstacle,modelled,55.805878434301846,1454.3708160890974,10.869791830778114,7.869791830778114,vlcc,vlcc,power_driven,moderate,2344.3541402607193,-12.79030977626678,5.585657349879774,1239.9544617173149,1.748472756596043,True,True,False,-0.9593972059425354,1.6807195850565673,1428.995498915522,55,16.9044981563814,True,0.19166666666666668,135.0,2012.7153823885894,1799.4183017183361,0.325,0.09305555555555556,0.23194444444444445,931.087377333615,0,overtaking,1.0,0.0,1.0,,,0.6666666666666666
overtaking_0033,overtaking,overtaking,give_way,mpc,MPC,modelled,55.805878434301846,1454.3708160890974,10.869791830778114,7.869791830778114,vlcc,vlcc,power_driven,moderate,2344.3541402607193,-12.79030977626678,5.585657349879774,1173.8657408479623,1.6601904978731352,True,True,False,-10.001406804654309,11.173616715923815,1857.6116573985712,238,22.179205011346497,False,0.1527777777777778,140.0,2488.2674529695655,592.984096055141,0.16944444444444445,0.16666666666666666,0.002777777777777778,1322.1626774681722,0,overtaking,1.0,0.0,1.0,,,0.6666666666666666
overtaking_0034,overtaking,overtaking,give_way,no_action,No action (baseline),modelled,1041.7244371275463,1259.865241057336,15.430372891577973,9.956129227475156,container_feeder,vlcc,power_driven,good,3775.378006346952,-25.709843960215636,5.4328983834696665,1041.7245094400498,3.7254690663889503,True,True,False,1.2748127682029871e-12,-1.2748127682029871e-12,0.0,0,0.0,True,0.24722222222222223,1740.0,0.0,7232.542679629184,0.6986111111111111,0.2708333333333333,0.42777777777777776,2258.8485465532417,0,overtaking,0.0,0.0,0.0,,,0.0
overtaking_0034,overtaking,overtaking,give_way,rule_based,Rule-based COLREGS,modelled,1041.7244371275463,1259.865241057336,15.430372891577973,9.956129227475156,container_feeder,vlcc,power_driven,good,3775.378006346952,-25.709843960215636,5.4328983834696665,3551.174082884427,9.443535276558192,True,True,False,-0.2846271527586464,3.036027397841036,2705.2329443641875,54,34.999928604954356,False,0.016666666666666666,3460.0,0.0,5617.620800830453,0.11944444444444445,0.03888888888888889,0.08055555555555556,7561.328378257486,0,overtaking,1.0,1.0,1.0,,,1.0
overtaking_0034,overtaking,overtaking,give_way,velocity_obstacle,Velocity obstacle,modelled,1041.7244371275463,1259.865241057336,15.430372891577973,9.956129227475156,container_feeder,vlcc,power_driven,good,3775.378006346952,-25.709843960215636,5.4328983834696665,1932.0400243033453,6.9094313857675065,True,True,False,-0.06901386643500236,0.46359457399287723,925.8041900285053,47,16.74516576421016,True,0.10277777777777777,2290.0,0.0,20442.655829567484,0.5722222222222222,0.23055555555555557,0.3416666666666667,4098.697304282055,0,overtaking,1.0,0.0,1.0,,,0.6666666666666666
overtaking_0034,overtaking,overtaking,give_way,mpc,MPC,modelled,1041.7244371275463,1259.865241057336,15.430372891577973,9.956129227475156,container_feeder,vlcc,power_driven,good,3775.378006346952,-25.709843960215636,5.4328983834696665,1226.2916271534496,4.385493665480704,True,True,False,-0.06497248998241648,0.10142940741788646,192.18044504586499,36,9.008587606603923,True,0.19444444444444445,1860.0,0.0,7178.579789613566,0.7444444444444445,0.2625,0.48194444444444445,2688.5203740216566,0,overtaking,1.0,0.0,1.0,,,0.6666666666666666
overtaking_0035,overtaking,overtaking,give_way,no_action,No action (baseline),modelled,1383.2419317205877,963.8415894540104,12.412689644268678,9.412689644268678,container_feeder,vlcc,power_driven,good,2080.2142911445517,-56.22598474689488,4.796455253833688,1383.2431921269801,4.590998231009795,True,True,False,-1.0459257729853622e-12,1.0459257729853622e-12,0.0,0,0.0,True,0.28888888888888886,2035.0,0.0,5872.576301601507,0.4625,0.0,0.4625,265.27688732883047,0,overtaking,0.0,0.0,0.0,,,0.0
overtaking_0035,overtaking,overtaking,give_way,rule_based,Rule-based COLREGS,modelled,1383.2419317205877,963.8415894540104,12.412689644268678,9.412689644268678,container_feeder,vlcc,power_driven,good,2080.2142911445517,-56.22598474689488,4.796455253833688,1383.2431921269801,4.590998231009795,True,True,False,-0.4873326767469136,3.2597092255474487,2163.2873533973416,57,36.326437065189936,True,0.1388888888888889,2030.0,0.0,7636.964235131657,0.4444444444444444,0.0,0.4444444444444444,503.65890636164795,0,overtaking,1.0,1.0,0.0,,,0.6666666666666666
overtaking_0035,overtaking,overtaking,give_way,velocity_obstacle,Velocity obstacle,modelled,1383.2419317205877,963.8415894540104,12.412689644268678,9.412689644268678,container_feeder,vlcc,power_driven,good,2080.2142911445517,-56.22598474689488,4.796455253833688,1383.2431921269801,4.590998231009795,True,True,False,-0.3891270305964858,0.4249646740566487,110.8253944558151,28,13.146557653470628,True,0.29583333333333334,2025.0,0.0,5885.987786872605,0.4625,0.0,0.4625,210.4523341464372,0,overtaking,1.0,0.0,0.0,,,0.3333333333333333
overtaking_0035,overtaking,overtaking,give_way,mpc,MPC,modelled,1383.2419317205877,963.8415894540104,12.412689644268678,9.412689644268678,container_feeder,vlcc,power_driven,good,2080.2142911445517,-56.22598474689488,4.796455253833688,1383.2431921269801,4.590998231009795,True,True,False,-0.5158020050230194,0.5379589638371497,87.13052615827588,27,10.345032727221021,True,0.29444444444444445,2030.0,0.0,5785.653113456336,0.4625,0.0,0.4625,204.5517068543548,0,overtaking,1.0,0.0,0.0,,,0.3333333333333333
overtaking_0036,overtaking,overtaking,give_way,no_action,No action (baseline),modelled,148.53215831469478,1317.4951236450418,15.83961086878806,12.83961086878806,coastal_tanker,handysize_bulker,power_driven,good,2237.3310799541528,25.597292656849696,-5.464389363108499,148.59231582649414,0.5822996522362057,False,False,False,-4.967504957859341e-13,4.967504957859341e-13,0.0,0,0.0,True,0.4152777777777778,125.0,1192.49512364504,2558.298976944195,0.7027777777777777,0.11805555555555555,0.5847222222222223,307.3853364462465,0,overtaking,0.0,0.0,0.0,,,0.0
overtaking_0036,overtaking,overtaking,give_way,rule_based,Rule-based COLREGS,modelled,148.53215831469478,1317.4951236450418,15.83961086878806,12.83961086878806,coastal_tanker,handysize_bulker,power_driven,good,2237.3310799541528,25.597292656849696,-5.464389363108499,1904.2838951388628,4.338241645763897,True,True,False,-0.18692524475060143,3.9257856916310945,3672.5921980109633,48,34.99999873834407,False,0.029166666666666667,90.0,197.19469018418698,1809.661348629124,0.1361111111111111,0.1361111111111111,0.0,2382.010275212978,0,overtaking,1.0,1.0,1.0,,,1.0
overtaking_0036,overtaking,overtaking,give_way,velocity_obstacle,Velocity obstacle,modelled,148.53215831469478,1317.4951236450418,15.83961086878806,12.83961086878806,coastal_tanker,handysize_bulker,power_driven,good,2237.3310799541528,25.597292656849696,-5.464389363108499,1171.978717466907,2.9423747671912657,True,True,False,-0.44768859524549537,0.9013257605800491,1422.940427626412,94,25.53299217743331,False,0.1388888888888889,100.0,679.5991462422961,390.6041215500638,0.020833333333333332,0.020833333333333332,0.0,1456.3123481157493,0,overtaking,1.0,0.0,1.0,,,0.6666666666666666
overtaking_0036,overtaking,overtaking,give_way,mpc,MPC,modelled,148.53215831469478,1317.4951236450418,15.83961086878806,12.83961086878806,coastal_tanker,handysize_bulker,power_driven,good,2237.3310799541528,25.597292656849696,-5.464389363108499,341.41261382224354,1.3382857795975014,False,True,False,-0.06794125675120559,0.13993516187790372,224.10741040458745,34,16.498039854899865,True,0.3263888888888889,1560.0,0.0,4532.531215239049,0.8069444444444445,0.30833333333333335,0.4986111111111111,2108.0013296167012,0,overtaking,0.0,0.0,1.0,,,0.3333333333333333
overtaking_0037,overtaking,overtaking,give_way,no_action,No action (baseline),modelled,916.7186063939221,1726.544505961364,14.248711624495627,11.576001950750442,vlcc,vlcc,power_driven,restricted,3145.291583740072,-16.555341109941814,9.294676974058184,916.7225575530568,0.9383999705625099,False,False,False,-1.83611073585381e-12,1.83611073585381e-12,0.0,0,0.0,False,0.041666666666666664,810.0,916.5445059613593,174.97561039007596,0.04722222222222222,0.0,0.04722222222222222,916.1260415924024,0,overtaking,0.0,0.0,0.0,,,0.0
overtaking_0037,overtaking,overtaking,give_way,rule_based,Rule-based COLREGS,modelled,916.7186063939221,1726.544505961364,14.248711624495627,11.576001950750442,vlcc,vlcc,power_driven,restricted,3145.291583740072,-16.555341109941814,9.294676974058184,59.20396770029671,0.060586088058818356,False,False,True,-1.9370313923387905,4.0637430971060855,1923.4906863474123,85,38.21154967321547,True,0.15694444444444444,2700.0,134.1547726455198,4509.786467793679,0.5486111111111112,0.5319444444444444,0.016666666666666666,4542.09241325691,0,overtaking,1.0,1.0,1.0,,,1.0
overtaking_0037,overtaking,overtaking,give_way,velocity_obstacle,Velocity obstacle,modelled,916.7186063939221,1726.544505961364,14.248711624495627,11.576001950750442,vlcc,vlcc,power_driven,restricted,3145.291583740072,-16.555341109941814,9.294676974058184,22.01041290473248,0.022530167240752578,False,False,True,-1.3864070408652263,2.851131012952061,1605.3280406872436,115,36.758989477416065,False,0.19305555555555556,2125.0,458.47174727081887,2645.3231141655933,0.4638888888888889,0.4638888888888889,0.0,1809.9282629913878,0,overtaking,1.0,1.0,1.0,,,1.0
overtaking_0037,overtaking,overtaking,give_way,mpc,MPC,modelled,916.7186063939221,1726.544505961364,14.248711624495627,11.576001950750442,vlcc,vlcc,power_driven,restricted,3145.291583740072,-16.555341109941814,9.294676974058184,906.3145443903196,0.9277418343191438,False,False,False,-3.3543371425201136,3.5984421189157816,651.8250573958679,121,18.08928522498734,False,0.04027777777777778,1045.0,3001.0850370805897,958.0782044302226,0.29583333333333334,0.25555555555555554,0.04027777777777778,806.6880417102967,0,overtaking,1.0,0.0,1.0,,,0.6666666666666666
overtaking_0038,overtaking,overtaking,give_way,no_action,No action (baseline),modelled,872.354362779817,849.4977778472456,11.24585989560136,8.24585989560136,coastal_tanker,container_feeder,power_driven,moderate,1644.4573915195435,-15.150073422577536,-6.452296024360002,872.3547520670811,3.6699549126817774,False,True,False,-1.7491624973925545e-13,1.7491624973925545e-13,0.0,0,0.0,False,0.03888888888888889,85.0,764.4977778472461,175.48815352093166,0.008333333333333333,0.008333333333333333,0.0,2046.2013979379096,0,overtaking,0.0,0.0,0.0,,,0.0
overtaking_0038,overtaking,overtaking,give_way,rule_based,Rule-based COLREGS,modelled,872.354362779817,849.4977778472456,11.24585989560136,8.24585989560136,coastal_tanker,container_feeder,power_driven,moderate,1644.4573915195435,-15.150073422577536,-6.452296024360002,1593.8461783255855,3.9199054487570772,True,True,False,-0.23733595068384616,1.3819480690344046,912.7561885270852,54,34.895825505610915,False,0.002777777777777778,,,7260.764870391626,0.18055555555555555,0.15694444444444444,0.02361111111111111,10079.237193651286,0,overtaking,1.0,1.0,1.0,,,1.0
overtaking_0038,overtaking,overtaking,give_way,velocity_obstacle,Velocity obstacle,modelled,872.354362779817,849.4977778472456,11.24585989560136,8.24585989560136,coastal_tanker,container_feeder,power_driven,moderate,1644.4573915195435,-15.150073422577536,-6.452296024360002,1615.4818082838563,3.93743745543461,True,True,False,-2.1196265247136785,3.7149426256033142,821.5619778856436,69,58.90424493167478,False,0.001388888888888889,,,7939.321291887095,0.24861111111111112,0.24583333333333332,0.002777777777777778,11049.884964064999,0,overtaking,1.0,1.0,1.0,,,1.0
overtaking_0038,overtaking,overtaking,give_way,mpc,MPC,modelled,872.354362779817,849.4977778472456,11.24585989560136,8.24585989560136,coastal_tanker,container_feeder,power_driven,moderate,1644.4573915195435,-15.150073422577536,-6.452296024360002,1564.1305931039492,3.8707672427776596,True,True,False,-0.6281884724916897,1.8013483258752618,689.4214628403831,56,52.59749321646929,False,0.002777777777777778,,,8675.667310993365,0.20416666666666666,0.20416666666666666,0.0,10025.870809796916,0,overtaking,1.0,1.0,1.0,,,1.0
overtaking_0039,overtaking,overtaking,give_way,no_action,No action (baseline),modelled,86.61517723546069,1685.5037888401403,12.100382626640076,8.504830369078057,coastal_tanker,container_feeder,power_driven,good,3204.7821119009677,-9.56088137121769,4.801621419816438,86.62046996894843,0.41673798791078864,False,False,True,-6.665113959432979e-13,6.665113959432979e-13,0.0,0,0.0,True,0.5666666666666667,245.0,1440.5037888401368,1970.64062408794,0.03333333333333333,0.027777777777777776,0.005555555555555556,977.5976776418948,0,overtaking,0.0,0.0,0.0,,,0.0
overtaking_0039,overtaking,overtaking,give_way,rule_based,Rule-based COLREGS,modelled,86.61517723546069,1685.5037888401403,12.100382626640076,8.504830369078057,coastal_tanker,container_feeder,power_driven,good,3204.7821119009677,-9.56088137121769,4.801621419816438,1840.8178693648179,7.913243857131995,True,True,False,-0.19663198127687648,2.9007972558972304,2091.710463230849,54,34.99987722380094,True,0.005555555555555556,3560.0,0.0,8199.036759353565,0.24722222222222223,0.23055555555555557,0.016666666666666666,9962.159256677463,0,overtaking,1.0,1.0,1.0,,,1.0
overtaking_0039,overtaking,overtaking,give_way,velocity_obstacle,Velocity obstacle,modelled,86.61517723546069,1685.5037888401403,12.100382626640076,8.504830369078057,coastal_tanker,container_feeder,power_driven,good,3204.7821119009677,-9.56088137121769,4.801621419816438,548.4356552786824,2.6386705020561645,False,True,False,-0.05355963004647708,0.42336975260948784,665.7711361060078,49,18.03487936284412,True,0.225,520.0,1280.5849520085983,30145.101913278297,0.6069444444444444,0.3333333333333333,0.27361111111111114,804.2800548165005,0,overtaking,1.0,0.0,1.0,,,0.6666666666666666
overtaking_0039,overtaking,overtaking,give_way,mpc,MPC,modelled,86.61517723546069,1685.5037888401403,12.100382626640076,8.504830369078057,coastal_tanker,container_feeder,power_driven,good,3204.7821119009677,-9.56088137121769,4.801621419816438,1326.7928025615042,5.0248973389361336,True,True,False,-1.8182398009089795,2.9887888629668247,1571.7410116062251,122,19.99996986505554,True,0.10555555555555556,280.0,1737.0585247811296,2109.679011798093,0.225,0.09722222222222222,0.12777777777777777,1304.5915990829437,0,overtaking,1.0,0.0,1.0,,,0.6666666666666666
overtaking_0040,overtaking,overtaking,give_way,no_action,No action (baseline),modelled,729.7388923489823,1419.7966544137334,8.329594726977117,5.329594726977117,handysize_bulker,coastal_tanker,power_driven,good,2455.2320529762414,0.8362233202306371,9.82141931360325,729.7389695882948,1.778884679334553,False,True,False,1.1925877185702e-12,-1.1925877185702e-12,0.0,0,0.0,False,0.10138888888888889,310.0,1109.7966544137262,529.5750873756105,0.11388888888888889,0.0,0.11388888888888889,1234.9595166033444,0,overtaking,0.0,0.0,0.0,,,0.0
overtaking_0040,overtaking,overtaking,give_way,rule_based,Rule-based COLREGS,modelled,729.7388923489823,1419.7966544137334,8.329594726977117,5.329594726977117,handysize_bulker,coastal_tanker,power_driven,good,2455.2320529762414,0.8362233202306371,9.82141931360325,573.0941985023835,1.397001016759404,False,True,False,-3.212917952313349,7.450564145770079,1713.714877150143,121,42.76592839992584,True,0.13333333333333333,270.0,170.8206395448492,3983.1542262090047,0.4444444444444444,0.25277777777777777,0.19166666666666668,1440.0579584393988,0,overtaking,1.0,1.0,1.0,,,1.0
overtaking_0040,overtaking,overtaking,give_way,velocity_obstacle,Velocity obstacle,modelled,729.7388923489823,1419.7966544137334,8.329594726977117,5.329594726977117,handysize_bulker,coastal_tanker,power_driven,good,2455.2320529762414,0.8362233202306371,9.82141931360325,1161.656610617895,2.659803322815581,True,True,False,-2.605880322025607,5.060296327210232,2499.0579144966987,109,25.054608041766887,True,0.05555555555555555,260.0,3006.411473560563,1508.8885422853705,0.15,0.058333333333333334,0.09166666666666666,1280.2322003701477,0,overtaking,1.0,0.0,1.0,,,0.6666666666666666
overtaking_0040,overtaking,overtaking,give_way,mpc,MPC,modelled,729.7388923489823,1419.7966544137334,8.329594726977117,5.329594726977117,handysize_bulker,coastal_tanker,power_driven,good,2455.2320529762414,0.8362233202306371,9.82141931360325,654.7981427847109,1.596172388385703,False,True,False,-3.022979918072483,5.241105133660801,1691.3027030910641,144,31.69145459694565,True,0.12083333333333333,2610.0,0.0,2265.2464020374005,0.47638888888888886,0.22916666666666666,0.24722222222222223,3029.5709808922816,0,overtaking,1.0,1.0,1.0,,,1.0
overtaking_0041,overtaking,overtaking,give_way,no_action,No action (baseline),modelled,1146.6479982114754,1796.2910616626177,13.921443901139927,10.896429713543565,handysize_bulker,handysize_bulker,power_driven,moderate,3322.42869678256,-2.8479910428171067,6.960691918682027,1146.6501885586706,2.6182623398124227,True,True,False,1.3847284656394025e-12,-1.3847284656394025e-12,0.0,0,0.0,False,0.06805555555555555,495.0,1301.2910616626093,9128.917659218354,0.06666666666666667,0.044444444444444446,0.0,1190.9404857521747,0,overtaking,0.0,0.0,0.0,,,0.0
overtaking_0041,overtaking,overtaking,give_way,rule_based,Rule-based COLREGS,modelled,1146.6479982114754,1796.2910616626177,13.921443901139927,10.896429713543565,handysize_bulker,handysize_bulker,power_driven,moderate,3322.42869678256,-2.8479910428171067,6.960691918682027,1274.4841325752072,2.9101518175517236,True,True,False,-1.6090735229229383,2.2400415698912526,375.6448191809237,91,32.64230137021035,False,0.06527777777777778,475.0,189.5950519380626,355.4972422285001,0.08888888888888889,0.08888888888888889,0.0,1073.6961147234354,0,overtaking,1.0,1.0,1.0,,,1.0
overtaking_0041,overtaking,overtaking,give_way,velocity_obstacle,Velocity obstacle,modelled,1146.6479982114754,1796.2910616626177,13.921443901139927,10.896429713543565,handysize_bulker,handysize_bulker,power_driven,moderate,3322.42869678256,-2.8479910428171067,6.960691918682027,668.009079311181,2.075801933943704,False,True,False,-1.4609122732596995,3.290180281328818,2594.1089532956407,144,34.99629430881294,True,0.10416666666666667,350.0,0.0,1208.2101170595297,0.6083333333333333,0.19305555555555556,0.4152777777777778,1008.9405974942414,0,overtaking,1.0,1.0,1.0,,,1.0
overtaking_0041,overtaking,overtaking,give_way,mpc,MPC,modelled,1146.6479982114754,1796.2910616626177,13.921443901139927,10.896429713543565,handysize_bulker,handysize_bulker,power_driven,moderate,3322.42869678256,-2.8479910428171067,6.960691918682027,403.22857680235535,0.9207623119642399,False,False,False,-0.388962478450948,0.9746930419645763,914.5614492050983,39,21.416723815323294,False,0.2111111111111111,695.0,1470.365161785338,216.26557552265712,0.10555555555555556,0.10555555555555556,0.0,786.5243299841935,0,overtaking,1.0,0.0,1.0,,,0.6666666666666666
overtaking_0042,overtaking,overtaking,give_way,no_action,No action (baseline),modelled,1372.0834218578887,1614.5250975735223,15.46757882235979,9.468504306364085,coastal_tanker,coastal_tanker,power_driven,good,5172.269240451886,17.228940334678985,-1.1701687517344617,1372.0842059734086,7.739898065684089,True,True,False,4.0695882102775363e-13,-4.0695882102775363e-13,0.0,0,0.0,True,0.002777777777777778,,,5244.342100174105,0.21805555555555556,0.21805555555555556,0.0,3814.3854988342778,0,overtaking,0.0,0.0,0.0,,,0.0
overtaking_0042,overtaking,overtaking,give_way,rule_based,Rule-based COLREGS,modelled,1372.0834218578887,1614.5250975735223,15.46757882235979,9.468504306364085,coastal_tanker,coastal_tanker,power_driven,good,5172.269240451886,17.228940334678985,-1.1701687517344617,1372.0842059734086,7.739898065684089,True,True,False,4.0695882102775363e-13,-4.0695882102775363e-13,0.0,0,0.0,True,0.0,,,,0.0,0.0,0.0,,0,overtaking,0.0,0.0,0.0,,,0.0
overtaking_0042,overtaking,overtaking,give_way,velocity_obstacle,Velocity obstacle,modelled,1372.0834218578887,1614.5250975735223,15.46757882235979,9.468504306364085,coastal_tanker,coastal_tanker,power_driven,good,5172.269240451886,17.228940334678985,-1.1701687517344617,1372.0842059734086,7.739898065684089,True,True,False,4.0695882102775363e-13,-4.0695882102775363e-13,0.0,0,0.0,True,0.001388888888888889,,,7175.385152898679,0.19722222222222222,0.19722222222222222,0.0,9563.807916217705,0,overtaking,0.0,0.0,0.0,,,0.0
overtaking_0042,overtaking,overtaking,give_way,mpc,MPC,modelled,1372.0834218578887,1614.5250975735223,15.46757882235979,9.468504306364085,coastal_tanker,coastal_tanker,power_driven,good,5172.269240451886,17.228940334678985,-1.1701687517344617,1372.0842059734086,7.739898065684089,True,True,False,-1.7982224950728978,1.9018070840501595,292.060260897829,49,18.276405522089874,True,0.004166666666666667,,,6661.544258182509,0.2833333333333333,0.0,0.2833333333333333,1555.5511794487554,0,overtaking,0.0,0.0,0.0,,,0.0
overtaking_0043,overtaking,overtaking,give_way,no_action,No action (baseline),modelled,511.015823073709,1412.833853266996,15.304037090990903,11.25814814023977,container_feeder,container_feeder,power_driven,good,3125.916348233563,-5.544482581151077,5.5805901045549575,511.0376961715079,1.6596963004073333,False,True,False,-6.041081215224829e-13,6.041081215224829e-13,0.0,0,0.0,False,0.20555555555555555,235.0,1177.833853266999,9088.493059337745,0.04583333333333333,0.04583333333333333,0.0,534.1370772342026,0,overtaking,0.0,0.0,0.0,,,0.0
overtaking_0043,overtaking,overtaking,give_way,rule_based,Rule-based COLREGS,modelled,511.015823073709,1412.833853266996,15.304037090990903,11.25814814023977,container_feeder,container_feeder,power_driven,good,3125.916348233563,-5.544482581151077,5.5805901045549575,1399.2171644395078,2.4087506537004906,True,True,False,-5.552829555606185,6.422004259688909,1830.4179794197878,234,21.14992128341503,False,0.10277777777777777,200.0,1212.8338532669986,818.6578509965498,0.2791666666666667,0.11388888888888889,0.16527777777777777,1626.098370996135,0,overtaking,0.0,0.0,1.0,,,0.3333333333333333
overtaking_0043,overtaking,overtaking,give_way,velocity_obstacle,Velocity obstacle,modelled,511.015823073709,1412.833853266996,15.304037090990903,11.25814814023977,container_feeder,container_feeder,power_driven,good,3125.916348233563,-5.544482581151077,5.5805901045549575,659.7327293197577,2.142653739319868,False,True,False,-0.5428630812015456,1.514454875882638,1326.2629285229357,87,28.78106232792205,True,0.15694444444444444,2100.0,0.0,5762.015065290058,0.5541666666666667,0.30694444444444446,0.24722222222222223,2623.549096738801,0,overtaking,1.0,0.0,1.0,,,0.6666666666666666
overtaking_0043,overtaking,overtaking,give_way,mpc,MPC,modelled,511.015823073709,1412.833853266996,15.304037090990903,11.25814814023977,container_feeder,container_feeder,power_driven,good,3125.916348233563,-5.544482581151077,5.5805901045549575,601.7147526523831,1.9541806026383177,False,True,False,-0.3446985455436983,1.593424495506587,1272.163431129502,69,39.12020814388632,True,0.16527777777777777,2075.0,0.0,8363.529696268462,0.6583333333333333,0.34444444444444444,0.3138888888888889,3530.7869165908583,0,overtaking,1.0,1.0,1.0,,,1.0
overtaking_0044,overtaking,overtaking,give_way,no_action,No action (baseline),modelled,1282.3279727611196,898.2232230437874,9.378221124056427,6.378221124056427,coastal_tanker,handysize_bulker,power_driven,good,1888.46134979377,42.27331328135089,0.23275291878187332,1282.3309050262992,7.282876163444596,True,True,False,8.59975768244786e-13,-8.59975768244786e-13,0.0,0,0.0,True,0.019444444444444445,2970.0,0.0,6554.664269814711,0.001388888888888889,0.0,0.001388888888888889,598.8842443059174,0,overtaking,0.0,0.0,0.0,,,0.0
overtaking_0044,overtaking,overtaking,give_way,rule_based,Rule-based COLREGS,modelled,1282.3279727611196,898.2232230437874,9.378221124056427,6.378221124056427,coastal_tanker,handysize_bulker,power_driven,good,1888.46134979377,42.27331328135089,0.23275291878187332,1282.3309050262992,7.282876163444596,True,True,False,8.59975768244786e-13,-8.59975768244786e-13,0.0,0,0.0,True,0.020833333333333332,3060.0,0.0,6567.360792864839,0.001388888888888889,0.0,0.001388888888888889,711.9475105245086,0,overtaking,0.0,0.0,0.0,,,0.0
overtaking_0044,overtaking,overtaking,give_way,velocity_obstacle,Velocity obstacle,modelled,1282.3279727611196,898.2232230437874,9.378221124056427,6.378221124056427,coastal_tanker,handysize_bulker,power_driven,good,1888.46134979377,42.27331328135089,0.23275291878187332,1282.3309050262992,7.282876163444596,True,True,False,-0.06389782177542738,0.5551961820700821,710.8854817297976,42,14.999899275093417,True,0.008333333333333333,3335.0,0.0,6520.448140745299,0.030555555555555555,0.0,0.030555555555555555,1509.752934475541,0,overtaking,1.0,0.0,0.0,,,0.3333333333333333
overtaking_0044,overtaking,overtaking,give_way,mpc,MPC,modelled,1282.3279727611196,898.2232230437874,9.378221124056427,6.378221124056427,coastal_tanker,handysize_bulker,power_driven,good,1888.46134979377,42.27331328135089,0.23275291878187332,1282.3309050262992,7.282876163444596,True,True,False,-0.8756438462999083,1.0235918335867633,187.52965499176236,47,25.34294869586262,True,0.03333333333333333,2860.0,0.0,6095.938660941139,0.025,0.0,0.025,482.0275537841487,0,overtaking,0.0,0.0,0.0,,,0.0
overtaking_0045,overtaking,overtaking,give_way,no_action,No action (baseline),modelled,1130.4808292060302,896.9971896215625,14.04360538558696,11.04360538558696,coastal_tanker,handysize_bulker,power_driven,moderate,1843.5346709878497,-53.780698703352826,4.506103580770194,1130.4854789377514,5.012983726209029,True,True,False,-4.202091095603943e-13,4.202091095603943e-13,0.0,0,0.0,True,0.05,1760.0,0.0,5843.899680915988,0.43333333333333335,0.0,0.43333333333333335,595.863119800028,0,overtaking,0.0,0.0,0.0,,,0.0
overtaking_0045,overtaking,overtaking,give_way,rule_based,Rule-based COLREGS,modelled,1130.4808292060302,896.9971896215625,14.04360538558696,11.04360538558696,coastal_tanker,handysize_bulker,power_driven,moderate,1843.5346709878497,-53.780698703352826,4.506103580770194,1130.4854789377514,3.9846899765160786,True,True,False,-0.551881976000818,0.8362778238302064,327.47872734484486,63,24.10500997063996,True,0.0625,1855.0,0.0,6388.643511030468,0.5222222222222223,0.0,0.5222222222222223,863.9140211673105,0,overtaking,0.0,0.0,0.0,,,0.0
overtaking_0045,overtaking,overtaking,give_way,velocity_obstacle,Velocity obstacle,modelled,1130.4808292060302,896.9971896215625,14.04360538558696,11.04360538558696,coastal_tanker,handysize_bulker,power_driven,moderate,1843.5346709878497,-53.780698703352826,4.506103580770194,1130.4854789377514,5.012983726209029,True,True,False,-3.695620853596589,5.352996782661733,1247.850361660275,94,56.10601531070917,True,0.04583333333333333,1740.0,0.0,9026.103982775514,0.25833333333333336,0.0,0.25833333333333336,577.2694833144649,0,overtaking,1.0,1.0,0.0,,,0.6666666666666666
overtaking_0045,overtaking,overtaking,give_way,mpc,MPC,modelled,1130.4808292060302,896.9971896215625,14.04360538558696,11.04360538558696,coastal_tanker,handysize_bulker,power_driven,moderate,1843.5346709878497,-53.780698703352826,4.506103580770194,1130.4854789377514,3.98384760043405,True,True,False,-0.11328913357185953,0.4000213216381167,474.88239025090314,38,23.18893601348059,True,0.058333333333333334,1875.0,0.0,5792.8722288748995,0.1638888888888889,0.0,0.1638888888888889,487.11789746234075,0,overtaking,0.0,0.0,0.0,,,0.0
overtaking_0046,overtaking,overtaking,give_way,no_action,No action (baseline),modelled,751.8520542370185,1432.6113194363356,10.077932885747867,7.077932885747867,vlcc,handysize_bulker,power_driven,good,2379.824290500413,8.636039581643386,4.216896206613992,751.8614800355369,1.245474306397277,False,True,False,1.171123281132494e-12,-1.171123281132494e-12,0.0,0,0.0,True,0.19444444444444445,125.0,1307.611319436337,2929.861024435156,0.06944444444444445,0.0,0.06944444444444445,975.8221118860957,0,overtaking,0.0,0.0,0.0,,,0.0
overtaking_0046,overtaking,overtaking,give_way,rule_based,Rule-based COLREGS,modelled,751.8520542370185,1432.6113194363356,10.077932885747867,7.077932885747867,vlcc,handysize_bulker,power_driven,good,2379.824290500413,8.636039581643386,4.216896206613992,1643.443143881586,1.7650770047277977,True,True,False,-13.39917368241672,14.521383480151128,763.3781290362183,261,28.09845873659045,False,0.10416666666666667,105.0,2901.1492205972886,665.3320311386201,0.1763888888888889,0.1763888888888889,0.0,1100.6289143944903,0,overtaking,0.0,0.0,1.0,,,0.3333333333333333
overtaking_0046,overtaking,overtaking,give_way,velocity_obstacle,Velocity obstacle,modelled,751.8520542370185,1432.6113194363356,10.077932885747867,7.077932885747867,vlcc,handysize_bulker,power_driven,good,2379.824290500413,8.636039581643386,4.216896206613992,1139.548055477651,1.589198868661195,True,True,False,-2.4236978025126623,3.8131338675837445,2153.2622357774835,31,22.140474175921405,True,0.1763888888888889,205.0,0.0,1268.4387515300416,0.15416666666666667,0.02361111111111111,0.13055555555555556,1079.8270508737644,0,overtaking,1.0,0.0,1.0,,,0.6666666666666666
overtaking_0046,overtaking,overtaking,give_way,mpc,MPC,modelled,751.8520542370185,1432.6113194363356,10.077932885747867,7.077932885747867,vlcc,handysize_bulker,power_driven,good,2379.824290500413,8.636039581643386,4.216896206613992,1950.457741278152,1.799066072842291,True,True,False,-26.303742435213195,26.423172053374753,249.97027894059678,65,12.56550197237348,False,0.12638888888888888,160.0,0.0,406.7841469314329,0.0,0.0,0.0,11840.932461019387,0,overtaking,0.0,0.0,1.0,,,0.3333333333333333
overtaking_0047,overtaking,overtaking,give_way,no_action,No action (baseline),modelled,1279.5026024781419,1144.579443682479,8.972571069156654,5.972571069156654,vlcc,vlcc,power_driven,good,2197.8817832892673,28.51267968696311,3.595655008489473,1279.5027709626552,2.2303758804209433,True,True,False,1.534630972559799e-13,-1.534630972559799e-13,0.0,0,0.0,False,0.008333333333333333,,,7161.813318393888,0.004166666666666667,0.0,0.004166666666666667,1153.0210517272367,0,overtaking,0.0,0.0,0.0,,,0.0
overtaking_0047,overtaking,overtaking,give_way,rule_based,Rule-based COLREGS,modelled,1279.5026024781419,1144.579443682479,8.972571069156654,5.972571069156654,vlcc,vlcc,power_driven,good,2197.8817832892673,28.51267968696311,3.595655008489473,1279.5027709626552,2.2303758804209433,True,True,False,1.534630972559799e-13,-1.534630972559799e-13,0.0,0,0.0,False,0.008333333333333333,,,7940.495243183036,0.001388888888888889,0.0,0.001388888888888889,1624.2332724293426,0,overtaking,0.0,0.0,0.0,,,0.0
overtaking_0047,overtaking,overtaking,give_way,velocity_obstacle,Velocity obstacle,modelled,1279.5026024781419,1144.579443682479,8.972571069156654,5.972571069156654,vlcc,vlcc,power_driven,good,2197.8817832892673,28.51267968696311,3.595655008489473,1279.5027709626552,2.2303758804209433,True,True,False,-0.22616991516244495,0.22663311271605344,4.590977305268342,6,2.9173185307566167,False,0.009722222222222222,,,6577.7388263609555,0.005555555555555556,0.0,0.005555555555555556,1344.3673130545028,0,overtaking,0.0,0.0,0.0,,,0.0
overtaking_0047,overtaking,overtaking,give_way,mpc,MPC,modelled,1279.5026024781419,1144.579443682479,8.972571069156654,5.972571069156654,vlcc,vlcc,power_driven,good,2197.8817832892673,28.51267968696311,3.595655008489473,1279.5027709626552,2.2303758804209433,True,True,False,-0.3768454988808219,0.3769877411647499,2.272574947559391,3,1.8516750419946386,False,0.005555555555555556,,,7011.303577939529,0.005555555555555556,0.0,0.005555555555555556,1877.5116127631018,0,overtaking,0.0,0.0,0.0,,,0.0
overtaking_0048,overtaking,overtaking,give_way,no_action,No action (baseline),modelled,221.08594013292455,1365.2815278762562,13.82929794809186,10.983108361213901,coastal_tanker,vlcc,power_driven,moderate,2012.2665564161957,4.668596864846999,0.42494439311293775,221.08632481640979,1.251931157872767,False,True,False,1.1379224862549724e-13,-1.1379224862549724e-13,0.0,0,0.0,True,0.6569444444444444,105.0,1260.281527876258,1968.6548812561914,0.020833333333333332,0.0,0.020833333333333332,134.32405190906354,0,overtaking,0.0,0.0,0.0,,,0.0
overtaking_0048,overtaking,overtaking,give_way,rule_based,Rule-based COLREGS,modelled,221.08594013292455,1365.2815278762562,13.82929794809186,10.983108361213901,coastal_tanker,vlcc,power_driven,moderate,2012.2665564161957,4.668596864846999,0.42494439311293775,1038.7257892487887,4.358740508259078,True,True,False,-0.2335379275404757,1.5822279628095413,1271.90637899437,51,34.960879952397306,True,0.07916666666666666,2975.0,0.0,4252.563457034204,0.4527777777777778,0.2791666666666667,0.1736111111111111,4274.365122501809,0,overtaking,1.0,1.0,1.0,,,1.0
overtaking_0048,overtaking,overtaking,give_way,velocity_obstacle,Velocity obstacle,modelled,221.08594013292455,1365.2815278762562,13.82929794809186,10.983108361213901,coastal_tanker,vlcc,power_driven,moderate,2012.2665564161957,4.668596864846999,0.42494439311293775,1374.9764586025653,4.333442439171452,True,True,False,-0.2129326680477322,0.8684693239370265,1603.1023078000444,54,21.759765962781238,True,0.0875,85.0,234.90445520051725,1754.3085029275778,0.11527777777777778,0.05138888888888889,0.06388888888888888,1587.3260541118507,0,overtaking,1.0,0.0,1.0,,,0.6666666666666666
overtaking_0048,overtaking,overtaking,give_way,mpc,MPC,modelled,221.08594013292455,1365.2815278762562,13.82929794809186,10.983108361213901,coastal_tanker,vlcc,power_driven,moderate,2012.2665564161957,4.668596864846999,0.42494439311293775,1053.1987207481304,4.518716050189296,True,True,False,-0.462716176904264,1.3987065379120653,1285.0433237710888,48,34.224951248112035,True,0.07222222222222222,2965.0,0.0,5075.402884884901,0.4027777777777778,0.22777777777777777,0.175,5300.828214163418,0,overtaking,1.0,1.0,1.0,,,1.0
overtaking_0049,overtaking,overtaking,give_way,no_action,No action (baseline),modelled,705.9947127932128,1591.4631406745775,8.638108767697279,5.638108767697279,handysize_bulker,coastal_tanker,power_driven,good,2563.9862096436764,12.09153859647462,2.076770900079314,705.9983497268563,2.3846374661066094,False,True,False,1.6395952603411892e-12,-1.6395952603411892e-12,0.0,0,0.0,True,0.06944444444444445,375.0,1216.4631406745782,2804.3220667863475,0.25833333333333336,0.0,0.25833333333333336,968.833263788507,0,overtaking,0.0,0.0,0.0,,,0.0
overtaking_0049,overtaking,overtaking,give_way,rule_based,Rule-based COLREGS,modelled,705.9947127932128,1591.4631406745775,8.638108767697279,5.638108767697279,handysize_bulker,coastal_tanker,power_driven,good,2563.9862096436764,12.09153859647462,2.076770900079314,1801.8476299514105,2.6212898484670744,True,True,False,-6.200390574648153,16.59413088712943,3964.1064245578796,216,49.62656751691953,False,0.016666666666666666,880.0,732.3225353654373,1348.3772085788778,0.6513888888888889,0.005555555555555556,0.6458333333333334,2501.2241254068585,0,overtaking,1.0,1.0,1.0,,,1.0
overtaking_0049,overtaking,overtaking,give_way,velocity_obstacle,Velocity obstacle,modelled,705.9947127932128,1591.4631406745775,8.638108767697279,5.638108767697279,handysize_bulker,coastal_tanker,power_driven,good,2563.9862096436764,12.09153859647462,2.076770900079314,1076.0762971856996,3.0389363458398697,True,True,False,-2.1335477446086792,5.131521414165571,1847.319974604026,141,35.83539713202592,True,0.018055555555555554,300.0,246.9852653687954,3744.81519088386,0.3680555555555556,0.25277777777777777,0.11527777777777778,2354.0805331420524,0,overtaking,1.0,1.0,1.0,,,1.0
overtaking_0049,overtaking,overtaking,give_way,mpc,MPC,modelled,705.9947127932128,1591.4631406745775,8.638108767697279,5.638108767697279,handysize_bulker,coastal_tanker,power_driven,good,2563.9862096436764,12.09153859647462,2.076770900079314,580.7188150534433,1.961478822496885,False,True,False,-2.4064976587657307,5.593711844234251,1356.6124699254035,135,60.796137331117016,True,0.12222222222222222,220.0,541.3690883648231,1493.5331167482295,0.28888888888888886,0.10694444444444444,0.18194444444444444,676.7126011682757,0,overtaking,1.0,1.0,1.0,,,1.0
overtaking_0050,overtaking,overtaking,give_way,no_action,No action (baseline),modelled,1224.2103107650105,673.0876480777654,9.369380491551308,6.369380491551308,vlcc,coastal_tanker,power_driven,good,1605.9736115066114,-51.34108867587048,0.789336946999935,1224.2138729343958,2.3074092170922853,True,True,False,6.2984430181018e-13,-6.2984430181018e-13,0.0,0,0.0,True,0.001388888888888889,,,3837.761380611509,0.14027777777777778,0.0,0.14027777777777778,3740.824954148428,0,overtaking,0.0,0.0,0.0,,,0.0
overtaking_0050,overtaking,overtaking,give_way,rule_based,Rule-based COLREGS,modelled,1224.2103107650105,673.0876480777654,9.369380491551308,6.369380491551308,vlcc,coastal_tanker,power_driven,good,1605.9736115066114,-51.34108867587048,0.789336946999935,1224.2138729343958,2.3074092170922853,True,True,False,-3.57751777044326,6.4397202422733235,1668.032003714983,123,40.17111936514576,True,0.006944444444444444,3070.0,0.0,7736.96244398037,0.20972222222222223,0.0,0.20972222222222223,735.4634372809999,0,overtaking,1.0,1.0,0.0,,,0.6666666666666666
overtaking_0050,overtaking,overtaking,give_way,velocity_obstacle,Velocity obstacle,modelled,1224.2103107650105,673.0876480777654,9.369380491551308,6.369380491551308,vlcc,coastal_tanker,power_driven,good,1605.9736115066114,-51.34108867587048,0.789336946999935,1224.2138729343958,2.3074092170922853,True,True,False,-1.4686974456913922,1.55014038910134,179.92274889861713,52,11.596439636898474,True,0.009722222222222222,2530.0,0.0,6593.608615953716,0.3125,0.0,0.3125,769.8031423028025,0,overtaking,1.0,0.0,0.0,,,0.3333333333333333
overtaking_0050,overtaking,overtaking,give_way,mpc,MPC,modelled,1224.2103107650105,673.0876480777654,9.369380491551308,6.369380491551308,vlcc,coastal_tanker,power_driven,good,1605.9736115066114,-51.34108867587048,0.789336946999935,1224.2138729343958,2.3074092170922853,True,True,False,6.2984430181018e-13,-6.2984430181018e-13,0.0,0,0.0,True,0.006944444444444444,3020.0,0.0,7753.941929923477,0.2791666666666667,0.0,0.2791666666666667,1089.237484305155,0,overtaking,0.0,0.0,0.0,,,0.0
overtaking_0051,overtaking,overtaking,give_way,no_action,No action (baseline),modelled,362.91013271902034,785.3432098131217,10.287086922561862,7.287086922561862,vlcc,coastal_tanker,power_driven,good,1277.1162964165726,9.643083694611935,2.849869337093871,362.9105272363457,0.6410756467088988,False,False,False,-3.4419370372883517e-13,3.4419370372883517e-13,0.0,0,0.0,True,0.19027777777777777,80.0,705.3432098131213,10612.786591368584,0.2263888888888889,0.02638888888888889,0.2,319.9130450973154,0,overtaking,0.0,0.0,0.0,,,0.0
overtaking_0051,overtaking,overtaking,give_way,rule_based,Rule-based COLREGS,modelled,362.91013271902034,785.3432098131217,10.287086922561862,7.287086922561862,vlcc,coastal_tanker,power_driven,good,1277.1162964165726,9.643083694611935,2.849869337093871,1155.4839533250022,0.9233799487937085,True,False,False,-15.36122669164313,22.869593601074463,3045.783127757958,349,40.831165115051505,False,0.1361111111111111,70.0,1824.5913571892768,304.92340500683537,0.0,0.0,0.0,575.9619513367928,0,overtaking,1.0,1.0,1.0,,,1.0
overtaking_0051,overtaking,overtaking,give_way,velocity_obstacle,Velocity obstacle,modelled,362.91013271902034,785.3432098131217,10.287086922561862,7.287086922561862,vlcc,coastal_tanker,power_driven,good,1277.1162964165726,9.643083694611935,2.849869337093871,1113.2843372732257,0.870601311536914,True,False,False,-4.731279249484616,6.171439794074994,1779.7749662426475,100,26.993399729025732,True,0.11527777777777778,65.0,2125.1153813013248,3599.0589018408373,0.19166666666666668,0.002777777777777778,0.18888888888888888,961.5400624115209,0,overtaking,1.0,0.0,1.0,,,0.6666666666666666
overtaking_0051,overtaking,overtaking,give_way,mpc,MPC,modelled,362.91013271902034,785.3432098131217,10.287086922561862,7.287086922561862,vlcc,coastal_tanker,power_driven,good,1277.1162964165726,9.643083694611935,2.849869337093871,1176.0761609552576,0.986038775529823,True,False,False,-26.53394116346691,26.55456768429098,109.46342203470424,5,5.354182708273187,False,0.25416666666666665,55.0,884.2083201019288,129.16909602623562,0.0,0.0,0.0,1163.359216835125,0,overtaking,0.0,0.0,1.0,,,0.3333333333333333
overtaking_0052,overtaking,overtaking,give_way,no_action,No action (baseline),modelled,802.6789854950752,817.7150775944665,15.222848851412339,12.222848851412339,coastal_tanker,vlcc,power_driven,good,1635.826915942087,-4.81448878244545,-6.619259208508612,802.6888667082962,2.938989179088712,False,True,False,-6.460957660527463e-13,6.460957660527463e-13,0.0,0,0.0,False,0.13194444444444445,65.0,752.7150775944666,526.7115300833254,0.029166666666666667,0.002777777777777778,0.02638888888888889,1657.4430544675206,0,overtaking,0.0,0.0,0.0,,,0.0
overtaking_0052,overtaking,overtaking,give_way,rule_based,Rule-based COLREGS,modelled,802.6789854950752,817.7150775944665,15.222848851412339,12.222848851412339,coastal_tanker,vlcc,power_driven,good,1635.826915942087,-4.81448878244545,-6.619259208508612,1599.6120103448634,3.6452050052096445,True,True,False,-0.19834134041767643,1.7596541550781823,1596.9925040638404,50,34.98403687168148,False,0.009722222222222222,,,5644.721469625826,0.15138888888888888,0.15138888888888888,0.0,8069.631938858589,0,overtaking,1.0,1.0,1.0,,,1.0
overtaking_0052,overtaking,overtaking,give_way,velocity_obstacle,Velocity obstacle,modelled,802.6789854950752,817.7150775944665,15.222848851412339,12.222848851412339,coastal_tanker,vlcc,power_driven,good,1635.826915942087,-4.81448878244545,-6.619259208508612,1598.13726339819,3.6452050052096445,True,True,False,-0.13859750987230784,0.9184908669048305,981.2296851486116,63,32.36900877611948,False,0.009722222222222222,,,7300.699602964689,0.17916666666666667,0.17222222222222222,0.006944444444444444,9128.590693912149,0,overtaking,1.0,1.0,1.0,,,1.0
overtaking_0052,overtaking,overtaking,give_way,mpc,MPC,modelled,802.6789854950752,817.7150775944665,15.222848851412339,12.222848851412339,coastal_tanker,vlcc,power_driven,good,1635.826915942087,-4.81448878244545,-6.619259208508612,1607.9855865547127,3.655466981660575,True,True,False,-0.1916069017113496,1.0783411176285687,929.5192940647785,58,38.69380081128528,False,0.008333333333333333,,,9314.521513763471,0.19583333333333333,0.19583333333333333,0.0,9370.00088604098,0,overtaking,1.0,1.0,1.0,,,1.0
overtaking_0053,overtaking,overtaking,give_way,no_action,No action (baseline),modelled,1315.9630232630398,1112.8109978393081,15.838860044668854,12.838860044668854,container_feeder,handysize_bulker,power_driven,good,2233.9874267668138,-52.18537818251957,3.904314493432503,1315.9678145436365,4.315891305053276,True,True,False,1.2916125136426909e-12,-1.2916125136426909e-12,0.0,0,0.0,True,0.11527777777777778,2095.0,0.0,5616.848029363866,0.44166666666666665,0.0,0.44166666666666665,301.1862479398098,0,overtaking,0.0,0.0,0.0,,,0.0
overtaking_0053,overtaking,overtaking,give_way,rule_based,Rule-based COLREGS,modelled,1315.9630232630398,1112.8109978393081,15.838860044668854,12.838860044668854,container_feeder,handysize_bulker,power_driven,good,2233.9874267668138,-52.18537818251957,3.904314493432503,1315.9678145436365,4.315891305053276,True,True,False,-0.7397471858773649,5.744467916510218,5014.536862321421,92,34.999999972396765,True,0.06388888888888888,2095.0,0.0,6306.875823260252,0.4388888888888889,0.0,0.4388888888888889,447.1490817668058,0,overtaking,1.0,1.0,0.0,,,0.6666666666666666
overtaking_0053,overtaking,overtaking,give_way,velocity_obstacle,Velocity obstacle,modelled,1315.9630232630398,1112.8109978393081,15.838860044668854,12.838860044668854,container_feeder,handysize_bulker,power_driven,good,2233.9874267668138,-52.18537818251957,3.904314493432503,1315.9678145436365,4.315891305053276,True,True,False,-0.49227437172362204,0.560062586212191,191.31998585263523,32,19.01390583034602,True,0.12638888888888888,2105.0,0.0,5259.0451193164945,0.44027777777777777,0.0,0.44027777777777777,235.52466212235845,0,overtaking,1.0,0.0,0.0,,,0.3333333333333333
overtaking_0053,overtaking,overtaking,give_way,mpc,MPC,modelled,1315.9630232630398,1112.8109978393081,15.838860044668854,12.838860044668854,container_feeder,handysize_bulker,power_driven,good,2233.9874267668138,-52.18537818251957,3.904314493432503,1315.9678145436365,4.315891305053276,True,True,False,-0.9717765759893561,1.2484588347659242,394.5293413861106,43,35.45171793592142,True,0.08194444444444444,2085.0,0.0,15983.152705856017,0.4097222222222222,0.0,0.4097222222222222,164.3885939325188,0,overtaking,1.0,1.0,0.0,,,0.6666666666666666
overtaking_0054,overtaking,overtaking,give_way,no_action,No action (baseline),modelled,1238.6752082122337,639.9604531763933,10.47658052143629,7.47658052143629,container_feeder,coastal_tanker,power_driven,good,1586.5855195774695,55.54095295264549,-1.6962874222283553,1238.675209727373,5.0232039319542094,True,True,False,-6.759363021574166e-13,6.759363021574166e-13,0.0,0,0.0,True,0.008333333333333333,2345.0,0.0,5395.175139093015,0.19166666666666668,0.0,0.19166666666666668,2227.4293845465972,0,overtaking,0.0,0.0,0.0,,,0.0
overtaking_0054,overtaking,overtaking,give_way,rule_based,Rule-based COLREGS,modelled,1238.6752082122337,639.9604531763933,10.47658052143629,7.47658052143629,container_feeder,coastal_tanker,power_driven,good,1586.5855195774695,55.54095295264549,-1.6962874222283553,1238.675209727373,4.6950718703415255,True,True,False,-0.5867074019183618,2.0204137141284466,1015.3030432181795,58,34.99743598214269,True,0.009722222222222222,2710.0,0.0,9794.286867364193,0.07916666666666666,0.0,0.07916666666666666,741.9509663734627,0,overtaking,1.0,1.0,0.0,,,0.6666666666666666
overtaking_0054,overtaking,overtaking,give_way,velocity_obstacle,Velocity obstacle,modelled,1238.6752082122337,639.9604531763933,10.47658052143629,7.47658052143629,container_feeder,coastal_tanker,power_driven,good,1586.5855195774695,55.54095295264549,-1.6962874222283553,1238.675209727373,5.0232039319542094,True,True,False,-0.12153459805668741,0.3346690850020972,373.71829871065705,41,14.98571873496517,True,0.006944444444444444,2740.0,0.0,22479.34859798219,0.0875,0.0,0.0875,819.0968522066781,0,overtaking,1.0,0.0,0.0,,,0.3333333333333333
overtaking_0054,overtaking,overtaking,give_way,mpc,MPC,modelled,1238.6752082122337,639.9604531763933,10.47658052143629,7.47658052143629,container_feeder,coastal_tanker,power_driven,good,1586.5855195774695,55.54095295264549,-1.6962874222283553,1238.675209727373,3.817327337814067,True,True,False,-3.187154735601039,5.458046917297266,950.2865561807392,120,59.59714435889665,True,0.015277777777777777,2355.0,37354.98515830452,8015.619917426062,0.18055555555555555,0.03333333333333333,0.14722222222222223,605.128807586257,0,overtaking,1.0,1.0,0.0,,,0.6666666666666666
overtaking_0055,overtaking,overtaking,give_way,no_action,No action (baseline),modelled,1440.5621114794278,1398.1465646406884,8.582526846879706,5.582526846879706,container_feeder,vlcc,power_driven,good,2612.649637639052,-39.99320870197968,3.5400151173890215,1440.5650091326245,5.57170419859973,True,True,False,-1.1001423742688151e-12,1.1001423742688151e-12,0.0,0,0.0,True,0.15416666666666667,2935.0,0.0,5733.6724213213265,0.21805555555555556,0.0,0.21805555555555556,513.7089718536205,0,overtaking,0.0,0.0,0.0,,,0.0
overtaking_0055,overtaking,overtaking,give_way,rule_based,Rule-based COLREGS,modelled,1440.5621114794278,1398.1465646406884,8.582526846879706,5.582526846879706,container_feeder,vlcc,power_driven,good,2612.649637639052,-39.99320870197968,3.5400151173890215,1440.5650091326245,5.57170419859973,True,True,False,-1.0621015770054436,3.4433627239397233,1351.069254290582,73,35.118812950982,True,0.12361111111111112,2940.0,0.0,5771.151518929303,0.15694444444444444,0.0,0.15694444444444444,624.6376467366159,0,overtaking,1.0,1.0,0.0,,,0.6666666666666666
overtaking_0055,overtaking,overtaking,give_way,velocity_obstacle,Velocity obstacle,modelled,1440.5621114794278,1398.1465646406884,8.582526846879706,5.582526846879706,container_feeder,vlcc,power_driven,good,2612.649637639052,-39.99320870197968,3.5400151173890215,1440.5650091326245,5.57170419859973,True,True,False,-0.35733404504431826,0.40489848062314204,97.58515730086113,37,12.709453143297981,True,0.14583333333333334,2945.0,0.0,5798.183687322393,0.21805555555555556,0.0,0.21805555555555556,658.507204765678,0,overtaking,1.0,0.0,0.0,,,0.3333333333333333
overtaking_0055,overtaking,overtaking,give_way,mpc,MPC,modelled,1440.5621114794278,1398.1465646406884,8.582526846879706,5.582526846879706,container_feeder,vlcc,power_driven,good,2612.649637639052,-39.99320870197968,3.5400151173890215,1440.5650091326245,5.57170419859973,True,True,False,-0.7547233729947486,0.7707546501547327,53.29865366704969,25,7.712479534446806,True,0.15694444444444444,2930.0,0.0,5682.7919538607075,0.21805555555555556,0.0,0.21805555555555556,314.914394396505,0,overtaking,1.0,0.0,0.0,,,0.3333333333333333
overtaking_0056,overtaking,overtaking,give_way,no_action,No action (baseline),modelled,218.3068804671986,1144.1792662896464,14.454729674903696,11.454729674903696,vlcc,handysize_bulker,power_driven,good,2369.6847157400543,41.25129739655028,-11.860666567799665,218.3134417990198,0.20981027383761436,False,False,True,1.6602469173569268e-12,-1.6602469173569268e-12,0.0,0,0.0,True,0.17083333333333334,1200.0,0.0,4877.267954848903,0.6430555555555556,0.0,0.6430555555555556,698.5563470854538,0,overtaking,0.0,0.0,0.0,,,0.0
overtaking_0056,overtaking,overtaking,give_way,rule_based,Rule-based COLREGS,modelled,218.3068804671986,1144.1792662896464,14.454729674903696,11.454729674903696,vlcc,handysize_bulker,power_driven,good,2369.6847157400543,41.25129739655028,-11.860666567799665,218.3134417990198,0.1879581963570382,False,False,True,-1.9037800815010097,5.894771188038997,3532.6548714972146,86,38.1332610649903,True,0.06111111111111111,1200.0,0.0,10092.958005684575,0.6416666666666667,0.0,0.6416666666666667,1023.135980216207,0,overtaking,1.0,1.0,0.0,,,0.6666666666666666
overtaking_0056,overtaking,overtaking,give_way,velocity_obstacle,Velocity obstacle,modelled,218.3068804671986,1144.1792662896464,14.454729674903696,11.454729674903696,vlcc,handysize_bulker,power_driven,good,2369.6847157400543,41.25129739655028,-11.860666567799665,106.5117126610193,0.1293482968109125,False,False,True,-12.542281081015686,18.501874506149434,3042.620173990127,153,68.67618675427626,True,0.0375,1200.0,0.0,7471.403172780948,0.5194444444444445,0.3277777777777778,0.19166666666666668,1069.8905682496961,0,overtaking,1.0,1.0,0.0,,,0.6666666666666666
overtaking_0056,overtaking,overtaking,give_way,mpc,MPC,modelled,218.3068804671986,1144.1792662896464,14.454729674903696,11.454729674903696,vlcc,handysize_bulker,power_driven,good,2369.6847157400543,41.25129739655028,-11.860666567799665,218.3134417990198,0.1901293161253641,False,False,True,-3.8876776268290163,3.8912360054495063,45.365717722930306,6,3.0438627741226263,True,0.05694444444444444,1200.0,0.0,3130.5831993671163,0.1638888888888889,0.0,0.1638888888888889,994.8291649383724,0,overtaking,0.0,0.0,0.0,,,0.0
overtaking_0057,overtaking,overtaking,give_way,no_action,No action (baseline),modelled,408.899597628484,1361.011105292274,8.631991064662605,5.631991064662605,container_feeder,vlcc,power_driven,moderate,2141.8284019435673,-12.99435331381774,1.0599751056734732,408.9025807162892,1.691243038919774,False,True,False,8.887435275193288e-13,-8.887435275193288e-13,0.0,0,0.0,True,0.4708333333333333,105.0,1256.0111052922718,2122.596275784345,0.5472222222222223,0.016666666666666666,0.5305555555555556,300.3713519669292,0,overtaking,0.0,0.0,0.0,,,0.0
overtaking_0057,overtaking,overtaking,give_way,rule_based,Rule-based COLREGS,modelled,408.899597628484,1361.011105292274,8.631991064662605,5.631991064662605,container_feeder,vlcc,power_driven,moderate,2141.8284019435673,-12.99435331381774,1.0599751056734732,1542.6498800713157,4.013256469200008,True,True,False,-0.9894766758949554,3.5254146476874797,1156.0939392502648,89,45.40514706415407,False,0.0125,,,7178.998473109881,0.24583333333333332,0.24583333333333332,0.0,8422.528682160257,0,overtaking,1.0,1.0,1.0,,,1.0
overtaking_0057,overtaking,overtaking,give_way,velocity_obstacle,Velocity obstacle,modelled,408.899597628484,1361.011105292274,8.631991064662605,5.631991064662605,container_feeder,vlcc,power_driven,moderate,2141.8284019435673,-12.99435331381774,1.0599751056734732,1346.029528040145,4.023717770462098,True,True,False,-0.8140219980526738,1.471323298868855,946.0732601519861,62,15.143603023783728,True,0.04722222222222222,125.0,1245.5310968859083,3346.7926125719237,0.25555555555555554,0.12638888888888888,0.12916666666666668,2244.926995725685,0,overtaking,1.0,0.0,1.0,,,0.6666666666666666
overtaking_0057,overtaking,overtaking,give_way,mpc,MPC,modelled,408.899597628484,1361.011105292274,8.631991064662605,5.631991064662605,container_feeder,vlcc,power_driven,moderate,2141.8284019435673,-12.99435331381774,1.0599751056734732,1416.8116933699598,4.02495969076489,True,True,False,-1.1703885521850947,2.350411204506043,1022.6494195848496,95,29.352190465613933,True,0.02361111111111111,3315.0,0.0,5071.657453010492,0.33055555555555555,0.21944444444444444,0.1111111111111111,6897.552118353708,0,overtaking,1.0,0.0,1.0,,,0.6666666666666666
overtaking_0058,overtaking,overtaking,give_way,no_action,No action (baseline),modelled,900.1759598897473,1552.4284889369044,9.241008491838327,6.241008491838327,container_feeder,handysize_bulker,power_driven,restricted,2647.4267679069517,-6.988447375400375,-6.397539754284654,900.1843850824228,2.9907757691662082,False,True,False,4.4701567404844753e-13,-4.4701567404844753e-13,0.0,0,0.0,False,0.008333333333333333,710.0,842.4284889369042,2416.2840574509114,0.2125,0.2125,0.0,1909.7571527806028,0,overtaking,0.0,0.0,0.0,,,0.0
overtaking_0058,overtaking,overtaking,give_way,rule_based,Rule-based COLREGS,modelled,900.1759598897473,1552.4284889369044,9.241008491838327,6.241008491838327,container_feeder,handysize_bulker,power_driven,restricted,2647.4267679069517,-6.988447375400375,-6.397539754284654,1397.3485449381453,3.1445743524210976,True,True,False,-0.7567069712086542,1.3860153724313218,456.55913521538935,60,34.58531754315571,False,0.001388888888888889,,,5514.0105184615995,0.19166666666666668,0.18611111111111112,0.005555555555555556,8975.686022332322,0,overtaking,1.0,1.0,1.0,,,1.0
overtaking_0058,overtaking,overtaking,give_way,velocity_obstacle,Velocity obstacle,modelled,900.1759598897473,1552.4284889369044,9.241008491838327,6.241008491838327,container_feeder,handysize_bulker,power_driven,restricted,2647.4267679069517,-6.988447375400375,-6.397539754284654,1289.6204615717747,3.065660035993471,True,True,False,-0.13258894316976777,0.3859578792326728,384.55799928744483,48,15.027836189757641,False,0.001388888888888889,,,4240.622992953188,0.12361111111111112,0.12361111111111112,0.0,8800.235478656028,0,overtaking,1.0,0.0,1.0,,,0.6666666666666666
overtaking_0058,overtaking,overtaking,give_way,mpc,MPC,modelled,900.1759598897473,1552.4284889369044,9.241008491838327,6.241008491838327,container_feeder,handysize_bulker,power_driven,restricted,2647.4267679069517,-6.988447375400375,-6.397539754284654,1565.2514692899686,3.5253211923826098,True,True,False,-0.8130017152638256,1.4807167060827626,624.6159634182754,73,26.896711380451286,False,0.001388888888888889,,,5307.152060870445,0.25833333333333336,0.21944444444444444,0.03888888888888889,9940.904201582429,0,overtaking,1.0,0.0,1.0,,,0.6666666666666666
overtaking_0059,overtaking,overtaking,give_way,no_action,No action (baseline),modelled,1003.801002468788,1471.4640604817164,10.036271526774833,7.036271526774833,vlcc,handysize_bulker,power_driven,good,2684.781109139573,-1.936362101656454,-9.209235833079948,1003.8040599406298,1.2669400006632736,True,True,False,4.115946473594462e-13,-4.115946473594462e-13,0.0,0,0.0,False,0.15,205.0,1266.464060481716,422.85353325866845,0.1125,0.08055555555555556,0.03194444444444444,1294.9173634340796,0,overtaking,0.0,0.0,0.0,,,0.0
overtaking_0059,overtaking,overtaking,give_way,rule_based,Rule-based COLREGS,modelled,1003.801002468788,1471.4640604817164,10.036271526774833,7.036271526774833,vlcc,handysize_bulker,power_driven,good,2684.781109139573,-1.936362101656454,-9.209235833079948,2379.1320116920465,1.988509631673388,True,True,False,-3.382679503971653,5.2152315677758,1177.213066140029,121,39.849777856615255,False,0.016666666666666666,155.0,0.0,1735.5519581567178,0.4791666666666667,0.020833333333333332,0.4583333333333333,4410.214757647213,0,overtaking,1.0,1.0,1.0,,,1.0
overtaking_0059,overtaking,overtaking,give_way,velocity_obstacle,Velocity obstacle,modelled,1003.801002468788,1471.4640604817164,10.036271526774833,7.036271526774833,vlcc,handysize_bulker,power_driven,good,2684.781109139573,-1.936362101656454,-9.209235833079948,1397.2192140385318,1.765643944242791,True,True,False,-1.6206452532997337,1.779806773765958,313.91865742680477,51,14.316181649506301,False,0.10138888888888889,165.0,1298.626743248479,372.2668754365802,0.07222222222222222,0.022222222222222223,0.05,1489.5388369414338,0,overtaking,1.0,0.0,1.0,,,0.6666666666666666
overtaking_0059,overtaking,overtaking,give_way,mpc,MPC,modelled,1003.801002468788,1471.4640604817164,10.036271526774833,7.036271526774833,vlcc,handysize_bulker,power_driven,good,2684.781109139573,-1.936362101656454,-9.209235833079948,2177.0903245969203,2.008648227835488,True,True,False,-5.1267629088386215,5.751420790351733,882.0694443134976,79,18.855332667827366,False,0.018055555555555554,155.0,262.35195576675125,4535.427678331201,0.4861111111111111,0.3611111111111111,0.125,3940.8019918985974,0,overtaking,1.0,0.0,1.0,,,0.6666666666666666
overtaking_0060,overtaking,overtaking,give_way,no_action,No action (baseline),modelled,733.970116964254,909.8879138927309,14.595424203514355,11.595424203514355,vlcc,handysize_bulker,power_driven,good,2024.8883495728003,15.065418304854898,-11.883805117281305,733.9701537811684,0.7023103472892345,False,False,False,1.5229461507810008e-12,-1.5229461507810008e-12,0.0,0,0.0,False,0.18194444444444444,90.0,819.8879138927298,104.33650077633649,0.004166666666666667,0.004166666666666667,0.0,1364.3633827228462,0,overtaking,0.0,0.0,0.0,,,0.0
overtaking_0060,overtaking,overtaking,give_way,rule_based,Rule-based COLREGS,modelled,733.970116964254,909.8879138927309,14.595424203514355,11.595424203514355,vlcc,handysize_bulker,power_driven,good,2024.8883495728003,15.065418304854898,-11.883805117281305,1848.0936890278172,1.4264871566389181,True,True,False,-2.1472266211599775,4.479756100956077,2216.6033253483297,93,37.38293444566974,False,0.0375,110.0,336.01321648513715,1149.3279688882087,0.16666666666666666,0.008333333333333333,0.15833333333333333,2048.8453117772824,0,overtaking,1.0,1.0,1.0,,,1.0
overtaking_0060,overtaking,overtaking,give_way,velocity_obstacle,Velocity obstacle,modelled,733.970116964254,909.8879138927309,14.595424203514355,11.595424203514355,vlcc,handysize_bulker,power_driven,good,2024.8883495728003,15.065418304854898,-11.883805117281305,1505.4528728445457,1.4443976106755005,True,True,False,-2.0637027337452363,2.3156173144934216,504.89773174815696,60,22.63445912367171,False,0.1111111111111111,90.0,0.0,712.0013901946562,0.08472222222222223,0.0,0.08472222222222223,1514.9029616815344,0,overtaking,1.0,0.0,1.0,,,0.6666666666666666
overtaking_0060,overtaking,overtaking,give_way,mpc,MPC,modelled,733.970116964254,909.8879138927309,14.595424203514355,11.595424203514355,vlcc,handysize_bulker,power_driven,good,2024.8883495728003,15.065418304854898,-11.883805117281305,1302.6999572107964,1.2442000684777066,True,True,False,-3.6328526978944664,3.6403477668034987,44.57405530096762,26,5.319714720634955,False,0.18472222222222223,120.0,0.0,408.19660846762764,0.030555555555555555,0.0,0.030555555555555555,1188.718375706807,0,overtaking,0.0,0.0,1.0,,,0.3333333333333333
overtaking_0061,overtaking,overtaking,give_way,no_action,No action (baseline),modelled,311.4349663491268,1245.885558806507,9.67064799625635,6.670647996256349,container_feeder,handysize_bulker,power_driven,moderate,1981.7376325817775,-0.141938840666932,-4.060909589609934,311.4380731319455,1.1541678287256936,False,True,False,-6.915859590688013e-13,6.915859590688013e-13,0.0,0,0.0,True,0.3472222222222222,120.0,1125.885558806505,2248.1250134274337,0.5138888888888888,0.013888888888888888,0.5,307.19208017818886,0,overtaking,0.0,0.0,0.0,,,0.0
overtaking_0061,overtaking,overtaking,give_way,rule_based,Rule-based COLREGS,modelled,311.4349663491268,1245.885558806507,9.67064799625635,6.670647996256349,container_feeder,handysize_bulker,power_driven,moderate,1981.7376325817775,-0.141938840666932,-4.060909589609934,1878.8893456645858,3.139110534964243,True,True,False,-0.8274819076156132,3.483287746084209,1609.708175445406,56,35.402383295888626,False,0.0125,,,2442.4547556758503,0.6888888888888889,0.03888888888888889,0.6486111111111111,5591.992574369546,0,overtaking,1.0,1.0,1.0,,,1.0
overtaking_0061,overtaking,overtaking,give_way,velocity_obstacle,Velocity obstacle,modelled,311.4349663491268,1245.885558806507,9.67064799625635,6.670647996256349,container_feeder,handysize_bulker,power_driven,moderate,1981.7376325817775,-0.141938840666932,-4.060909589609934,1334.9045061831962,2.4608298937757027,True,True,False,-0.32613724890762297,1.1560343216017195,1105.0852425371932,84,22.000556559929414,False,0.05694444444444444,110.0,1146.0446753187916,558.116919154619,0.15833333333333333,0.07777777777777778,0.08055555555555556,1878.2534155438136,0,overtaking,1.0,0.0,1.0,,,0.6666666666666666
overtaking_0061,overtaking,overtaking,give_way,mpc,MPC,modelled,311.4349663491268,1245.885558806507,9.67064799625635,6.670647996256349,container_feeder,handysize_bulker,power_driven,moderate,1981.7376325817775,-0.141938840666932,-4.060909589609934,1437.3608036310118,3.0584728711706743,True,True,False,-3.7755605821773197,5.649625149254897,981.9325297091365,106,51.38934931149605,False,0.015277777777777777,150.0,0.0,5955.692333223235,0.325,0.3138888888888889,0.0,5124.949734438492,0,overtaking,1.0,1.0,1.0,,,1.0
overtaking_0062,overtaking,overtaking,give_way,no_action,No action (baseline),modelled,376.76052337930975,759.6435733473252,8.380980799580637,5.380980799580637,coastal_tanker,container_feeder,not_under_command,good,1231.8342004556987,19.037997497600433,-0.6851165578598781,376.7609252396689,2.1344597455569323,False,True,False,-8.097427632275316e-13,8.097427632275316e-13,0.0,0,0.0,True,0.29583333333333334,60.0,699.643573347325,3049.5071453189726,0.0,0.0,0.0,282.34954964254837,0,overtaking,0.0,0.0,0.0,,,0.0
overtaking_0062,overtaking,overtaking,give_way,rule_based,Rule-based COLREGS,modelled,376.76052337930975,759.6435733473252,8.380980799580637,5.380980799580637,coastal_tanker,container_feeder,not_under_command,good,1231.8342004556987,19.037997497600433,-0.6851165578598781,995.0493664098256,2.33105674908058,True,True,False,-0.7366594525705905,7.170619481498711,3199.77578854645,62,43.1059882120359,False,0.029166666666666667,50.0,850.0735036978051,559.1797631589529,0.0,0.0,0.0,2436.8154362643336,0,overtaking,1.0,1.0,1.0,,,1.0
overtaking_0062,overtaking,overtaking,give_way,velocity_obstacle,Velocity obstacle,modelled,376.76052337930975,759.6435733473252,8.380980799580637,5.380980799580637,coastal_tanker,container_feeder,not_under_command,good,1231.8342004556987,19.037997497600433,-0.6851165578598781,1117.2391782959796,2.546153582985188,True,True,False,-1.4092103603514,4.124932898106489,1661.8203331360846,123,43.48222641279787,True,0.04722222222222222,55.0,210.70713106066808,4191.667522075628,0.0,0.0,0.0,1470.9119745032335,0,overtaking,1.0,1.0,1.0,,,1.0
overtaking_0062,overtaking,overtaking,give_way,mpc,MPC,modelled,376.76052337930975,759.6435733473252,8.380980799580637,5.380980799580637,coastal_tanker,container_feeder,not_under_command,good,1231.8342004556987,19.037997497600433,-0.6851165578598781,929.9834573468495,3.5022376324152877,True,True,False,-0.6913533887085371,1.7065704203181051,559.020433412232,58,39.504387930976044,True,0.05277777777777778,2145.0,0.0,5922.180403647577,0.0,0.0,0.0,3061.553563861543,0,overtaking,0.0,1.0,1.0,,,0.6666666666666666
overtaking_0063,overtaking,overtaking,give_way,no_action,No action (baseline),modelled,962.8438794800437,1681.474300162881,14.89522146791823,11.408294952028337,vlcc,container_feeder,power_driven,good,3167.389285193141,-19.121899707740727,0.435590625307011,962.8475144287434,1.8185472112190846,True,True,False,-1.3074077521074548e-12,1.3074077521074548e-12,0.0,0,0.0,True,0.06527777777777778,190.0,1491.4743001628842,8109.288105298951,0.5972222222222222,0.375,0.2222222222222222,881.4829184271101,0,overtaking,0.0,0.0,0.0,,,0.0
overtaking_0063,overtaking,overtaking,give_way,rule_based,Rule-based COLREGS,modelled,962.8438794800437,1681.474300162881,14.89522146791823,11.408294952028337,vlcc,container_feeder,power_driven,good,3167.389285193141,-19.121899707740727,0.435590625307011,2790.135192525566,2.8168293595208485,True,True,False,-4.506504837962658,8.057319644054243,1941.9016359840255,123,70.89998710270412,False,0.005555555555555556,,,14484.918024215262,0.4638888888888889,0.4638888888888889,0.0,6662.7506832080335,0,overtaking,1.0,1.0,1.0,,,1.0
overtaking_0063,overtaking,overtaking,give_way,velocity_obstacle,Velocity obstacle,modelled,962.8438794800437,1681.474300162881,14.89522146791823,11.408294952028337,vlcc,container_feeder,power_driven,good,3167.389285193141,-19.121899707740727,0.435590625307011,2107.503424481838,2.9162495887649453,True,True,False,-0.9153059295524136,1.8821603063258852,1186.8357012612653,92,32.20169911909239,False,0.005555555555555556,,,10869.735467478968,0.31666666666666665,0.31666666666666665,0.0,9784.798226585883,0,overtaking,1.0,1.0,1.0,,,1.0
overtaking_0063,overtaking,overtaking,give_way,mpc,MPC,modelled,962.8438794800437,1681.474300162881,14.89522146791823,11.408294952028337,vlcc,container_feeder,power_driven,good,3167.389285193141,-19.121899707740727,0.435590625307011,1803.9138337120246,2.986253885943545,True,True,False,-3.158909793129786,3.6823544718271535,882.0532609543875,91,29.43275865227532,False,0.002777777777777778,,,10635.199970387792,0.4236111111111111,0.4236111111111111,0.0,10558.501370111524,0,overtaking,1.0,0.0,1.0,,,0.6666666666666666
overtaking_0064,overtaking,overtaking,give_way,no_action,No action (baseline),modelled,647.6120579190288,1522.0787264906905,8.790913631193117,5.790913631193117,container_feeder,coastal_tanker,power_driven,restricted,2462.7333073100126,-8.243750190036605,-3.662600476491649,647.620187854089,2.4842695827928782,False,True,False,4.810910445942039e-13,-4.699028807664316e-13,0.0,0,0.0,True,0.011111111111111112,795.0,727.0787264906953,1024.2481107130643,0.12361111111111112,0.0,0.12361111111111112,1629.508668699548,0,overtaking,0.0,0.0,0.0,,,0.0
overtaking_0064,overtaking,overtaking,give_way,rule_based,Rule-based COLREGS,modelled,647.6120579190288,1522.0787264906905,8.790913631193117,5.790913631193117,container_feeder,coastal_tanker,power_driven,restricted,2462.7333073100126,-8.243750190036605,-3.662600476491649,1651.5201571746427,3.107847855341697,True,True,False,-0.7980293572820228,3.103938571909073,1296.9451162807748,62,35.23891759863412,False,0.001388888888888889,,,4023.676691068915,0.1125,0.10833333333333334,0.004166666666666667,9634.386502307661,0,overtaking,1.0,1.0,1.0,,,1.0
overtaking_0064,overtaking,overtaking,give_way,velocity_obstacle,Velocity obstacle,modelled,647.6120579190288,1522.0787264906905,8.790913631193117,5.790913631193117,container_feeder,coastal_tanker,power_driven,restricted,2462.7333073100126,-8.243750190036605,-3.662600476491649,1327.567867515919,2.9800262672010374,True,True,False,-0.48898144626790574,1.4778816521573879,656.3550527342333,75,34.858010872224135,False,0.001388888888888889,,,4456.86315248543,0.15138888888888888,0.14722222222222223,0.004166666666666667,9285.309796127163,0,overtaking,1.0,1.0,1.0,,,1.0
overtaking_0064,overtaking,overtaking,give_way,mpc,MPC,modelled,647.6120579190288,1522.0787264906905,8.790913631193117,5.790913631193117,container_feeder,coastal_tanker,power_driven,restricted,2462.7333073100126,-8.243750190036605,-3.662600476491649,1183.9529513081543,2.8634545464469046,True,True,False,-1.0941362687475529,1.7032850236429322,507.22111534081836,68,30.996045627127767,False,0.001388888888888889,,,4238.279659858479,0.17777777777777778,0.14305555555555555,0.034722222222222224,9053.039882674828,0,overtaking,1.0,1.0,1.0,,,1.0
overtaking_0065,overtaking,overtaking,give_way,no_action,No action (baseline),modelled,1269.2441268121368,1176.6140060652504,13.536739852873904,9.323617899549667,vlcc,container_feeder,power_driven,good,2941.8848468862675,-38.825359276616375,6.195223757804179,1269.2493479775583,1.9107406508865588,True,True,False,-3.1969174636616384e-13,3.1969174636616384e-13,0.0,0,0.0,True,0.043055555555555555,1970.0,0.0,6584.933393520428,0.4638888888888889,0.0,0.4638888888888889,665.6571698754319,0,overtaking,0.0,0.0,0.0,,,0.0
overtaking_0065,overtaking,overtaking,give_way,rule_based,Rule-based COLREGS,modelled,1269.2441268121368,1176.6140060652504,13.536739852873904,9.323617899549667,vlcc,container_feeder,power_driven,good,2941.8848468862675,-38.825359276616375,6.195223757804179,1269.2493479775583,1.9107406508865588,True,True,False,-3.5741283146145064,10.124995766121273,5350.563520330018,157,43.958774728516815,True,0.05277777777777778,1975.0,0.0,5879.742111906151,0.4708333333333333,0.0,0.4708333333333333,408.2317771054498,0,overtaking,1.0,1.0,0.0,,,0.6666666666666666
overtaking_0065,overtaking,overtaking,give_way,velocity_obstacle,Velocity obstacle,modelled,1269.2441268121368,1176.6140060652504,13.536739852873904,9.323617899549667,vlcc,container_feeder,power_driven,good,2941.8848468862675,-38.825359276616375,6.195223757804179,1269.2493479775583,1.9107406508865588,True,True,False,-0.8505750050715583,0.8912800563047959,156.09465407532176,40,9.927252018670586,True,0.05,1975.0,0.0,6487.366825508795,0.475,0.0,0.475,571.2073800236442,0,overtaking,1.0,0.0,0.0,,,0.3333333333333333
overtaking_0065,overtaking,overtaking,give_way,mpc,MPC,modelled,1269.2441268121368,1176.6140060652504,13.536739852873904,9.323617899549667,vlcc,container_feeder,power_driven,good,2941.8848468862675,-38.825359276616375,6.195223757804179,1269.2493479775583,1.9107406508865588,True,True,False,-2.878052123012134,2.98505356702538,258.186805349573,58,15.873366745470271,True,0.06944444444444445,1995.0,0.0,5276.514432259258,0.4736111111111111,0.0,0.4736111111111111,557.3662437837759,0,overtaking,1.0,0.0,0.0,,,0.3333333333333333
overtaking_0066,overtaking,overtaking,give_way,no_action,No action (baseline),modelled,1260.4969494439824,804.3026781540652,10.87921784714036,7.87921784714036,handysize_bulker,handysize_bulker,power_driven,good,1805.8435728803065,58.05193351558368,-5.423046090952642,1260.4974480397957,3.494981713379656,True,True,False,-1.102947873697309e-12,1.102947873697309e-12,0.0,0,0.0,True,0.10555555555555556,1840.0,0.0,6312.50951473402,0.004166666666666667,0.0,0.004166666666666667,409.31742401881314,0,overtaking,0.0,0.0,0.0,,,0.0
overtaking_0066,overtaking,overtaking,give_way,rule_based,Rule-based COLREGS,modelled,1260.4969494439824,804.3026781540652,10.87921784714036,7.87921784714036,handysize_bulker,handysize_bulker,power_driven,good,1805.8435728803065,58.05193351558368,-5.423046090952642,1260.4974480397957,2.489808916160156,True,True,False,-1.1921775052846177,5.30525796702837,2318.8511406733587,86,48.0758039446851,True,0.05416666666666667,2165.0,0.0,7492.333424604946,0.3486111111111111,0.0,0.3486111111111111,861.698801633021,0,overtaking,1.0,1.0,0.0,,,0.6666666666666666
overtaking_0066,overtaking,overtaking,give_way,velocity_obstacle,Velocity obstacle,modelled,1260.4969494439824,804.3026781540652,10.87921784714036,7.87921784714036,handysize_bulker,handysize_bulker,power_driven,good,1805.8435728803065,58.05193351558368,-5.423046090952642,1260.4974480397957,3.0998714214585394,True,True,False,-0.1977460685896699,0.4182269638196632,361.7120281311603,57,18.194311593158293,True,0.08472222222222223,2025.0,0.0,6456.204191998021,0.3416666666666667,0.0,0.3416666666666667,1030.711735368449,0,overtaking,1.0,0.0,0.0,,,0.3333333333333333
overtaking_0066,overtaking,overtaking,give_way,mpc,MPC,modelled,1260.4969494439824,804.3026781540652,10.87921784714036,7.87921784714036,handysize_bulker,handysize_bulker,power_driven,good,1805.8435728803065,58.05193351558368,-5.423046090952642,1260.4974480397957,3.21905712871189,True,True,False,-0.7509794656305521,0.8321965773599377,159.15487180731776,48,15.681178609832626,True,0.10416666666666667,1955.0,0.0,5849.080439837487,0.05555555555555555,0.0,0.05555555555555555,463.21526895921284,0,overtaking,1.0,0.0,0.0,,,0.3333333333333333
overtaking_0067,overtaking,overtaking,give_way,no_action,No action (baseline),modelled,1331.0748013025125,727.7857399509644,9.701301694004403,6.701301694004403,vlcc,vlcc,fishing,good,1752.3886166718426,-57.53958811344653,3.675603191562871,1331.0793184208671,2.2832104994401505,True,True,False,-3.4470035982084226e-13,3.4470035982084226e-13,0.0,0,0.0,True,0.24444444444444444,2045.0,0.0,6294.290015549813,0.0,0.0,0.0,278.7683086937599,0,overtaking,0.0,0.0,0.0,,,0.0
overtaking_0067,overtaking,overtaking,give_way,rule_based,Rule-based COLREGS,modelled,1331.0748013025125,727.7857399509644,9.701301694004403,6.701301694004403,vlcc,vlcc,fishing,good,1752.3886166718426,-57.53958811344653,3.675603191562871,1331.0793184208671,2.2832104994401505,True,True,False,-5.406501173820094,9.29328569951284,2572.050587856952,134,35.40735526439087,True,0.24027777777777778,2060.0,0.0,6061.967029797998,0.0,0.0,0.0,360.8260895605816,0,overtaking,1.0,1.0,0.0,,,0.6666666666666666
overtaking_0067,overtaking,overtaking,give_way,velocity_obstacle,Velocity obstacle,modelled,1331.0748013025125,727.7857399509644,9.701301694004403,6.701301694004403,vlcc,vlcc,fishing,good,1752.3886166718426,-57.53958811344653,3.675603191562871,1331.0793184208671,2.2832104994401505,True,True,False,-0.741043027660274,0.7683068868788164,107.40518798000153,14,6.899345801504012,True,0.2791666666666667,2050.0,0.0,6046.320689252538,0.0,0.0,0.0,422.7949008221525,0,overtaking,1.0,0.0,0.0,,,0.3333333333333333
overtaking_0067,overtaking,overtaking,give_way,mpc,MPC,modelled,1331.0748013025125,727.7857399509644,9.701301694004403,6.701301694004403,vlcc,vlcc,fishing,good,1752.3886166718426,-57.53958811344653,3.675603191562871,1331.0793184208671,2.2832104994401505,True,True,False,-6.832376171396572,6.894131690980421,213.21284458614707,26,9.330345299641552,True,0.3638888888888889,2065.0,7266.336591894868,4892.965637042987,0.0,0.0,0.0,789.5137863592437,0,overtaking,1.0,0.0,0.0,,,0.3333333333333333
overtaking_0068,overtaking,overtaking,give_way,no_action,No action (baseline),modelled,160.87750790428535,646.1352172511001,10.594021112103285,7.594021112103285,handysize_bulker,container_feeder,power_driven,good,1013.1452443124701,-5.324900487324218,-1.5095596694815363,160.88710689161815,0.546421130645791,False,False,True,-1.7082436667240678e-12,1.7082436667240678e-12,0.0,0,0.0,True,0.45,50.0,596.1352172511001,3548.185367994879,0.7638888888888888,0.001388888888888889,0.7625,242.23475951694817,0,overtaking,0.0,0.0,0.0,,,0.0
overtaking_0068,overtaking,overtaking,give_way,rule_based,Rule-based COLREGS,modelled,160.87750790428535,646.1352172511001,10.594021112103285,7.594021112103285,handysize_bulker,container_feeder,power_driven,good,1013.1452443124701,-5.324900487324218,-1.5095596694815363,945.6224730407811,1.3660089237810504,True,True,False,-0.9138191480360192,4.459976880895203,2325.747261779445,66,35.77255582312561,False,0.020833333333333332,40.0,708.3569908351551,286.968044322222,0.002777777777777778,0.001388888888888889,0.001388888888888889,2635.3953333413883,0,overtaking,1.0,1.0,1.0,,,1.0
overtaking_0068,overtaking,overtaking,give_way,velocity_obstacle,Velocity obstacle,modelled,160.87750790428535,646.1352172511001,10.594021112103285,7.594021112103285,handysize_bulker,container_feeder,power_driven,good,1013.1452443124701,-5.324900487324218,-1.5095596694815363,988.5187443440833,1.3939446021539972,True,True,False,-4.446471748543279,6.382182089918042,1048.9653627185453,107,61.62144072385148,False,0.02361111111111111,45.0,0.0,2180.2954340044676,0.1597222222222222,0.14027777777777778,0.019444444444444445,2966.804842953686,0,overtaking,1.0,1.0,1.0,,,1.0
overtaking_0068,overtaking,overtaking,give_way,mpc,MPC,modelled,160.87750790428535,646.1352172511001,10.594021112103285,7.594021112103285,handysize_bulker,container_feeder,power_driven,good,1013.1452443124701,-5.324900487324218,-1.5095596694815363,844.8442588633325,1.3877432993075454,False,True,False,-15.723669926746036,15.932137087317818,483.24951589747525,157,17.426451447158836,False,0.2611111111111111,35.0,1038.1346772431928,220.54917650963725,0.1597222222222222,0.034722222222222224,0.125,1340.2042123321805,0,overtaking,1.0,0.0,1.0,,,0.6666666666666666
overtaking_0069,overtaking,overtaking,give_way,no_action,No action (baseline),modelled,1489.200825339024,892.2653001032552,15.355694091732683,12.355694091732683,vlcc,coastal_tanker,power_driven,good,2029.4957164062998,-44.61215907489179,-0.6299356674179606,1489.2049396043221,2.797357303741118,True,True,False,1.306632770102234e-12,-1.306632770102234e-12,0.0,0,0.0,False,0.0,,,,0.0,0.0,0.0,,0,overtaking,0.0,0.0,0.0,,,0.0
overtaking_0069,overtaking,overtaking,give_way,rule_based,Rule-based COLREGS,modelled,1489.200825339024,892.2653001032552,15.355694091732683,12.355694091732683,vlcc,coastal_tanker,power_driven,good,2029.4957164062998,-44.61215907489179,-0.6299356674179606,1489.2049396043221,2.797357303741118,True,True,False,1.306632770102234e-12,-1.306632770102234e-12,0.0,0,0.0,False,0.0,,,,0.0,0.0,0.0,,0,overtaking,0.0,0.0,0.0,,,0.0
overtaking_0069,overtaking,overtaking,give_way,velocity_obstacle,Velocity obstacle,modelled,1489.200825339024,892.2653001032552,15.355694091732683,12.355694091732683,vlcc,coastal_tanker,power_driven,good,2029.4957164062998,-44.61215907489179,-0.6299356674179606,1489.2049396043221,2.797357303741118,True,True,False,1.306632770102234e-12,-1.306632770102234e-12,0.0,0,0.0,False,0.001388888888888889,,,28162.084007989444,0.10694444444444444,0.0,0.10694444444444444,33997.599704288295,0,overtaking,0.0,0.0,0.0,,,0.0
overtaking_0069,overtaking,overtaking,give_way,mpc,MPC,modelled,1489.200825339024,892.2653001032552,15.355694091732683,12.355694091732683,vlcc,coastal_tanker,power_driven,good,2029.4957164062998,-44.61215907489179,-0.6299356674179606,1489.2049396043221,2.797357303741118,True,True,False,-1.212258974135398,1.3980567165730584,339.54730660289886,38,21.909955348134265,False,0.001388888888888889,,,5317.232799165489,0.06527777777777778,0.0,0.06527777777777778,1383.550222336369,0,overtaking,0.0,0.0,0.0,,,0.0
overtaking_0070,overtaking,overtaking,give_way,no_action,No action (baseline),modelled,13.131981406505123,935.1453611814786,8.022843062632687,5.0228430626326865,coastal_tanker,handysize_bulker,power_driven,good,1454.789185451095,-5.176055132770176,3.423887272342329,13.133928159877984,0.0702311858881316,False,False,True,-8.091116770984701e-13,8.091116770984701e-13,0.0,0,0.0,True,0.6652777777777777,70.0,865.1453611814784,2773.5646892772656,0.029166666666666667,0.02638888888888889,0.002777777777777778,158.14207498044223,0,overtaking,0.0,0.0,0.0,,,0.0
overtaking_0070,overtaking,overtaking,give_way,rule_based,Rule-based COLREGS,modelled,13.131981406505123,935.1453611814786,8.022843062632687,5.0228430626326865,coastal_tanker,handysize_bulker,power_driven,good,1454.789185451095,-5.176055132770176,3.423887272342329,1182.9173182075574,3.3708766320556034,True,True,False,-0.620918248059666,3.337488944688919,1251.3445619200013,75,49.64478797559702,True,0.08888888888888889,60.0,574.3615466279467,12364.636666813403,0.375,0.09861111111111111,0.2763888888888889,2388.9408324484007,0,overtaking,1.0,1.0,1.0,,,1.0
overtaking_0070,overtaking,overtaking,give_way,velocity_obstacle,Velocity obstacle,modelled,13.131981406505123,935.1453611814786,8.022843062632687,5.0228430626326865,coastal_tanker,handysize_bulker,power_driven,good,1454.789185451095,-5.176055132770176,3.423887272342329,1103.90671301843,3.3934916876458066,True,True,False,-0.3867999563433521,1.6346244141937942,1217.304008118691,62,24.242169246045773,True,0.09305555555555556,60.0,623.4327981795058,5761.210325189483,0.3138888888888889,0.008333333333333333,0.3055555555555556,1330.68325423496,0,overtaking,1.0,0.0,1.0,,,0.6666666666666666
overtaking_0070,overtaking,overtaking,give_way,mpc,MPC,modelled,13.131981406505123,935.1453611814786,8.022843062632687,5.0228430626326865,coastal_tanker,handysize_bulker,power_driven,good,1454.789185451095,-5.176055132770176,3.423887272342329,1147.4410815262843,3.405529719720788,True,True,False,-1.023872198931139,3.702030698322411,1221.0874648285105,116,51.11766246687234,True,0.10972222222222222,2560.0,0.0,7158.39278464065,0.48194444444444445,0.14305555555555555,0.3388888888888889,2735.100209757241,0,overtaking,1.0,1.0,1.0,,,1.0
overtaking_0071,overtaking,overtaking,give_way,no_action,No action (baseline),modelled,770.9889161712041,1001.64701206673,11.69002414755931,8.69002414755931,vlcc,handysize_bulker,power_driven,good,1814.221876793333,-8.255116720632875,-6.117890217412606,770.9936450911272,1.0876866980932636,False,True,False,6.899081485313921e-13,-6.899081485313921e-13,0.0,0,0.0,False,0.12777777777777777,80.0,921.6470120667302,180.26749534512444,0.009722222222222222,0.006944444444444444,0.002777777777777778,1657.4327490188996,0,overtaking,0.0,0.0,0.0,,,0.0
overtaking_0071,overtaking,overtaking,give_way,rule_based,Rule-based COLREGS,modelled,770.9889161712041,1001.64701206673,11.69002414755931,8.69002414755931,vlcc,handysize_bulker,power_driven,good,1814.221876793333,-8.255116720632875,-6.117890217412606,1768.7477485839927,1.353227259622482,True,True,False,-2.5858255147577704,4.453167680371762,1391.1163357310936,102,39.212413843247084,False,0.02361111111111111,75.0,0.0,3234.2236671580285,0.225,0.225,0.0,3804.172410507945,0,overtaking,1.0,1.0,1.0,,,1.0
overtaking_0071,overtaking,overtaking,give_way,velocity_obstacle,Velocity obstacle,modelled,770.9889161712041,1001.64701206673,11.69002414755931,8.69002414755931,vlcc,handysize_bulker,power_driven,good,1814.221876793333,-8.255116720632875,-6.117890217412606,1437.9898799328173,1.3501272647475537,True,True,False,-0.7407769513892711,0.9600701663059302,640.2044046671472,20,10.227565316648585,False,0.05416666666666667,80.0,539.3942095477423,874.8978812341588,0.07777777777777778,0.07777777777777778,0.0,2216.0151670088558,0,overtaking,1.0,0.0,1.0,,,0.6666666666666666
overtaking_0071,overtaking,overtaking,give_way,mpc,MPC,modelled,770.9889161712041,1001.64701206673,11.69002414755931,8.69002414755931,vlcc,handysize_bulker,power_driven,good,1814.221876793333,-8.255116720632875,-6.117890217412606,1437.4545416690228,1.3553228772882786,True,True,False,-4.647257985768636,4.890624030357609,376.77569499992507,74,21.465286318868518,False,0.034722222222222224,105.0,0.0,645.5770365916443,0.10833333333333334,0.06805555555555555,0.034722222222222224,1852.957069777749,0,overtaking,1.0,0.0,1.0,,,0.6666666666666666
overtaking_0072,overtaking,overtaking,give_way,no_action,No action (baseline),modelled,253.95492885002164,971.0744916185552,11.758716581427542,8.758716581427542,container_feeder,coastal_tanker,power_driven,good,1520.1259607947363,-10.099248959556183,0.16517460014405927,253.9603435636299,1.0577932502349083,False,True,False,4.349469113798026e-13,-4.349469113798026e-13,0.0,0,0.0,True,0.3236111111111111,105.0,866.0744916185544,2628.2633524274315,0.6666666666666666,0.02361111111111111,0.6430555555555556,257.2471704289006,0,overtaking,0.0,0.0,0.0,,,0.0
overtaking_0072,overtaking,overtaking,give_way,rule_based,Rule-based COLREGS,modelled,253.95492885002164,971.0744916185552,11.758716581427542,8.758716581427542,container_feeder,coastal_tanker,power_driven,good,1520.1259607947363,-10.099248959556183,0.16517460014405927,1466.2138668736327,2.6947358746815526,True,True,False,-0.47608803204313105,3.0199606073466096,1910.0422770963512,56,34.9999546241659,False,0.008333333333333333,,,2831.1576532498934,0.07361111111111111,0.07361111111111111,0.0,5648.10351932586,0,overtaking,1.0,1.0,1.0,,,1.0
overtaking_0072,overtaking,overtaking,give_way,velocity_obstacle,Velocity obstacle,modelled,253.95492885002164,971.0744916185552,11.758716581427542,8.758716581427542,container_feeder,coastal_tanker,power_driven,good,1520.1259607947363,-10.099248959556183,0.16517460014405927,1482.9776646011383,2.689639657026096,True,True,False,-4.698500531015858,7.425485808628037,1245.2122375129893,76,61.73217944873272,False,0.004166666666666667,,,7025.533256562606,0.3625,0.3333333333333333,0.029166666666666667,9601.632279577294,0,overtaking,1.0,1.0,1.0,,,1.0
overtaking_0072,overtaking,overtaking,give_way,mpc,MPC,modelled,253.95492885002164,971.0744916185552,11.758716581427542,8.758716581427542,container_feeder,coastal_tanker,power_driven,good,1520.1259607947363,-10.099248959556183,0.16517460014405927,1021.3821360783974,2.6947358746815526,True,True,False,-0.7741839237826663,1.667057327948268,770.5056367193728,59,39.28887277873181,True,0.015277777777777777,2790.0,0.0,12581.973625689458,0.375,0.18194444444444444,0.19305555555555556,5835.074075209166,0,overtaking,1.0,1.0,1.0,,,1.0
overtaking_0073,overtaking,overtaking,give_way,no_action,No action (baseline),modelled,975.1739867258376,761.673211808668,10.571300546634909,7.571300546634909,container_feeder,container_feeder,power_driven,good,1527.9219889339192,-37.938372386353024,-0.6826553545928853,975.1774101152038,4.044578935787277,True,True,False,-1.302544129312923e-13,1.302544129312923e-13,0.0,0,0.0,True,0.029166666666666667,2330.0,0.0,5926.821909144142,0.3902777777777778,0.0,0.3902777777777778,553.5346371957401,0,overtaking,0.0,0.0,0.0,,,0.0
overtaking_0073,overtaking,overtaking,give_way,rule_based,Rule-based COLREGS,modelled,975.1739867258376,761.673211808668,10.571300546634909,7.571300546634909,container_feeder,container_feeder,power_driven,good,1527.9219889339192,-37.938372386353024,-0.6826553545928853,975.1774101152038,4.044578935787277,True,True,False,-2.13814573119954,2.57432684397461,382.21564130542805,87,25.45455894717066,True,0.03888888888888889,2480.0,0.0,9761.810753822903,0.3763888888888889,0.0,0.3763888888888889,672.0869560070774,0,overtaking,0.0,0.0,0.0,,,0.0
overtaking_0073,overtaking,overtaking,give_way,velocity_obstacle,Velocity obstacle,modelled,975.1739867258376,761.673211808668,10.571300546634909,7.571300546634909,container_feeder,container_feeder,power_driven,good,1527.9219889339192,-37.938372386353024,-0.6826553545928853,975.1774101152038,4.044578935787277,True,True,False,-10.474128116895868,16.21648201266457,2395.5193527214415,138,61.53753090558656,True,0.05,2320.0,0.0,4298.247316922829,0.25833333333333336,0.0,0.25833333333333336,427.99084532543793,0,overtaking,1.0,1.0,0.0,,,0.6666666666666666
overtaking_0073,overtaking,overtaking,give_way,mpc,MPC,modelled,975.1739867258376,761.673211808668,10.571300546634909,7.571300546634909,container_feeder,container_feeder,power_driven,good,1527.9219889339192,-37.938372386353024,-0.6826553545928853,975.1774101152038,4.044578935787277,True,True,False,-1.9454510834473966,2.349392635853359,363.83629501438537,58,34.177632049333724,True,0.02638888888888889,2340.0,0.0,6063.28827694838,0.33194444444444443,0.0,0.33194444444444443,448.0320542080295,0,overtaking,1.0,1.0,0.0,,,0.6666666666666666
overtaking_0074,overtaking,overtaking,give_way,no_action,No action (baseline),modelled,427.08086417897016,790.6633152283694,8.089154035085521,5.089154035085521,coastal_tanker,vlcc,restricted_manoeuvrability,good,1371.171432806697,-2.065317565381385,-10.04201666791493,427.08226305818516,1.7082404472014552,False,True,False,8.511140600425108e-13,-8.511140600425108e-13,0.0,0,0.0,False,0.4083333333333333,60.0,730.6633152283694,5447.8027417600715,0.0,0.0,0.0,374.2358480441574,0,overtaking,0.0,0.0,0.0,,,0.0
overtaking_0074,overtaking,overtaking,give_way,rule_based,Rule-based COLREGS,modelled,427.08086417897016,790.6633152283694,8.089154035085521,5.089154035085521,coastal_tanker,vlcc,restricted_manoeuvrability,good,1371.171432806697,-2.065317565381385,-10.04201666791493,1295.2791394513608,2.9568335689907954,True,True,False,-1.082311122556813,2.9598302586040166,798.3444742552605,76,57.206271162568726,False,0.016666666666666666,55.0,288.9208173570108,6538.90314309945,0.0,0.0,0.0,5209.595750945293,0,overtaking,1.0,1.0,1.0,,,1.0
overtaking_0074,overtaking,overtaking,give_way,velocity_obstacle,Velocity obstacle,modelled,427.08086417897016,790.6633152283694,8.089154035085521,5.089154035085521,coastal_tanker,vlcc,restricted_manoeuvrability,good,1371.171432806697,-2.065317565381385,-10.04201666791493,945.7573234806645,2.871800450039023,True,True,False,-0.6532347387703753,1.039345493767298,543.2066349000011,53,26.46566930753855,False,0.016666666666666666,55.0,242.38710638242378,1038.3787113671208,0.0,0.0,0.0,3266.2563169442956,0,overtaking,1.0,0.0,1.0,,,0.6666666666666666
overtaking_0074,overtaking,overtaking,give_way,mpc,MPC,modelled,427.08086417897016,790.6633152283694,8.089154035085521,5.089154035085521,coastal_tanker,vlcc,restricted_manoeuvrability,good,1371.171432806697,-2.065317565381385,-10.04201666791493,1263.832471621358,2.8850293378299647,True,True,False,-0.6623215532792096,1.9654395420732413,802.7573252644402,83,36.50245861817314,False,0.02638888888888889,60.0,322.23254458031084,2229.8586671415883,0.0,0.0,0.0,3315.0215047747156,0,overtaking,1.0,1.0,1.0,,,1.0
overtaking_0075,overtaking,overtaking,give_way,no_action,No action (baseline),modelled,784.7331804114251,1073.6593653331802,8.864742277134768,5.864742277134768,container_feeder,vlcc,power_driven,good,1970.272021582151,4.605095777926106,10.393301250950351,784.7364251010302,2.1777992664670722,False,True,False,-1.8417674970399785e-12,1.8417674970399785e-12,0.0,0,0.0,False,0.17916666666666667,90.0,983.6593653331795,288.8435237095069,0.03888888888888889,0.0,0.03888888888888889,1485.9358094503618,0,overtaking,0.0,0.0,0.0,,,0.0
overtaking_0075,overtaking,overtaking,give_way,rule_based,Rule-based COLREGS,modelled,784.7331804114251,1073.6593653331802,8.864742277134768,5.864742277134768,container_feeder,vlcc,power_driven,good,1970.272021582151,4.605095777926106,10.393301250950351,1799.4069137175534,3.0429448277891473,True,True,False,-12.66198462723291,13.997770693933024,1644.901483596738,343,20.56217179093263,False,0.05277777777777778,85.0,506.410185575731,242.40648897535095,0.025,0.025,0.0,2066.62594434006,0,overtaking,0.0,0.0,1.0,,,0.3333333333333333
overtaking_0075,overtaking,overtaking,give_way,velocity_obstacle,Velocity obstacle,modelled,784.7331804114251,1073.6593653331802,8.864742277134768,5.864742277134768,container_feeder,vlcc,power_driven,good,1970.272021582151,4.605095777926106,10.393301250950351,1181.1060863900839,3.162574805376681,True,True,False,-0.9321600720834273,3.469998884055991,2271.902794415902,83,26.769982519334956,True,0.30694444444444446,85.0,1137.477908252853,2081.4076838467263,0.33055555555555555,0.029166666666666667,0.3013888888888889,978.036936485497,0,overtaking,1.0,0.0,1.0,,,0.6666666666666666
overtaking_0075,overtaking,overtaking,give_way,mpc,MPC,modelled,784.7331804114251,1073.6593653331802,8.864742277134768,5.864742277134768,container_feeder,vlcc,power_driven,good,1970.272021582151,4.605095777926106,10.393301250950351,165.35050735248163,0.4589713255807078,False,False,True,-1.4986674116181693,5.185595622080369,1295.0654316129683,89,60.4566433973502,True,0.7194444444444444,90.0,94.0762767360065,1653.3200294873254,0.11666666666666667,0.04861111111111111,0.06805555555555555,180.45034687237256,0,overtaking,1.0,1.0,1.0,,,1.0
overtaking_0076,overtaking,overtaking,give_way,no_action,No action (baseline),modelled,447.0825278261085,1545.237633348096,11.033692780236793,8.033692780236793,container_feeder,vlcc,power_driven,good,2789.135196925727,-34.34462306335755,10.545068824559483,447.0827282921736,1.1163101662806925,False,True,False,1.1944741110083224e-12,-1.1944741110083224e-12,0.0,0,0.0,True,0.44722222222222224,1725.0,0.0,3787.3403607188043,0.10416666666666667,0.0,0.10416666666666667,96.73544603144963,0,overtaking,0.0,0.0,0.0,,,0.0
overtaking_0076,overtaking,overtaking,give_way,rule_based,Rule-based COLREGS,modelled,447.0825278261085,1545.237633348096,11.033692780236793,8.033692780236793,container_feeder,vlcc,power_driven,good,2789.135196925727,-34.34462306335755,10.545068824559483,447.0827282921736,1.1225835129854047,False,True,False,-0.5445618030242034,6.278391035640735,3853.5466473031634,56,34.99999999999971,True,0.20416666666666666,1725.0,0.0,4872.667036116199,0.5263888888888889,0.0,0.5263888888888889,373.92876880137794,0,overtaking,1.0,1.0,0.0,,,0.6666666666666666
overtaking_0076,overtaking,overtaking,give_way,velocity_obstacle,Velocity obstacle,modelled,447.0825278261085,1545.237633348096,11.033692780236793,8.033692780236793,container_feeder,vlcc,power_driven,good,2789.135196925727,-34.34462306335755,10.545068824559483,447.0827282921736,1.1226129000383052,False,True,False,-6.10688445030197,9.588742431875527,1432.4444431004886,81,62.506915637219876,True,0.17916666666666667,1720.0,0.0,5318.410351908383,0.22916666666666666,0.0,0.22916666666666666,350.2771727084919,0,overtaking,1.0,1.0,0.0,,,0.6666666666666666
overtaking_0076,overtaking,overtaking,give_way,mpc,MPC,modelled,447.0825278261085,1545.237633348096,11.033692780236793,8.033692780236793,container_feeder,vlcc,power_driven,good,2789.135196925727,-34.34462306335755,10.545068824559483,191.83001634765628,0.4447331215448258,False,False,True,-8.963630914704547,9.547990910496658,613.5045688245062,144,34.07720157145107,True,0.44166666666666665,1720.0,0.0,1187.733054643878,0.31527777777777777,0.0,0.31527777777777777,36.20157394531618,0,overtaking,1.0,1.0,0.0,,,0.6666666666666666
overtaking_0077,overtaking,overtaking,give_way,no_action,No action (baseline),modelled,185.19434555090498,1621.8902825939701,9.70373218061866,6.70373218061866,coastal_tanker,coastal_tanker,power_driven,moderate,2569.297596112124,-6.114925260870556,4.675473351999205,185.21842747255263,0.9062554370695771,False,False,False,-1.0135706558145515e-12,1.0135706558145515e-12,0.0,0,0.0,True,0.2986111111111111,505.0,1116.890282593962,2526.6374616809667,0.2361111111111111,0.11805555555555555,0.05277777777777778,306.9452254188414,0,overtaking,0.0,0.0,0.0,,,0.0
overtaking_0077,overtaking,overtaking,give_way,rule_based,Rule-based COLREGS,modelled,185.19434555090498,1621.8902825939701,9.70373218061866,6.70373218061866,coastal_tanker,coastal_tanker,power_driven,moderate,2569.297596112124,-6.114925260870556,4.675473351999205,846.6213676073393,4.142815557614472,False,True,False,-0.2941783840771737,2.0126417548114928,1113.8410093351417,56,34.9924129252012,True,0.020833333333333332,2745.0,0.0,8051.952131783641,0.4263888888888889,0.2833333333333333,0.14305555555555555,5954.22993116756,0,overtaking,1.0,1.0,1.0,,,1.0
overtaking_0077,overtaking,overtaking,give_way,velocity_obstacle,Velocity obstacle,modelled,185.19434555090498,1621.8902825939701,9.70373218061866,6.70373218061866,coastal_tanker,coastal_tanker,power_driven,moderate,2569.297596112124,-6.114925260870556,4.675473351999205,706.26925309336,3.4560465276541397,False,True,False,-0.17513470842689682,1.5149790887899584,955.0706700437976,73,34.644264161057436,True,0.059722222222222225,2540.0,0.0,4728.620619038411,0.5277777777777778,0.25,0.2777777777777778,4612.815295571051,0,overtaking,1.0,1.0,1.0,,,1.0
overtaking_0077,overtaking,overtaking,give_way,mpc,MPC,modelled,185.19434555090498,1621.8902825939701,9.70373218061866,6.70373218061866,coastal_tanker,coastal_tanker,power_driven,moderate,2569.297596112124,-6.114925260870556,4.675473351999205,897.9082496920097,4.393811721900531,False,True,False,-0.26411262239245886,1.8065240388184887,1159.27859697524,57,31.536364858825,True,0.019444444444444445,2750.0,0.0,13464.31313978438,0.4111111111111111,0.30277777777777776,0.10833333333333334,5500.841093098794,0,overtaking,1.0,1.0,1.0,,,1.0
overtaking_0078,overtaking,overtaking,give_way,no_action,No action (baseline),modelled,885.9738439847391,664.6357734107288,14.626709616018882,11.626709616018882,handysize_bulker,coastal_tanker,fishing,good,1620.4887506494797,2.3574172654236705,-11.431938313055742,885.9741560078321,1.5777095041699856,False,True,False,4.707000353360955e-13,-4.707000353360955e-13,0.0,0,0.0,False,0.06805555555555555,100.0,564.6357734107286,897.2694280566774,0.0,0.0,0.0,1705.2784778884882,0,overtaking,0.0,0.0,0.0,,,0.0
overtaking_0078,overtaking,overtaking,give_way,rule_based,Rule-based COLREGS,modelled,885.9738439847391,664.6357734107288,14.626709616018882,11.626709616018882,handysize_bulker,coastal_tanker,fishing,good,1620.4887506494797,2.3574172654236705,-11.431938313055742,1506.3910918255783,2.1025821327231946,True,True,False,-0.6286910264197368,3.170532271106964,2352.4375416923363,61,34.999994588558934,False,0.016666666666666666,85.0,118.94498061103448,1177.6812641328663,0.0,0.0,0.0,2557.563138127171,0,overtaking,1.0,1.0,1.0,,,1.0
overtaking_0078,overtaking,overtaking,give_way,velocity_obstacle,Velocity obstacle,modelled,885.9738439847391,664.6357734107288,14.626709616018882,11.626709616018882,handysize_bulker,coastal_tanker,fishing,good,1620.4887506494797,2.3574172654236705,-11.431938313055742,1361.8067864784728,2.0892067500238105,True,True,False,-0.5338730675616105,0.6722834168380663,510.0121614680375,43,18.707233974512445,False,0.027777777777777776,65.0,68.45169841512059,934.9339812159868,0.0,0.0,0.0,2068.163844721284,0,overtaking,1.0,0.0,1.0,,,0.6666666666666666
overtaking_0078,overtaking,overtaking,give_way,mpc,MPC,modelled,885.9738439847391,664.6357734107288,14.626709616018882,11.626709616018882,handysize_bulker,coastal_tanker,fishing,good,1620.4887506494797,2.3574172654236705,-11.431938313055742,1356.1007336276982,2.291069089360006,True,True,False,-1.194066303899807,1.3829293211148233,310.6301718485814,44,26.896360372121325,False,0.03194444444444444,70.0,0.0,905.5665871513182,0.0,0.0,0.0,1856.3407100565753,0,overtaking,1.0,0.0,1.0,,,0.6666666666666666
overtaking_0079,overtaking,overtaking,give_way,no_action,No action (baseline),modelled,919.9919250044644,1119.8010612286819,15.393086995408648,12.393086995408648,container_feeder,coastal_tanker,power_driven,good,1958.6754624415066,-26.3174291249197,-0.4110732937420991,919.9919762927086,3.8197507414279044,False,True,False,1.622933867030951e-12,-1.622933867030951e-12,0.0,0,0.0,True,0.015277777777777777,2595.0,0.0,5078.772371657273,0.2916666666666667,0.0,0.2916666666666667,260.11445618237616,0,overtaking,0.0,0.0,0.0,,,0.0
overtaking_0079,overtaking,overtaking,give_way,rule_based,Rule-based COLREGS,modelled,919.9919250044644,1119.8010612286819,15.393086995408648,12.393086995408648,container_feeder,coastal_tanker,power_driven,good,1958.6754624415066,-26.3174291249197,-0.4110732937420991,919.9919762927086,3.8197507414279044,False,True,False,-1.065631452238916,1.4419557148309514,424.5423518090163,75,24.814268485902666,True,0.0125,2730.0,0.0,10595.874103399541,0.28055555555555556,0.0,0.28055555555555556,408.1014386374613,0,overtaking,0.0,0.0,0.0,,,0.0
overtaking_0079,overtaking,overtaking,give_way,velocity_obstacle,Velocity obstacle,modelled,919.9919250044644,1119.8010612286819,15.393086995408648,12.393086995408648,container_feeder,coastal_tanker,power_driven,good,1958.6754624415066,-26.3174291249197,-0.4110732937420991,919.9919762927086,3.8197507414279044,False,True,False,-0.32914212688465455,0.591535858349156,415.5266911265774,44,30.801967191561534,True,0.006944444444444444,2655.0,0.0,7098.014632524133,0.027777777777777776,0.0,0.027777777777777776,865.0331474495848,0,overtaking,1.0,1.0,0.0,,,0.6666666666666666
overtaking_0079,overtaking,overtaking,give_way,mpc,MPC,modelled,919.9919250044644,1119.8010612286819,15.393086995408648,12.393086995408648,container_feeder,coastal_tanker,power_driven,good,1958.6754624415066,-26.3174291249197,-0.4110732937420991,919.9919762927086,3.8197507414279044,False,True,False,-0.18396367537993377,0.3820259728065528,427.79893165416536,38,19.457582355229352,True,0.009722222222222222,2825.0,0.0,8831.190780891558,0.3013888888888889,0.0,0.3013888888888889,427.1811546566165,0,overtaking,0.0,0.0,0.0,,,0.0
overtaking_0080,overtaking,overtaking,give_way,no_action,No action (baseline),modelled,738.4550395601143,646.5251202598965,9.30851674804979,6.30851674804979,container_feeder,coastal_tanker,power_driven,good,1270.1211917506444,23.19980588275374,6.046512459513096,738.4590631107167,2.4933410728578274,False,True,False,6.339625392339133e-13,-6.339625392339133e-13,0.0,0,0.0,False,0.013888888888888888,55.0,591.5251202598973,2407.824616766498,0.08055555555555556,0.08055555555555556,0.0,3981.5701941802736,0,overtaking,0.0,0.0,0.0,,,0.0
overtaking_0080,overtaking,overtaking,give_way,rule_based,Rule-based COLREGS,modelled,738.4550395601143,646.5251202598965,9.30851674804979,6.30851674804979,container_feeder,coastal_tanker,power_driven,good,1270.1211917506444,23.19980588275374,6.046512459513096,1152.3163706198611,1.9464192598291168,True,True,False,-1.356276555764803,6.539653493352034,2357.658403220883,99,60.78245102554579,True,0.04861111111111111,60.0,1407.2024711780305,9144.423737526406,0.25555555555555554,0.027777777777777776,0.22777777777777777,1354.0796057089424,0,overtaking,1.0,1.0,1.0,,,1.0
overtaking_0080,overtaking,overtaking,give_way,velocity_obstacle,Velocity obstacle,modelled,738.4550395601143,646.5251202598965,9.30851674804979,6.30851674804979,container_feeder,coastal_tanker,power_driven,good,1270.1211917506444,23.19980588275374,6.046512459513096,698.7793576057466,2.1504198995782047,False,True,False,-3.963144218843459,7.7303179120186085,1762.7164513240816,168,61.189022398391046,True,0.12083333333333333,70.0,557.2581821657893,5859.148325720027,0.4236111111111111,0.16944444444444445,0.25416666666666665,860.152604207545,0,overtaking,1.0,1.0,1.0,,,1.0
overtaking_0080,overtaking,overtaking,give_way,mpc,MPC,modelled,738.4550395601143,646.5251202598965,9.30851674804979,6.30851674804979,container_feeder,coastal_tanker,power_driven,good,1270.1211917506444,23.19980588275374,6.046512459513096,1204.134573841203,2.5473088684067404,True,True,False,-1.1580175853577477,1.7446458503523479,411.75644747331165,61,37.540231533211546,False,0.002777777777777778,,,7391.994043447112,0.28194444444444444,0.28194444444444444,0.0,10164.116818602979,0,overtaking,0.0,1.0,1.0,,,0.6666666666666666
overtaking_0081,overtaking,overtaking,give_way,no_action,No action (baseline),modelled,166.15596430149688,1471.1120228364007,14.69100816716875,11.447543311050222,handysize_bulker,coastal_tanker,power_driven,good,2877.9046106227975,-23.910220236076842,8.724928860902452,166.17015730025742,0.3442359100139805,False,False,False,-1.3523608807542367e-12,1.3523608807542367e-12,0.0,0,0.0,False,0.21944444444444444,305.0,1166.1120228364018,183.24867781391535,0.11527777777777778,0.11527777777777778,0.0,751.0430323163238,0,overtaking,0.0,0.0,0.0,,,0.0
overtaking_0081,overtaking,overtaking,give_way,rule_based,Rule-based COLREGS,modelled,166.15596430149688,1471.1120228364007,14.69100816716875,11.447543311050222,handysize_bulker,coastal_tanker,power_driven,good,2877.9046106227975,-23.910220236076842,8.724928860902452,1863.3907832306886,3.860421146296774,True,True,False,-0.5084351700943885,3.5120544575081114,2773.1224981068513,54,34.99999952485995,True,0.0125,235.0,1236.1120228364032,3403.111706947453,0.18333333333333332,0.06805555555555555,0.11527777777777778,2029.6120292149767,0,overtaking,1.0,1.0,1.0,,,1.0
overtaking_0081,overtaking,overtaking,give_way,velocity_obstacle,Velocity obstacle,modelled,166.15596430149688,1471.1120228364007,14.69100816716875,11.447543311050222,handysize_bulker,coastal_tanker,power_driven,good,2877.9046106227975,-23.910220236076842,8.724928860902452,4.843415985068915,0.00776105675080935,False,False,True,-0.040966681419325385,0.07895824572059265,199.87040635944814,25,8.442433995603038,True,0.22916666666666666,1140.0,387.69102947702163,3690.7822788782964,0.29583333333333334,0.2902777777777778,0.005555555555555556,1425.9936100666407,0,overtaking,1.0,0.0,1.0,,,0.6666666666666666
overtaking_0081,overtaking,overtaking,give_way,mpc,MPC,modelled,166.15596430149688,1471.1120228364007,14.69100816716875,11.447543311050222,handysize_bulker,coastal_tanker,power_driven,good,2877.9046106227975,-23.910220236076842,8.724928860902452,972.202891316278,1.8854964074357792,True,True,False,-2.670430686490318,3.073300017927845,477.07489044066875,56,35.6614112223035,False,0.08888888888888889,515.0,1231.0216922694412,441.3965097600735,0.17222222222222222,0.08055555555555556,0.09166666666666666,910.661814282603,0,overtaking,0.0,1.0,1.0,,,0.6666666666666666
overtaking_0082,overtaking,overtaking,give_way,no_action,No action (baseline),modelled,330.6729433362914,1743.956548729864,9.72977858044798,6.729778580447981,container_feeder,vlcc,power_driven,good,2790.9297785290823,4.609411766779909,-5.211466235801156,330.6771005247566,1.1522730426678236,False,True,False,1.1321602317974072e-12,-1.1321602317974072e-12,0.0,0,0.0,True,0.7180555555555556,135.0,1608.956548729868,1625.366923819899,0.3458333333333333,0.0,0.3458333333333333,337.5402935087541,0,overtaking,0.0,0.0,0.0,,,0.0
overtaking_0082,overtaking,overtaking,give_way,rule_based,Rule-based COLREGS,modelled,330.6729433362914,1743.956548729864,9.72977858044798,6.729778580447981,container_feeder,vlcc,power_driven,good,2790.9297785290823,4.609411766779909,-5.211466235801156,1711.0948026809358,2.8666480480611236,True,True,False,-5.34281274905716,16.468335844365757,2733.462912614903,274,35.08553671603071,False,0.1625,1010.0,1666.223475297223,624.3060814905818,0.0,0.0,0.0,1226.6243072343507,0,overtaking,1.0,1.0,1.0,,,1.0
overtaking_0082,overtaking,overtaking,give_way,velocity_obstacle,Velocity obstacle,modelled,330.6729433362914,1743.956548729864,9.72977858044798,6.729778580447981,container_feeder,vlcc,power_driven,good,2790.9297785290823,4.609411766779909,-5.211466235801156,1606.5623680124831,4.248970087272868,True,True,False,-0.46713148728679776,1.9003493209381748,1232.621594517742,61,28.682858591019755,False,0.029166666666666667,,,4951.043684018544,0.3125,0.30694444444444446,0.001388888888888889,5822.210287784168,0,overtaking,1.0,0.0,1.0,,,0.6666666666666666
overtaking_0082,overtaking,overtaking,give_way,mpc,MPC,modelled,330.6729433362914,1743.956548729864,9.72977858044798,6.729778580447981,container_feeder,vlcc,power_driven,good,2790.9297785290823,4.609411766779909,-5.211466235801156,1389.5095863427157,3.238661589360158,True,True,False,-6.348626305533199,6.759905927682775,834.6409218792362,237,19.25610698618731,False,0.33194444444444443,135.0,1236.8827446113498,458.64260456185053,0.12222222222222222,0.10555555555555556,0.016666666666666666,1035.4993563569672,0,overtaking,1.0,0.0,1.0,,,0.6666666666666666
overtaking_0083,overtaking,overtaking,give_way,no_action,No action (baseline),modelled,183.63065668594726,1674.2061228381758,14.261428428184319,11.261428428184319,container_feeder,coastal_tanker,power_driven,good,2935.8115016207403,28.305868310159976,-7.257455055659769,183.63591275752833,0.4866135865912172,False,False,False,1.7241292202401445e-12,-1.7241292202401445e-12,0.0,0,0.0,True,0.23055555555555557,1765.0,0.0,3306.8130515621237,0.4722222222222222,0.0,0.4722222222222222,168.15600901696567,0,overtaking,0.0,0.0,0.0,,,0.0
overtaking_0083,overtaking,overtaking,give_way,rule_based,Rule-based COLREGS,modelled,183.63065668594726,1674.2061228381758,14.261428428184319,11.261428428184319,container_feeder,coastal_tanker,power_driven,good,2935.8115016207403,28.305868310159976,-7.257455055659769,183.63591275752833,0.418173797260293,False,False,False,-0.33215055927205095,3.6353128924268825,2959.3733501560423,56,34.99999545702939,True,0.05555555555555555,1765.0,0.0,7998.780217155224,0.4875,0.0,0.4875,677.3369848789997,0,overtaking,1.0,1.0,0.0,,,0.6666666666666666
overtaking_0083,overtaking,overtaking,give_way,velocity_obstacle,Velocity obstacle,modelled,183.63065668594726,1674.2061228381758,14.261428428184319,11.261428428184319,container_feeder,coastal_tanker,power_driven,good,2935.8115016207403,28.305868310159976,-7.257455055659769,157.57675844917856,0.3167815971255419,False,False,False,-4.569598433301422,7.24358273875121,1489.1022890509457,72,60.29847447249398,True,0.029166666666666667,1765.0,0.0,8403.429256330506,0.18194444444444444,0.08194444444444444,0.1,701.8250415229622,0,overtaking,1.0,1.0,0.0,,,0.6666666666666666
overtaking_0083,overtaking,overtaking,give_way,mpc,MPC,modelled,183.63065668594726,1674.2061228381758,14.261428428184319,11.261428428184319,container_feeder,coastal_tanker,power_driven,good,2935.8115016207403,28.305868310159976,-7.257455055659769,183.63591275752833,0.40035449644765775,False,False,False,-3.7316977378241027,3.7641501512199382,108.24597907877111,29,13.380761712356225,True,0.05,1765.0,0.0,1593.3560404662833,0.1388888888888889,0.0,0.1388888888888889,649.7158215713656,0,overtaking,1.0,0.0,0.0,,,0.3333333333333333
overtaking_0084,overtaking,overtaking,give_way,no_action,No action (baseline),modelled,831.744598086259,1527.7223047871253,9.877109709993933,6.877109709993933,handysize_bulker,container_feeder,power_driven,moderate,2831.605083360479,-6.974728150175505,11.779046802480593,831.7543875277233,1.726061933518079,False,True,False,1.214850350386626e-12,-1.214850350386626e-12,0.0,0,0.0,False,0.09444444444444444,285.0,1242.7223047871225,729.5802609277757,0.42916666666666664,0.043055555555555555,0.3861111111111111,1182.2594836586052,0,overtaking,0.0,0.0,0.0,,,0.0
overtaking_0084,overtaking,overtaking,give_way,rule_based,Rule-based COLREGS,modelled,831.744598086259,1527.7223047871253,9.877109709993933,6.877109709993933,handysize_bulker,container_feeder,power_driven,moderate,2831.605083360479,-6.974728150175505,11.779046802480593,510.5363110603833,1.0595147521352954,False,True,False,-1.0302223529223589,3.9434966161081353,1800.9145265683571,68,36.145812646912326,True,0.15,2555.0,0.0,4087.4774465668493,0.5875,0.3416666666666667,0.24583333333333332,5755.49223490489,0,overtaking,1.0,1.0,1.0,,,1.0
overtaking_0084,overtaking,overtaking,give_way,velocity_obstacle,Velocity obstacle,modelled,831.744598086259,1527.7223047871253,9.877109709993933,6.877109709993933,handysize_bulker,container_feeder,power_driven,moderate,2831.605083360479,-6.974728150175505,11.779046802480593,386.55478765547355,0.802226597130477,False,False,False,-2.032557503533212,4.108098516133957,1671.7520683331686,144,31.20241398434243,True,0.19444444444444445,280.0,720.0780246489977,2233.420350642002,0.4652777777777778,0.34305555555555556,0.12222222222222222,1523.210188038255,0,overtaking,1.0,1.0,1.0,,,1.0
overtaking_0084,overtaking,overtaking,give_way,mpc,MPC,modelled,831.744598086259,1527.7223047871253,9.877109709993933,6.877109709993933,handysize_bulker,container_feeder,power_driven,moderate,2831.605083360479,-6.974728150175505,11.779046802480593,231.4091163686308,0.4802228261346237,False,False,False,-0.9461988835275802,1.7871732335193031,808.2950601286253,73,29.861982465305047,False,0.2125,745.0,1154.2503498354213,1849.6486053995202,0.3055555555555556,0.2902777777777778,0.0,884.2502941000706,0,overtaking,1.0,0.0,1.0,,,0.6666666666666666
overtaking_0085,overtaking,overtaking,give_way,no_action,No action (baseline),modelled,1453.649176846302,1785.4150723179853,14.249919136144749,9.293889571306295,coastal_tanker,coastal_tanker,power_driven,good,4778.761063718011,18.149223952819526,-0.23454168280374432,1453.6495620955704,8.256369513662605,True,True,False,5.107544394589681e-13,-5.107544394589681e-13,0.0,0,0.0,False,0.001388888888888889,,,7785.985113897285,0.3125,0.3125,0.0,10710.894850712657,0,overtaking,0.0,0.0,0.0,,,0.0
overtaking_0085,overtaking,overtaking,give_way,rule_based,Rule-based COLREGS,modelled,1453.649176846302,1785.4150723179853,14.249919136144749,9.293889571306295,coastal_tanker,coastal_tanker,power_driven,good,4778.761063718011,18.149223952819526,-0.23454168280374432,1453.6495620955704,8.256369513662605,True,True,False,5.107544394589681e-13,-5.107544394589681e-13,0.0,0,0.0,False,0.001388888888888889,,,6522.777708927381,0.12222222222222222,0.0,0.12222222222222222,3550.434324139835,0,overtaking,0.0,0.0,0.0,,,0.0
overtaking_0085,overtaking,overtaking,give_way,velocity_obstacle,Velocity obstacle,modelled,1453.649176846302,1785.4150723179853,14.249919136144749,9.293889571306295,coastal_tanker,coastal_tanker,power_driven,good,4778.761063718011,18.149223952819526,-0.23454168280374432,1453.6495620955704,8.256369513662605,True,True,False,5.107544394589681e-13,-5.107544394589681e-13,0.0,0,0.0,False,0.001388888888888889,,,6050.87565922506,0.09305555555555556,0.0,0.09305555555555556,2469.33432641644,0,overtaking,0.0,0.0,0.0,,,0.0
overtaking_0085,overtaking,overtaking,give_way,mpc,MPC,modelled,1453.649176846302,1785.4150723179853,14.249919136144749,9.293889571306295,coastal_tanker,coastal_tanker,power_driven,good,4778.761063718011,18.149223952819526,-0.23454168280374432,1453.6495620955704,8.256369513662605,True,True,False,5.107544394589681e-13,-5.107544394589681e-13,0.0,0,0.0,False,0.002777777777777778,,,5747.644784279425,0.1486111111111111,0.0,0.1486111111111111,1611.4778058889012,0,overtaking,0.0,0.0,0.0,,,0.0
overtaking_0086,overtaking,overtaking,give_way,no_action,No action (baseline),modelled,10.231496578943677,1517.9394681188103,8.229938081227148,5.229938081227148,coastal_tanker,vlcc,power_driven,good,2343.287354910134,0.7648422539156029,-0.5823560646085042,10.71454495695299,0.05842880140163756,False,False,True,-5.975390150621818e-13,5.975390150621818e-13,0.0,0,0.0,True,0.9430555555555555,115.0,1402.9394681188078,1795.9080060868332,0.5777777777777777,0.0,0.5708333333333333,98.1418228127414,0,overtaking,0.0,0.0,0.0,,,0.0
overtaking_0086,overtaking,overtaking,give_way,rule_based,Rule-based COLREGS,modelled,10.231496578943677,1517.9394681188103,8.229938081227148,5.229938081227148,coastal_tanker,vlcc,power_driven,good,2343.287354910134,0.7648422539156029,-0.5823560646085042,716.9872211086853,4.065498665660915,False,True,False,-0.3928058729917851,1.6135171251694456,702.513649666575,57,34.94277179841722,True,0.39166666666666666,90.0,642.2064086832145,3576.2975812054983,0.44722222222222224,0.1736111111111111,0.27361111111111114,551.2655068109333,0,overtaking,1.0,1.0,1.0,,,1.0
overtaking_0086,overtaking,overtaking,give_way,velocity_obstacle,Velocity obstacle,modelled,10.231496578943677,1517.9394681188103,8.229938081227148,5.229938081227148,coastal_tanker,vlcc,power_driven,good,2343.287354910134,0.7648422539156029,-0.5823560646085042,1358.5899662936697,4.754303780240694,True,True,False,-0.4850690246010335,3.5265263749089906,1339.0601370214429,126,49.65650030852278,False,0.05,115.0,1263.2112194338572,4543.849316351637,0.2722222222222222,0.25972222222222224,0.0125,2734.7635717545136,0,overtaking,1.0,1.0,1.0,,,1.0
overtaking_0086,overtaking,overtaking,give_way,mpc,MPC,modelled,10.231496578943677,1517.9394681188103,8.229938081227148,5.229938081227148,coastal_tanker,vlcc,power_driven,good,2343.287354910134,0.7648422539156029,-0.5823560646085042,1176.1181504134015,5.03769649598089,True,True,False,-0.9679889706485704,3.523587652313258,1156.5634748759646,91,48.36865301362767,True,0.06805555555555555,110.0,975.0040010156297,7676.258564403847,0.3625,0.31666666666666665,0.04583333333333333,4044.7213892807945,0,overtaking,1.0,1.0,1.0,,,1.0
overtaking_0087,overtaking,overtaking,give_way,no_action,No action (baseline),modelled,267.84436414977614,1285.197315173424,15.76118994504619,12.825697003224164,container_feeder,coastal_tanker,restricted_manoeuvrability,good,2594.6971778072393,-42.23552222700761,10.38275439906138,267.8446572318877,0.574215380137873,False,False,False,-1.3853413643437765e-12,1.3853413643437765e-12,0.0,0,0.0,True,0.15416666666666667,1365.0,0.0,4623.420814330053,0.0,0.0,0.0,596.7998083836037,0,overtaking,0.0,0.0,0.0,,,0.0
overtaking_0087,overtaking,overtaking,give_way,rule_based,Rule-based COLREGS,modelled,267.84436414977614,1285.197315173424,15.76118994504619,12.825697003224164,container_feeder,coastal_tanker,restricted_manoeuvrability,good,2594.6971778072393,-42.23552222700761,10.38275439906138,267.8446572318877,0.5332972483130224,False,False,False,-0.5182830160611659,4.683230468575583,4001.7214046799068,65,34.999999865005925,True,0.09583333333333334,1365.0,0.0,7020.14635230173,0.0,0.0,0.0,802.5536938130662,0,overtaking,1.0,1.0,0.0,,,0.6666666666666666
overtaking_0087,overtaking,overtaking,give_way,velocity_obstacle,Velocity obstacle,modelled,267.84436414977614,1285.197315173424,15.76118994504619,12.825697003224164,container_feeder,coastal_tanker,restricted_manoeuvrability,good,2594.6971778072393,-42.23552222700761,10.38275439906138,267.8446572318877,0.5650497316537886,False,False,False,-4.610295333365781,7.40974036322426,1712.5531980512335,70,60.019509419582796,True,0.22083333333333333,1365.0,0.0,4394.686219998378,0.0,0.0,0.0,292.50082360459436,0,overtaking,1.0,1.0,0.0,,,0.6666666666666666
overtaking_0087,overtaking,overtaking,give_way,mpc,MPC,modelled,267.84436414977614,1285.197315173424,15.76118994504619,12.825697003224164,container_feeder,coastal_tanker,restricted_manoeuvrability,good,2594.6971778072393,-42.23552222700761,10.38275439906138,96.83461102158081,0.1959454108481905,False,False,True,-2.870921563514779,3.6096288329794675,668.0997014670841,59,52.27837231781795,True,0.19583333333333333,1365.0,0.0,2848.556137310871,0.0,0.0,0.0,283.8414869325815,0,overtaking,1.0,1.0,0.0,,,0.6666666666666666
overtaking_0088,overtaking,overtaking,give_way,no_action,No action (baseline),modelled,393.26027327323925,795.7997056485686,13.21100152279168,8.575477271437872,coastal_tanker,handysize_bulker,power_driven,restricted,1939.3740293801125,-13.423284355732077,0.9324106631078521,393.2649037771157,2.221942202296952,False,True,False,-1.5932020665221537e-12,1.5932020665221537e-12,0.0,0,0.0,True,0.0625,165.0,630.7997056485686,2852.476488954456,0.44583333333333336,0.04027777777777778,0.40555555555555556,863.327783199984,0,overtaking,0.0,0.0,0.0,,,0.0
overtaking_0088,overtaking,overtaking,give_way,rule_based,Rule-based COLREGS,modelled,393.26027327323925,795.7997056485686,13.21100152279168,8.575477271437872,coastal_tanker,handysize_bulker,power_driven,restricted,1939.3740293801125,-13.423284355732077,0.9324106631078521,1459.3701843924325,4.788925171600553,True,True,False,-0.18046214189420828,1.3286296744210029,1076.3627018250677,52,34.8961160955716,True,0.001388888888888889,,,7744.009493571885,0.0875,0.0875,0.0,10929.821420635857,0,overtaking,1.0,1.0,1.0,,,1.0
overtaking_0088,overtaking,overtaking,give_way,velocity_obstacle,Velocity obstacle,modelled,393.26027327323925,795.7997056485686,13.21100152279168,8.575477271437872,coastal_tanker,handysize_bulker,power_driven,restricted,1939.3740293801125,-13.423284355732077,0.9324106631078521,1169.5277299020186,4.433019811887525,True,True,False,-0.6828781907076875,1.6539826343713402,788.7815398927703,64,51.082257117070995,True,0.001388888888888889,,,7782.666345253788,0.1125,0.1125,0.0,10677.52960779444,0,overtaking,1.0,1.0,1.0,,,1.0
overtaking_0088,overtaking,overtaking,give_way,mpc,MPC,modelled,393.26027327323925,795.7997056485686,13.21100152279168,8.575477271437872,coastal_tanker,handysize_bulker,power_driven,restricted,1939.3740293801125,-13.423284355732077,0.9324106631078521,1067.826978682453,4.812507259329003,True,True,False,-0.12212384097124253,0.6777981950931262,679.8522252051384,55,29.21502766721164,True,0.001388888888888889,,,7949.315785101117,0.11666666666666667,0.11666666666666667,0.0,10942.855506805417,0,overtaking,1.0,0.0,1.0,,,0.6666666666666666
overtaking_0089,overtaking,overtaking,give_way,no_action,No action (baseline),modelled,724.2653446977729,1266.5071496381188,14.404849087763772,11.54216094151317,container_feeder,coastal_tanker,power_driven,good,2017.1870866596091,-14.048012128592669,-1.746776331886016,724.2688098448274,2.8499636033806417,False,True,False,-1.2017020039025e-12,1.2017020039025e-12,0.0,0,0.0,True,0.058333333333333334,105.0,1161.507149638119,5056.8016793507495,0.5138888888888888,0.2833333333333333,0.23055555555555557,978.6170651940213,0,overtaking,0.0,0.0,0.0,,,0.0
overtaking_0089,overtaking,overtaking,give_way,rule_based,Rule-based COLREGS,modelled,724.2653446977729,1266.5071496381188,14.404849087763772,11.54216094151317,container_feeder,coastal_tanker,power_driven,good,2017.1870866596091,-14.048012128592669,-1.746776331886016,1965.7603305989483,3.723818018305365,True,True,False,-0.3517924730012983,1.619604993699241,1197.8701085525302,69,39.38816420961958,False,0.002777777777777778,,,9118.440280379493,0.24861111111111112,0.23333333333333334,0.015277777777777777,10025.102578800623,0,overtaking,1.0,1.0,1.0,,,1.0
overtaking_0089,overtaking,overtaking,give_way,velocity_obstacle,Velocity obstacle,modelled,724.2653446977729,1266.5071496381188,14.404849087763772,11.54216094151317,container_feeder,coastal_tanker,power_driven,good,2017.1870866596091,-14.048012128592669,-1.746776331886016,1872.9236126174992,3.6457094264008725,True,True,False,-0.16760576600303717,1.1058982054566682,1121.125951364744,58,29.926331989543247,False,0.005555555555555556,,,8403.246927238639,0.21944444444444444,0.20416666666666666,0.015277777777777777,10307.023303075635,0,overtaking,1.0,0.0,1.0,,,0.6666666666666666
overtaking_0089,overtaking,overtaking,give_way,mpc,MPC,modelled,724.2653446977729,1266.5071496381188,14.404849087763772,11.54216094151317,container_feeder,coastal_tanker,power_driven,good,2017.1870866596091,-14.048012128592669,-1.746776331886016,1901.942709850099,3.657515511160842,True,True,False,-0.7868967740706878,2.197719557080359,1114.6813087457926,69,51.88598838505962,False,0.004166666666666667,,,10836.47485599219,0.2722222222222222,0.2722222222222222,0.0,10562.303809602701,0,overtaking,1.0,1.0,1.0,,,1.0
overtaking_0090,overtaking,overtaking,give_way,no_action,No action (baseline),modelled,265.6226997690888,1071.691205478868,13.003643179309584,10.003643179309584,vlcc,vlcc,power_driven,good,1729.37165741554,-3.8946343464766655,3.9149258458545138,265.6363882519891,0.42058384827755485,False,False,True,3.479249857202778e-13,-3.479249857202778e-13,0.0,0,0.0,True,0.7041666666666667,75.0,996.6912054788676,2835.7533086737844,0.06944444444444445,0.006944444444444444,0.0625,197.8742658656273,0,overtaking,0.0,0.0,0.0,,,0.0
overtaking_0090,overtaking,overtaking,give_way,rule_based,Rule-based COLREGS,modelled,265.6226997690888,1071.691205478868,13.003643179309584,10.003643179309584,vlcc,vlcc,power_driven,good,1729.37165741554,-3.8946343464766655,3.9149258458545138,1682.7725894745397,1.3325503305239867,True,True,False,-2.3077384828729555,6.0066491122980645,2950.7486374000127,93,38.85495480669021,False,0.0375,80.0,0.0,2363.1165029435456,0.11388888888888889,0.09861111111111111,0.015277777777777777,3165.7272813241675,0,overtaking,1.0,1.0,1.0,,,1.0
overtaking_0090,overtaking,overtaking,give_way,velocity_obstacle,Velocity obstacle,modelled,265.6226997690888,1071.691205478868,13.003643179309584,10.003643179309584,vlcc,vlcc,power_driven,good,1729.37165741554,-3.8946343464766655,3.9149258458545138,1084.356513505372,1.3325503305239867,True,True,False,-1.0535842006718543,2.051793821489014,1506.8301280272728,77,26.761763393632254,True,0.3277777777777778,80.0,1083.3367898724844,4493.167191517839,0.4597222222222222,0.11805555555555555,0.3416666666666667,1154.5555726032105,0,overtaking,1.0,0.0,1.0,,,0.6666666666666666
overtaking_0090,overtaking,overtaking,give_way,mpc,MPC,modelled,265.6226997690888,1071.691205478868,13.003643179309584,10.003643179309584,vlcc,vlcc,power_driven,good,1729.37165741554,-3.8946343464766655,3.9149258458545138,1396.659085551032,1.3492107461786484,True,True,False,-10.274875931808362,11.570228479907778,2339.520881293875,266,30.236368435681353,False,0.08888888888888889,80.0,0.0,962.0491175782065,0.21944444444444444,0.1625,0.05694444444444444,1757.5968931711823,0,overtaking,1.0,1.0,1.0,,,1.0
overtaking_0091,overtaking,overtaking,give_way,no_action,No action (baseline),modelled,511.9320678207591,1292.4453834919073,12.417879118346816,9.417879118346816,container_feeder,vlcc,power_driven,good,2471.5425667874133,17.38611382810737,-10.906464641334491,511.9525092217916,1.19400785291557,False,True,False,7.128331888868496e-13,-7.128331888868496e-13,0.0,0,0.0,False,0.2986111111111111,140.0,1152.4453834919061,192.11601799626854,0.006944444444444444,0.0,0.006944444444444444,948.375415534885,0,overtaking,0.0,0.0,0.0,,,0.0
overtaking_0091,overtaking,overtaking,give_way,rule_based,Rule-based COLREGS,modelled,511.9320678207591,1292.4453834919073,12.417879118346816,9.417879118346816,container_feeder,vlcc,power_driven,good,2471.5425667874133,17.38611382810737,-10.906464641334491,2182.4336934807793,3.649159371095999,True,True,False,-0.45354265512959785,4.293242306063956,2961.623749077309,55,34.99999986871567,False,0.04027777777777778,95.0,260.0142052364096,1360.3563517291564,0.08611111111111111,0.07777777777777778,0.008333333333333333,2405.073402584574,0,overtaking,1.0,1.0,1.0,,,1.0
overtaking_0091,overtaking,overtaking,give_way,velocity_obstacle,Velocity obstacle,modelled,511.9320678207591,1292.4453834919073,12.417879118346816,9.417879118346816,container_feeder,vlcc,power_driven,good,2471.5425667874133,17.38611382810737,-10.906464641334491,1150.0757744927234,2.660574024873225,True,True,False,-0.3804481341681938,0.6797992946589088,644.2876279698091,54,19.25918546660267,False,0.20833333333333334,90.0,399.0626877211783,476.09457821672487,0.06527777777777778,0.0,0.06527777777777778,1351.2355806139885,0,overtaking,1.0,0.0,1.0,,,0.6666666666666666
overtaking_0091,overtaking,overtaking,give_way,mpc,MPC,modelled,511.9320678207591,1292.4453834919073,12.417879118346816,9.417879118346816,container_feeder,vlcc,power_driven,good,2471.5425667874133,17.38611382810737,-10.906464641334491,1134.94373563378,2.635507623508275,True,True,False,-2.866965067798783,3.122405424485506,311.6127244017005,42,29.982385951510597,False,0.3,90.0,229.37178381409254,458.94207796864873,0.059722222222222225,0.0,0.059722222222222225,1071.976526059496,0,overtaking,1.0,0.0,1.0,,,0.6666666666666666
overtaking_0092,overtaking,overtaking,give_way,no_action,No action (baseline),modelled,1183.6238829388103,1306.3870694448117,9.890932639390588,6.890932639390588,container_feeder,vlcc,power_driven,good,2538.18831702361,49.257429177538285,-10.217542555143268,1183.6262837755573,3.152146276379316,True,True,False,1.4319177685453085e-12,-1.4319177685453085e-12,0.0,0,0.0,True,0.3402777777777778,1980.0,0.0,5177.20174725231,0.1527777777777778,0.0,0.1527777777777778,158.78552407314135,0,overtaking,0.0,0.0,0.0,,,0.0
overtaking_0092,overtaking,overtaking,give_way,rule_based,Rule-based COLREGS,modelled,1183.6238829388103,1306.3870694448117,9.890932639390588,6.890932639390588,container_feeder,vlcc,power_driven,good,2538.18831702361,49.257429177538285,-10.217542555143268,1183.6262837755573,2.437281562692152,True,True,False,-1.2445470063997364,2.852645803969465,951.107121850254,71,44.394226257506645,True,0.30416666666666664,2230.0,0.0,5952.4068083895845,0.3625,0.0,0.3625,384.6867611272546,0,overtaking,1.0,1.0,0.0,,,0.6666666666666666
overtaking_0092,overtaking,overtaking,give_way,velocity_obstacle,Velocity obstacle,modelled,1183.6238829388103,1306.3870694448117,9.890932639390588,6.890932639390588,container_feeder,vlcc,power_driven,good,2538.18831702361,49.257429177538285,-10.217542555143268,1183.6262837755573,2.4278420737607784,True,True,False,-1.1641341175652244,5.027274679595011,1494.138169748436,84,59.93199026561216,True,0.034722222222222224,2275.0,0.0,10763.401362591903,0.3527777777777778,0.0,0.3527777777777778,740.8325786326399,0,overtaking,1.0,1.0,0.0,,,0.6666666666666666
overtaking_0092,overtaking,overtaking,give_way,mpc,MPC,modelled,1183.6238829388103,1306.3870694448117,9.890932639390588,6.890932639390588,container_feeder,vlcc,power_driven,good,2538.18831702361,49.257429177538285,-10.217542555143268,1183.6262837755573,2.4326973020632217,True,True,False,-1.2159599424321053,3.5474432233496067,1141.6956243841646,88,49.93911068160502,True,0.30416666666666664,2255.0,0.0,4421.9215783671525,0.3597222222222222,0.0,0.3597222222222222,558.8378778526204,0,overtaking,1.0,1.0,0.0,,,0.6666666666666666
overtaking_0093,overtaking,overtaking,give_way,no_action,No action (baseline),modelled,1151.0734903575592,1153.6667703597486,15.418387639495048,8.647870204493497,handysize_bulker,coastal_tanker,power_driven,moderate,4354.762279560192,27.85815144301202,-10.22692783439022,1151.08372299882,2.990972666114559,True,True,False,1.1227072777919688e-12,-1.1227072777919688e-12,0.0,0,0.0,True,0.001388888888888889,,,2550.771660989361,0.05,0.0,0.05,6194.366313769827,0,overtaking,0.0,0.0,0.0,,,0.0
overtaking_0093,overtaking,overtaking,give_way,rule_based,Rule-based COLREGS,modelled,1151.0734903575592,1153.6667703597486,15.418387639495048,8.647870204493497,handysize_bulker,coastal_tanker,power_driven,moderate,4354.762279560192,27.85815144301202,-10.22692783439022,1151.08372299882,2.990972666114559,True,True,False,1.1227072777919688e-12,-1.1227072777919688e-12,0.0,0,0.0,True,0.0,,,,0.0,0.0,0.0,,0,overtaking,0.0,0.0,0.0,,,0.0
overtaking_0093,overtaking,overtaking,give_way,velocity_obstacle,Velocity obstacle,modelled,1151.0734903575592,1153.6667703597486,15.418387639495048,8.647870204493497,handysize_bulker,coastal_tanker,power_driven,moderate,4354.762279560192,27.85815144301202,-10.22692783439022,1151.08372299882,2.6244305858946526,True,True,False,-1.8644613050819085,2.928460675902995,863.8236417945589,66,54.803343203677294,True,0.005555555555555556,2145.0,0.0,12865.350562222147,0.4791666666666667,0.0,0.4791666666666667,753.6859885994576,0,overtaking,1.0,1.0,0.0,,,0.6666666666666666
overtaking_0093,overtaking,overtaking,give_way,mpc,MPC,modelled,1151.0734903575592,1153.6667703597486,15.418387639495048,8.647870204493497,handysize_bulker,coastal_tanker,power_driven,moderate,4354.762279560192,27.85815144301202,-10.22692783439022,1151.08372299882,2.990972666114559,True,True,False,-1.5226667088457582,2.4569112820051524,1049.2742588440356,76,44.55680532570665,True,0.001388888888888889,,,2478.053287227429,0.025,0.0,0.025,4617.701099524642,0,overtaking,1.0,1.0,0.0,,,0.6666666666666666
overtaking_0094,overtaking,overtaking,give_way,no_action,No action (baseline),modelled,1367.9586756663189,1043.0774824016428,11.899172256930132,8.899172256930132,handysize_bulker,container_feeder,power_driven,moderate,2237.604423712399,-16.622222293929656,-7.659124566992033,1367.9625689799805,3.193242565270752,True,True,False,-1.6531264490990509e-12,1.6531264490990509e-12,0.0,0,0.0,False,0.011111111111111112,175.0,868.077482401644,2263.9304778720675,0.6388888888888888,0.022222222222222223,0.6166666666666667,3078.4281637728704,0,overtaking,0.0,0.0,0.0,,,0.0
overtaking_0094,overtaking,overtaking,give_way,rule_based,Rule-based COLREGS,modelled,1367.9586756663189,1043.0774824016428,11.899172256930132,8.899172256930132,handysize_bulker,container_feeder,power_driven,moderate,2237.604423712399,-16.622222293929656,-7.659124566992033,1981.7200603905228,3.1996013809385406,True,True,False,-0.744986366444661,1.9827854207392144,1003.9850039687867,60,35.262704695813355,False,0.001388888888888889,,,7858.566544376006,0.19444444444444445,0.18888888888888888,0.005555555555555556,10543.032899943886,0,overtaking,1.0,1.0,1.0,,,1.0
overtaking_0094,overtaking,overtaking,give_way,velocity_obstacle,Velocity obstacle,modelled,1367.9586756663189,1043.0774824016428,11.899172256930132,8.899172256930132,handysize_bulker,container_feeder,power_driven,moderate,2237.604423712399,-16.622222293929656,-7.659124566992033,1942.3645954752562,3.258537977044121,True,True,False,-0.12530994199339665,0.4231969241178559,580.0763195601995,53,15.080750390297613,False,0.002777777777777778,,,6331.536506723665,0.24027777777777778,0.20555555555555555,0.034722222222222224,9399.97886660131,0,overtaking,1.0,0.0,1.0,,,0.6666666666666666
overtaking_0094,overtaking,overtaking,give_way,mpc,MPC,modelled,1367.9586756663189,1043.0774824016428,11.899172256930132,8.899172256930132,handysize_bulker,container_feeder,power_driven,moderate,2237.604423712399,-16.622222293929656,-7.659124566992033,2185.4140918750186,3.2743344985990754,True,True,False,-2.7744488172610238,4.065632562615094,762.6584661833422,76,55.25509958198406,False,0.002777777777777778,,,8247.986314946682,0.3638888888888889,0.3388888888888889,0.025,10085.291768196577,0,overtaking,1.0,1.0,1.0,,,1.0
overtaking_0095,overtaking,overtaking,give_way,no_action,No action (baseline),modelled,595.2156800534112,603.9122964011774,10.27983263507513,7.279832635075129,container_feeder,handysize_bulker,power_driven,moderate,1143.1877408550338,16.93571531129737,6.178069860642815,595.218275888289,1.9301194332200435,False,True,False,-3.6357196123095106e-13,3.6357196123095106e-13,0.0,0,0.0,False,0.04861111111111111,45.0,558.9122964011775,13629.8629438355,0.23472222222222222,0.025,0.20972222222222223,956.1849857796808,0,overtaking,0.0,0.0,0.0,,,0.0
overtaking_0095,overtaking,overtaking,give_way,rule_based,Rule-based COLREGS,modelled,595.2156800534112,603.9122964011774,10.27983263507513,7.279832635075129,container_feeder,handysize_bulker,power_driven,moderate,1143.1877408550338,16.93571531129737,6.178069860642815,1030.0976817712337,1.9553891506324645,True,True,False,-9.321543834174411,20.650884299223186,3035.894559425888,394,74.70136145286315,False,0.06527777777777778,55.0,846.7461073406781,517.7359890693557,0.013888888888888888,0.013888888888888888,0.0,789.6463619375797,0,overtaking,1.0,1.0,0.0,,,0.6666666666666666
overtaking_0095,overtaking,overtaking,give_way,velocity_obstacle,Velocity obstacle,modelled,595.2156800534112,603.9122964011774,10.27983263507513,7.279832635075129,container_feeder,handysize_bulker,power_driven,moderate,1143.1877408550338,16.93571531129737,6.178069860642815,945.9442989773327,1.9978810912560865,True,True,False,-3.040573747324494,5.760577933452025,1873.4740462835418,137,56.32210852387908,True,0.1,50.0,0.0,7419.091668587918,0.41388888888888886,0.08055555555555556,0.3333333333333333,891.9804021398351,0,overtaking,1.0,1.0,1.0,,,1.0
overtaking_0095,overtaking,overtaking,give_way,mpc,MPC,modelled,595.2156800534112,603.9122964011774,10.27983263507513,7.279832635075129,container_feeder,handysize_bulker,power_driven,moderate,1143.1877408550338,16.93571531129737,6.178069860642815,1119.2947666507123,2.061787050374222,True,True,False,-0.9849543086300713,1.7873967578706542,566.9330166087686,62,39.25508741566953,False,0.006944444444444444,,,7017.692448141584,0.26666666666666666,0.26666666666666666,0.0,8987.586623282717,0,overtaking,0.0,1.0,1.0,,,0.6666666666666666
overtaking_0096,overtaking,overtaking,give_way,no_action,No action (baseline),modelled,171.00582376515712,1161.3139354408304,15.425689089861493,12.425689089861493,coastal_tanker,coastal_tanker,power_driven,good,2017.3398523931103,19.072470965219576,-6.3068453294911695,171.02094596173137,0.6362995003095868,False,False,False,1.122175866104809e-12,-1.1349278645832728e-12,0.0,0,0.0,False,0.2,150.0,1011.3139354408293,141.12844605662383,0.001388888888888889,0.0,0.001388888888888889,983.1118728943901,0,overtaking,0.0,0.0,0.0,,,0.0
overtaking_0096,overtaking,overtaking,give_way,rule_based,Rule-based COLREGS,modelled,171.00582376515712,1161.3139354408304,15.425689089861493,12.425689089861493,coastal_tanker,coastal_tanker,power_driven,good,2017.3398523931103,19.072470965219576,-6.3068453294911695,141.8021802839995,0.5275912331563789,False,False,False,-0.6948803659032379,1.0692179458854312,428.2229852997973,73,25.006081858349646,False,0.2222222222222222,260.0,283.6343743664101,595.7293847354315,0.006944444444444444,0.006944444444444444,0.0,820.1849325045876,0,overtaking,1.0,0.0,1.0,,,0.6666666666666666
overtaking_0096,overtaking,overtaking,give_way,velocity_obstacle,Velocity obstacle,modelled,171.00582376515712,1161.3139354408304,15.425689089861493,12.425689089861493,coastal_tanker,coastal_tanker,power_driven,good,2017.3398523931103,19.072470965219576,-6.3068453294911695,1401.5856825773803,3.6801334985135714,True,True,False,-0.4641219515082604,0.9589624781512267,1302.66258812406,66,25.348977445137635,False,0.030555555555555555,80.0,612.2928526605077,695.7260664662159,0.05416666666666667,0.027777777777777776,0.02638888888888889,1880.0872864672385,0,overtaking,1.0,0.0,1.0,,,0.6666666666666666
overtaking_0096,overtaking,overtaking,give_way,mpc,MPC,modelled,171.00582376515712,1161.3139354408304,15.425689089861493,12.425689089861493,coastal_tanker,coastal_tanker,power_driven,good,2017.3398523931103,19.072470965219576,-6.3068453294911695,306.1640935036277,1.1392775503383266,False,True,False,-0.10577070825955856,0.42012927267087524,575.2646060682272,46,23.94437288760024,True,0.2111111111111111,1510.0,0.0,4274.788822815423,0.8263888888888888,0.2861111111111111,0.5402777777777777,1952.6414462394198,0,overtaking,0.0,0.0,1.0,,,0.3333333333333333
overtaking_0097,overtaking,overtaking,give_way,no_action,No action (baseline),modelled,1261.835953055871,1617.1362797408965,13.113276077335705,10.141469582045268,vlcc,coastal_tanker,not_under_command,moderate,2787.5578263167763,-32.123823253238754,1.5326570970104996,1261.8402252871845,2.3078155431460368,True,True,False,1.0500492314060574e-12,-1.0500492314060574e-12,0.0,0,0.0,True,0.0,,,,0.0,0.0,0.0,,0,overtaking,0.0,0.0,0.0,,,0.0
overtaking_0097,overtaking,overtaking,give_way,rule_based,Rule-based COLREGS,modelled,1261.835953055871,1617.1362797408965,13.113276077335705,10.141469582045268,vlcc,coastal_tanker,not_under_command,moderate,2787.5578263167763,-32.123823253238754,1.5326570970104996,1261.8402252871845,2.3078155431460368,True,True,False,-1.1035125311452585,2.686631604309547,1255.0756669062819,46,38.657364710721936,True,0.002777777777777778,,,4312.048115555649,0.0,0.0,0.0,1178.0558797102622,0,overtaking,1.0,1.0,0.0,,,0.6666666666666666
overtaking_0097,overtaking,overtaking,give_way,velocity_obstacle,Velocity obstacle,modelled,1261.835953055871,1617.1362797408965,13.113276077335705,10.141469582045268,vlcc,coastal_tanker,not_under_command,moderate,2787.5578263167763,-32.123823253238754,1.5326570970104996,1261.8402252871845,2.3078155431460368,True,True,False,1.0500492314060574e-12,-1.0500492314060574e-12,0.0,0,0.0,True,0.0,,,,0.0,0.0,0.0,,0,overtaking,0.0,0.0,0.0,,,0.0
overtaking_0097,overtaking,overtaking,give_way,mpc,MPC,modelled,1261.835953055871,1617.1362797408965,13.113276077335705,10.141469582045268,vlcc,coastal_tanker,not_under_command,moderate,2787.5578263167763,-32.123823253238754,1.5326570970104996,1261.8402252871845,2.3078155431460368,True,True,False,-0.5517191561706603,0.5553315039025652,19.93862442145636,13,8.006371859970091,True,0.001388888888888889,,,4747.055188316433,0.0,0.0,0.0,1919.618682661278,0,overtaking,0.0,0.0,0.0,,,0.0
overtaking_0098,overtaking,overtaking,give_way,no_action,No action (baseline),modelled,344.4494582028424,919.7810786936807,15.283844776933268,8.205277177580218,coastal_tanker,vlcc,power_driven,good,3384.128654972158,-10.07484668966248,3.6695606596168577,344.450390215965,1.8666854648133926,False,True,False,1.583052504190933e-12,-1.583052504190933e-12,0.0,0,0.0,True,0.4222222222222222,165.0,754.7810786936802,6650.436788492523,0.35138888888888886,0.02638888888888889,0.325,445.7407748697195,0,overtaking,0.0,0.0,0.0,,,0.0
overtaking_0098,overtaking,overtaking,give_way,rule_based,Rule-based COLREGS,modelled,344.4494582028424,919.7810786936807,15.283844776933268,8.205277177580218,coastal_tanker,vlcc,power_driven,good,3384.128654972158,-10.07484668966248,3.6695606596168577,2082.3929046477087,8.62287725758712,True,True,False,-0.1980370898628898,1.961296257942518,1783.7189039398072,50,34.99332934288173,False,0.04583333333333333,2090.0,0.0,16913.545319151664,0.5166666666666667,0.11388888888888889,0.4027777777777778,3519.925016457964,0,overtaking,1.0,1.0,1.0,,,1.0
overtaking_0098,overtaking,overtaking,give_way,velocity_obstacle,Velocity obstacle,modelled,344.4494582028424,919.7810786936807,15.283844776933268,8.205277177580218,coastal_tanker,vlcc,power_driven,good,3384.128654972158,-10.07484668966248,3.6695606596168577,1380.8956546115178,7.4834297517927535,True,True,False,-0.046788275081202105,0.586607973971799,1051.5475500460109,49,19.947289125422703,True,0.11944444444444445,1620.0,0.0,30979.271768844137,0.7027777777777777,0.15416666666666667,0.5486111111111112,1971.3140363261841,0,overtaking,1.0,0.0,1.0,,,0.6666666666666666
overtaking_0098,overtaking,overtaking,give_way,mpc,MPC,modelled,344.4494582028424,919.7810786936807,15.283844776933268,8.205277177580218,coastal_tanker,vlcc,power_driven,good,3384.128654972158,-10.07484668966248,3.6695606596168577,1253.055215535277,6.790537619005105,True,True,False,-0.048976881282281275,0.4495599554863668,920.475467835734,48,19.75853073362942,True,0.14027777777777778,1545.0,0.0,17817.267892929816,0.7791666666666667,0.2125,0.5666666666666667,1862.9677297798855,0,overtaking,1.0,0.0,1.0,,,0.6666666666666666
overtaking_0099,overtaking,overtaking,give_way,no_action,No action (baseline),modelled,1167.6196740595394,866.5927345740495,8.534146567802114,5.5341465678021144,container_feeder,vlcc,power_driven,moderate,1792.916972460939,-49.13469859427814,4.675272438399748,1167.622351882259,4.31243427588137,True,True,False,-1.6710934435477578e-12,1.6710934435477578e-12,0.0,0,0.0,True,0.1111111111111111,2020.0,0.0,5887.59026460001,0.4666666666666667,0.0,0.4666666666666667,322.87246795477375,0,overtaking,0.0,0.0,0.0,,,0.0
overtaking_0099,overtaking,overtaking,give_way,rule_based,Rule-based COLREGS,modelled,1167.6196740595394,866.5927345740495,8.534146567802114,5.5341465678021144,container_feeder,vlcc,power_driven,moderate,1792.916972460939,-49.13469859427814,4.675272438399748,1167.622351882259,4.31243427588137,True,True,False,-1.1209633651934,3.9327184815359737,1437.8368225418728,86,44.032883818629955,True,0.075,2045.0,0.0,6298.77476667132,0.41944444444444445,0.0,0.41944444444444445,577.7303714441824,0,overtaking,1.0,1.0,0.0,,,0.6666666666666666
overtaking_0099,overtaking,overtaking,give_way,velocity_obstacle,Velocity obstacle,modelled,1167.6196740595394,866.5927345740495,8.534146567802114,5.5341465678021144,container_feeder,vlcc,power_driven,moderate,1792.916972460939,-49.13469859427814,4.675272438399748,1167.622351882259,4.31243427588137,True,True,False,-0.25804291899508724,0.2665026392565328,38.48561787800006,19,5.609478857872113,True,0.08611111111111111,2000.0,0.0,5722.942429947361,0.46944444444444444,0.0,0.46944444444444444,321.29594452680675,0,overtaking,1.0,0.0,0.0,,,0.3333333333333333
overtaking_0099,overtaking,overtaking,give_way,mpc,MPC,modelled,1167.6196740595394,866.5927345740495,8.534146567802114,5.5341465678021144,container_feeder,vlcc,power_driven,moderate,1792.916972460939,-49.13469859427814,4.675272438399748,1167.622351882259,4.31243427588137,True,True,False,-0.9278546319073081,0.9708586559191781,88.48127924945614,36,12.466192501497897,True,0.12083333333333333,2005.0,0.0,5669.321378387356,0.46944444444444444,0.0,0.46944444444444444,312.7893708686692,0,overtaking,1.0,0.0,0.0,,,0.3333333333333333
head_on_0000,head_on,head_on,both_give_way,risk_aware,Risk-aware (conformal),modelled,1038.1832502936181,975.3877446647756,14.030209945598884,9.464618964197363,vlcc,coastal_tanker,power_driven,good,11834.317823638297,5.510909107445061,181.18679233479313,1330.042717445822,2.230468401268411,True,True,False,-4.985089244557275,6.540346187278572,567.9154044879198,148,39.31666947187519,True,0.001388888888888889,,,6274.343556704889,0.10972222222222222,0.0,0.10972222222222222,8630.06880493943,0,head_on,1.0,1.0,0.0,,,0.6666666666666666
head_on_0001,head_on,head_on,give_way,risk_aware,Risk-aware (conformal),modelled,461.369778106762,1174.8967824031902,15.895640493260917,10.794106775332105,handysize_bulker,container_feeder,fishing,moderate,16130.253402134475,-3.1387491437218342,176.29149359219235,826.4561856381791,2.1810227371093545,False,True,False,-0.7507139809159749,1.4629255107944452,770.4132930827253,55,39.82134861301915,True,0.004166666666666667,,,25862.160905118562,0.0,0.0,0.0,1206.070883664125,0,head_on,1.0,1.0,0.0,,,0.6666666666666666
head_on_0002,head_on,head_on,both_give_way,risk_aware,Risk-aware (conformal),modelled,669.2070490863715,1227.7279279250586,9.85937773335666,13.0800471363339,vlcc,coastal_tanker,power_driven,good,14503.731617021169,-2.9953288264096463,179.3848766590244,710.7644091368397,1.3289434773063669,False,True,False,-4.327821814733175,5.2435231427967635,723.0562494089276,112,34.05529587292391,True,0.016666666666666666,1315.0,0.0,31378.76760029061,0.6333333333333333,0.0,0.6333333333333333,1308.9882653122581,457,head_on,1.0,1.0,0.0,,,0.6666666666666666
head_on_0003,head_on,head_on,both_give_way,risk_aware,Risk-aware (conformal),modelled,770.90966754383,669.2208211104165,10.100569713972376,14.482925912585463,container_feeder,handysize_bulker,power_driven,good,8496.272566161799,3.6050233887956544,177.28273547983707,581.7133496703598,2.0917036323107125,False,True,False,-0.6382603255110898,1.271010555166896,502.65014859898906,58,34.39601569424981,True,0.05277777777777778,515.0,154.22082111041658,157087.57702851936,0.7791666666666667,0.004166666666666667,0.7180555555555556,2021.6481139735592,510,head_on,1.0,1.0,0.0,,,0.6666666666666666
head_on_0004,head_on,head_on,both_give_way,risk_aware,Risk-aware (conformal),modelled,850.5192374600587,1631.534800787962,12.751537425176856,11.092657704984966,vlcc,handysize_bulker,power_driven,good,20031.05798382746,-2.1669496890020996,180.5729884098609,850.727575281735,1.6107727935184355,False,True,False,1.3575097211808356e-12,-1.3575097211808356e-12,0.0,0,0.0,True,0.03333333333333333,1485.0,146.53480078796923,45883.70671255933,0.3194444444444444,0.0,0.2513888888888889,5001.645712023578,423,head_on,0.0,0.0,0.0,,,0.0
head_on_0005,head_on,head_on,both_give_way,risk_aware,Risk-aware (conformal),modelled,1346.7311689076125,710.8593923408356,15.018776909166728,10.79921932544476,handysize_bulker,vlcc,power_driven,good,9537.045559845446,-7.894655064509616,180.53371843496225,1346.779539013272,4.675846965367556,True,True,False,7.596547421661362e-13,-7.596547421661362e-13,0.0,0,0.0,True,0.05277777777777778,425.0,285.8593923408365,166165.9732124948,0.2833333333333333,0.005555555555555556,0.2361111111111111,1566.244793319671,544,head_on,0.0,0.0,0.0,,,0.0
head_on_0006,head_on,head_on,both_give_way,risk_aware,Risk-aware (conformal),modelled,919.0375252317873,753.0468868947153,14.944498355494579,13.493427892248114,vlcc,handysize_bulker,power_driven,moderate,11054.448686708645,-5.380369659482548,178.71135042146526,919.48154734917,1.7399888714365916,False,True,False,6.976174799293156e-13,-6.976174799293156e-13,0.0,0,0.0,True,0.001388888888888889,,,14331.539113240935,0.1111111111111111,0.0,0.1111111111111111,8357.50778507922,0,head_on,0.0,0.0,0.0,,,0.0
head_on_0007,head_on,head_on,give_way,risk_aware,Risk-aware (conformal),modelled,864.1078710099126,1768.7272669007152,12.227828180372452,13.161668791997215,vlcc,container_feeder,fishing,good,23117.63303188457,-1.6708532185790015,180.90913969015895,1185.2002635143624,2.020189057893766,True,True,False,-2.9221800458485356,3.9277129835093056,886.5572960039385,101,37.73185745631628,True,0.016666666666666666,1865.0,0.0,40101.56156453929,0.0,0.0,0.0,779.5540131266174,347,head_on,1.0,1.0,0.0,,,0.6666666666666666
head_on_0008,head_on,head_on,both_give_way,risk_aware,Risk-aware (conformal),modelled,315.66903901909916,1302.0807006231698,14.426474936026196,11.39148004630545,coastal_tanker,vlcc,power_driven,good,17293.307642930788,0.004740491570719997,182.38130211505472,1387.801090734149,6.427040951338583,True,True,False,-0.1875218210564704,1.4178390316558067,1238.0601063871516,52,34.931052215133334,True,0.029166666666666667,1605.0,0.0,233382.05855726125,0.6472222222222223,0.06111111111111111,0.5541666666666667,1295.3428509508778,399,head_on,1.0,1.0,0.0,,,0.6666666666666666
head_on_0009,head_on,head_on,both_give_way,risk_aware,Risk-aware (conformal),modelled,211.4811490751874,786.7692504423277,15.151577843246498,15.981780238963857,container_feeder,container_feeder,power_driven,moderate,12600.912831131993,2.025308536713944,182.0720763543511,117.74604598015492,0.4120065550602798,False,False,True,-0.7660132208377419,1.1870816178084884,360.64711811412195,65,31.762147241428984,True,0.03888888888888889,715.0,86.6590246678639,128557.18887193386,0.06111111111111111,0.0,0.05416666666666667,1450.128084188842,476,head_on,1.0,1.0,0.0,,,0.6666666666666666
head_on_0010,head_on,head_on,both_give_way,risk_aware,Risk-aware (conformal),modelled,791.1493838240793,960.5401020963732,12.24901106361681,13.9041490997196,container_feeder,vlcc,power_driven,good,12946.217324284533,2.599034654831186,178.29864041313704,74.9866968545476,0.24531776571071068,False,False,True,-0.4401652066876551,1.7279026780436946,1088.7601131115546,54,34.966582846428814,True,0.1527777777777778,725.0,254.72217872417156,40169.514662210684,0.5736111111111111,0.0,0.3902777777777778,3610.680777648779,565,head_on,1.0,1.0,0.0,,,0.6666666666666666
head_on_0011,head_on,head_on,both_give_way,risk_aware,Risk-aware (conformal),modelled,355.89157935346503,1470.6840651702976,9.43381756130415,12.888231939444472,handysize_bulker,handysize_bulker,power_driven,good,16892.27582792835,1.2611476978713838,180.0934113749137,699.9335093461767,1.550066759848537,False,True,False,-3.274880002161191,9.084246452168937,1563.8284543612795,133,83.50558949295767,True,0.06666666666666667,1290.0,218.51836323037583,24141.003723352133,0.6,0.0,0.5694444444444444,858.4536428325953,415,head_on,1.0,1.0,0.0,,,0.6666666666666666
head_on_0012,head_on,head_on,both_give_way,risk_aware,Risk-aware (conformal),modelled,1375.7567241533045,1162.574619763288,9.205758117398027,14.31838610248024,container_feeder,handysize_bulker,power_driven,good,14135.68505334959,-4.851131218131928,181.20594826444596,1376.0697623616059,5.7315190209366005,True,True,False,-1.474389933922677e-12,1.474389933922677e-12,0.0,0,0.0,False,0.009722222222222222,1645.0,0.0,218447.3882779223,0.6263888888888889,0.0,0.6263888888888889,2256.8564394698137,360,head_on,0.0,0.0,0.0,,,0.0
head_on_0013,head_on,head_on,both_give_way,risk_aware,Risk-aware (conformal),modelled,339.6694235559897,1715.4680728273445,13.154343474902847,12.683095410367395,coastal_tanker,coastal_tanker,power_driven,good,22804.349392209748,0.7302529533976612,179.74903093054516,866.1453611711972,4.574424996188994,False,True,False,-1.3573087971987143,2.0108851752783305,878.2486983426778,93,28.157912127909,True,0.006944444444444444,1870.0,0.0,20148.747663056234,0.3625,0.0,0.35694444444444445,1042.5869120609595,346,head_on,0.0,0.0,0.0,,,0.0
head_on_0014,head_on,head_on,both_give_way,risk_aware,Risk-aware (conformal),modelled,1285.1709921325673,734.243682571195,9.183249891935557,11.644084975605665,coastal_tanker,handysize_bulker,power_driven,good,7970.8056150826,-10.035879902973623,178.6454417874515,1285.196536634579,7.300244163655673,True,True,False,-6.854509804017391e-13,6.854509804017391e-13,0.0,0,0.0,True,0.013888888888888888,445.0,289.24368257119687,42127.84266437141,0.7541666666666667,0.0,0.7486111111111111,1546.8493301251538,458,head_on,0.0,0.0,0.0,,,0.0
head_on_0015,head_on,head_on,both_give_way,risk_aware,Risk-aware (conformal),modelled,742.4473589619066,666.3726017818809,14.614332976626578,8.71197247661254,coastal_tanker,container_feeder,power_driven,good,8030.38181281257,5.820181634244432,181.37983261972565,1297.4549513630025,6.52859442276882,True,True,False,-0.9786729995169655,2.058861930486348,621.8690109781419,108,34.32849643869547,True,0.006944444444444444,1045.0,0.0,44842.003458233485,0.04583333333333333,0.0,0.044444444444444446,1552.9333536649592,390,head_on,1.0,1.0,0.0,,,0.6666666666666666
head_on_0016,head_on,head_on,both_give_way,risk_aware,Risk-aware (conformal),modelled,1263.105677001301,1086.9326940763858,13.69326287034383,8.84371775544535,vlcc,handysize_bulker,power_driven,good,12665.050444702563,-5.796865710285228,179.81358486095127,1913.1180826510667,2.955663787377833,True,True,False,-2.0497747048369033,3.573540366033633,1357.589438908318,89,38.4289217629578,True,0.002777777777777778,,,5766.0077743915035,0.002777777777777778,0.0,0.002777777777777778,6281.046673748091,0,head_on,1.0,1.0,0.0,,,0.6666666666666666
head_on_0017,head_on,head_on,both_give_way,risk_aware,Risk-aware (conformal),modelled,1317.008792112845,1587.385787654339,12.135055409579193,8.118022162856924,coastal_tanker,handysize_bulker,power_driven,good,16591.34457487928,-4.726003564691843,179.568103175891,1317.243354971002,7.48261782893313,True,True,False,-6.159772306123825e-13,6.159772306123825e-13,0.0,0,0.0,True,0.005555555555555556,1860.0,0.0,29369.981321531577,0.5027777777777778,0.0,0.5027777777777778,1313.641169414425,343,head_on,0.0,0.0,0.0,,,0.0
head_on_0018,head_on,head_on,both_give_way,risk_aware,Risk-aware (conformal),modelled,776.1067885668001,1198.037284070841,12.152976276693582,13.053138796095823,vlcc,container_feeder,power_driven,good,15546.919848264777,4.717290742573346,183.5837344698494,355.7892690995307,0.565305450759785,False,False,False,-3.330134306859296,4.530789816746609,984.6524720680416,113,38.85582707177549,True,0.0625,1045.0,194.97283859398266,91017.40470334813,0.05138888888888889,0.0,0.044444444444444446,997.8091510392305,511,head_on,1.0,1.0,0.0,,,0.6666666666666666
head_on_0019,head_on,head_on,both_give_way,risk_aware,Risk-aware (conformal),modelled,753.7134857877056,1376.3752813831227,14.890215588186372,14.985577061575441,handysize_bulker,coastal_tanker,power_driven,moderate,21164.056049106755,0.9985105110709661,177.9218537946638,992.6475820919925,3.1819948939475045,True,True,False,-1.1216980308434863,1.4845733941820898,587.0397982145286,63,26.17049140242516,True,0.002777777777777778,,,21093.217876402923,0.6111111111111112,0.0,0.6111111111111112,2586.1892995476624,0,head_on,0.0,0.0,0.0,,,0.0
head_on_0020,head_on,head_on,both_give_way,risk_aware,Risk-aware (conformal),modelled,124.0878089752338,1708.320883138722,8.266227000110078,15.056812748636439,vlcc,vlcc,power_driven,moderate,20496.91460123505,0.9338814106489929,180.9092791985452,150.22383166519504,0.26029913008118155,False,False,True,-4.186725564676557,6.91740684232831,1399.4136083509695,139,40.522342846226465,True,0.10416666666666667,1560.0,180.39103655541476,15288.575932057958,0.41944444444444445,0.004166666666666667,0.3875,728.9895495438568,408,head_on,1.0,1.0,0.0,,,0.6666666666666666
head_on_0021,head_on,head_on,give_way,risk_aware,Risk-aware (conformal),modelled,509.4453409290075,1545.438387559845,15.17002416136427,8.553396178238817,coastal_tanker,container_feeder,fishing,good,18865.52232440749,0.8503071355126116,178.06648474947042,1397.1942624815713,7.303730792034582,True,True,False,-1.571774659534301,3.2167687262914666,1189.1048074345922,161,34.76899152873707,True,0.001388888888888889,,,4824.462969950774,0.0,0.0,0.0,7860.154835631832,0,head_on,1.0,1.0,0.0,,,0.6666666666666666
head_on_0022,head_on,head_on,give_way,risk_aware,Risk-aware (conformal),modelled,171.16058446701598,1796.5146702861794,13.841095903755086,15.050889294443254,container_feeder,handysize_bulker,restricted_manoeuvrability,good,26701.85779757372,-0.11314238288252575,179.0777877224477,400.9135805984706,1.361255173905852,False,True,False,-1.3060288571123808,2.498498344931278,865.9357308724464,79,48.98479311458226,True,0.043055555555555555,1850.0,0.0,19516.334403011173,0.0,0.0,0.0,715.9851389171039,350,head_on,1.0,1.0,0.0,,,0.6666666666666666
head_on_0023,head_on,head_on,give_way,risk_aware,Risk-aware (conformal),modelled,918.4193565483524,841.2751787144146,12.015066572748664,10.969176549228628,vlcc,vlcc,fishing,good,9989.467147663769,-4.949290028854007,180.68279704657283,2405.8155785979898,3.6665580577112573,True,True,False,-2.548228669802056,5.444872602498624,2168.516918716804,100,39.08731838745064,False,0.004166666666666667,,,17157.875421803492,0.0,0.0,0.0,2393.5672071239333,0,head_on,1.0,1.0,0.0,,,0.6666666666666666
head_on_0024,head_on,head_on,give_way,risk_aware,Risk-aware (conformal),modelled,668.172757486458,1489.9029978409972,15.398992062421465,15.623945128617729,coastal_tanker,coastal_tanker,not_under_command,restricted,23781.7766863773,-2.8882693673664046,177.46185680025022,668.174550043985,3.791628751649448,False,True,False,-9.8360619652545e-13,9.8360619652545e-13,0.0,0,0.0,True,0.0,,,,0.0,0.0,0.0,,0,head_on,0.0,0.0,0.0,,,0.0
head_on_0025,head_on,head_on,give_way,risk_aware,Risk-aware (conformal),modelled,396.57459127527005,935.8899183457988,15.727905011149836,13.886434887644185,handysize_bulker,container_feeder,fishing,good,14257.18228238361,3.2261974905288606,183.48105492746453,942.1464130649837,3.0035029869190306,True,True,False,-2.125332275527743,3.327586491099349,784.0812369377038,117,34.631018171421786,True,0.001388888888888889,,,9412.500162971714,0.0,0.0,0.0,9008.830869761401,0,head_on,1.0,1.0,0.0,,,0.6666666666666666
head_on_0026,head_on,head_on,both_give_way,risk_aware,Risk-aware (conformal),modelled,695.4386647610473,691.1895065116671,10.052216224956906,9.163075855666051,container_feeder,coastal_tanker,power_driven,moderate,6863.783372306042,3.9236237682315447,176.03324631627984,509.2145746657803,1.673915826673233,False,True,False,-0.7472773409690073,2.6485770164087574,1241.3015529895629,63,35.00484698689252,True,0.002777777777777778,,,6487.659112766806,0.06527777777777778,0.0,0.06527777777777778,6728.132410752829,0,head_on,1.0,1.0,0.0,,,0.6666666666666666
head_on_0027,head_on,head_on,both_give_way,risk_aware,Risk-aware (conformal),modelled,534.978526157737,668.9003244871066,15.665496977291642,14.916625285059212,handysize_bulker,container_feeder,power_driven,moderate,10534.000564793942,1.5174968800306816,177.14287809002653,439.21866046927886,1.3059199219630488,False,True,False,-0.4920499858595359,0.7401064704762464,408.712534177273,44,28.870740447413702,True,0.013888888888888888,600.0,68.90032448710312,419513.445294821,0.011111111111111112,0.002777777777777778,0.0,1669.0999840942613,463,head_on,1.0,0.0,0.0,,,0.3333333333333333
head_on_0028,head_on,head_on,both_give_way,risk_aware,Risk-aware (conformal),modelled,1294.1914364809772,1171.560826071629,14.91401561792932,9.822807085431023,coastal_tanker,coastal_tanker,power_driven,good,14960.31234511001,-6.133641882794193,177.0512124209682,1294.3437520298705,7.334850752663955,True,True,False,3.956849090999135e-13,-3.956849090999135e-13,0.0,0,0.0,True,0.0,,,,0.0,0.0,0.0,,0,head_on,0.0,0.0,0.0,,,0.0
head_on_0029,head_on,head_on,both_give_way,risk_aware,Risk-aware (conformal),modelled,404.89626848268904,1792.510846418027,8.931765975971441,11.354482019338144,handysize_bulker,container_feeder,power_driven,good,18706.694174214772,0.19155910255774394,182.5580367088184,892.7625873098639,2.6835286125079474,False,True,False,-1.2105182015479639,2.733565769050058,898.9635459657538,73,36.71383768681296,True,0.029166666666666667,1880.0,0.0,31154.66701624668,0.49027777777777776,0.0125,0.47638888888888886,800.5663087980981,344,head_on,1.0,1.0,0.0,,,0.6666666666666666
head_on_0030,head_on,head_on,both_give_way,risk_aware,Risk-aware (conformal),modelled,1080.328104927748,1701.861890419257,10.683710879846053,9.419596601303375,vlcc,coastal_tanker,power_driven,moderate,17628.645346141617,-4.8214467648109345,177.20839778131253,1080.4995966909632,2.0425639541658067,True,True,False,4.787117057360949e-13,-4.787117057360949e-13,0.0,0,0.0,True,0.0,,,,0.0,0.0,0.0,,0,head_on,0.0,0.0,0.0,,,0.0
head_on_0031,head_on,head_on,both_give_way,risk_aware,Risk-aware (conformal),modelled,1053.5328275651848,1283.8428313774562,10.61136450782325,12.208657944421075,coastal_tanker,coastal_tanker,power_driven,moderate,15101.519808308523,-5.889208875918437,176.46956530487617,1053.6203251263892,5.973137441081182,True,True,False,-7.415007321938468e-13,7.229632138890007e-13,0.0,0,0.0,True,0.0,,,,0.0,0.0,0.0,,0,head_on,0.0,0.0,0.0,,,0.0
head_on_0032,head_on,head_on,both_give_way,risk_aware,Risk-aware (conformal),modelled,376.16414544464664,1129.1199766770787,11.904953251973389,10.964131014464975,container_feeder,container_feeder,power_driven,good,13283.837930240397,0.04882302088570962,176.71718354781166,66.63684429985642,0.20638911568200655,False,False,True,-1.0763761970778423,1.868730921277856,561.6548328282282,74,34.59430787743226,True,0.09722222222222222,965.0,185.030292954402,63964.42596585961,0.18888888888888888,0.0,0.17916666666666667,1150.524870641217,521,head_on,1.0,1.0,0.0,,,0.6666666666666666
head_on_0033,head_on,head_on,both_give_way,risk_aware,Risk-aware (conformal),modelled,1155.917651412559,829.3231149662172,8.392476843730496,11.554203288993488,coastal_tanker,vlcc,power_driven,good,8587.55255310218,-8.574750333021612,178.55153261691137,1155.9385164658847,6.565924131645854,True,True,False,-9.023881921198881e-13,9.023881921198881e-13,0.0,0,0.0,True,0.08611111111111111,480.0,349.3231149662211,97106.64907519367,0.44166666666666665,0.0125,0.4097222222222222,1348.4610805563325,575,head_on,0.0,0.0,0.0,,,0.0
head_on_0034,head_on,head_on,both_give_way,risk_aware,Risk-aware (conformal),modelled,498.4707605752661,1374.968665208162,10.484640933723455,10.246711004996643,container_feeder,vlcc,power_driven,good,14672.633242117594,1.7944187642376521,179.6915495871356,847.9903383229681,2.297600764274394,False,True,False,-1.049846086808548,5.540577345123584,1733.7525791785151,82,63.2083109316336,True,0.06805555555555555,935.0,439.9686652081482,18866.655141623753,0.6666666666666666,0.027777777777777776,0.525,2056.0851610331497,533,head_on,1.0,1.0,0.0,,,0.6666666666666666
head_on_0035,head_on,head_on,both_give_way,risk_aware,Risk-aware (conformal),modelled,1158.031935384401,1256.9027638648156,12.54906209834295,13.879748578584646,handysize_bulker,coastal_tanker,power_driven,moderate,17128.111408047243,-4.10610273716612,179.563237669056,1158.3208642406225,4.020809530149137,True,True,False,8.151075225865233e-13,-8.151075225865233e-13,0.0,0,0.0,True,0.001388888888888889,,,9001.67045763477,0.08611111111111111,0.0,0.08611111111111111,7878.731976567377,0,head_on,0.0,0.0,0.0,,,0.0
head_on_0036,head_on,head_on,both_give_way,risk_aware,Risk-aware (conformal),modelled,89.22149603722906,1367.6668149816878,8.950617516777378,15.568796269355385,vlcc,handysize_bulker,power_driven,moderate,17243.873842270124,-2.588685978389288,176.39018415004037,251.12174596758138,0.43875285489446825,False,False,True,-4.012945684962137,6.049948027693329,1158.573413701324,134,40.26154410030827,True,0.06944444444444445,1250.0,140.14385694287708,21002.785914921446,0.525,0.005555555555555556,0.5083333333333333,970.8234489187804,470,head_on,1.0,1.0,0.0,,,0.6666666666666666
head_on_0037,head_on,head_on,both_give_way,risk_aware,Risk-aware (conformal),modelled,823.0357309073895,898.4684858945409,15.65760310354581,15.053679239298324,handysize_bulker,handysize_bulker,power_driven,moderate,14216.057737202142,-4.457089827569151,177.67812178594278,823.3911936488968,2.8549640586120244,False,True,False,-1.577795902485025,2.5447483615356465,482.65241020918774,95,34.54163261004986,True,0.001388888888888889,,,13304.263275669682,0.11388888888888889,0.0,0.11388888888888889,7952.339143579321,0,head_on,1.0,1.0,0.0,,,0.6666666666666666
head_on_0038,head_on,head_on,both_give_way,risk_aware,Risk-aware (conformal),modelled,542.7754541694351,881.0984917318517,10.274597747283142,8.33341825838547,coastal_tanker,handysize_bulker,power_driven,good,8447.294389773073,1.9555800533325167,176.14028286676225,952.678327732587,3.0182336915686405,True,True,False,-1.675994550592052,7.5023859423073445,1645.0742659528432,110,70.97653479509607,True,0.027777777777777776,585.0,339.0425495510066,97751.76077905048,0.6638888888888889,0.0,0.6444444444444445,1149.0432133404152,593,head_on,1.0,1.0,0.0,,,0.6666666666666666
head_on_0039,head_on,head_on,both_give_way,risk_aware,Risk-aware (conformal),modelled,472.9342113168726,1381.6305626206595,9.406932239625835,12.701102903412956,vlcc,container_feeder,power_driven,good,15720.403169843052,-2.2481274433092087,179.08760253933886,896.0286627250329,1.470424487001196,False,True,False,-3.99414863597258,5.6651829299383145,1034.4418372083278,131,40.07437595323618,True,0.030555555555555555,1460.0,0.0,39241.271016562336,0.6138888888888889,0.004166666666666667,0.5916666666666667,1114.920392775832,428,head_on,1.0,1.0,0.0,,,0.6666666666666666
head_on_0040,head_on,head_on,both_give_way,risk_aware,Risk-aware (conformal),modelled,303.5546944937136,1401.4937476711013,11.924170505464325,12.012875458151658,handysize_bulker,handysize_bulker,power_driven,good,17255.627811473085,-2.4503255749740473,177.12595838324347,1161.1734941856619,3.2387194637888075,True,True,False,-0.7417563107271747,2.5324882262522075,1392.9003513309653,60,35.25540858288215,True,0.018055555555555554,1500.0,0.0,56786.01124782115,0.5902777777777778,0.006944444444444444,0.5819444444444445,1090.6023771160817,420,head_on,1.0,1.0,0.0,,,0.6666666666666666
head_on_0041,head_on,head_on,both_give_way,risk_aware,Risk-aware (conformal),modelled,578.3133720734722,753.9102892138618,9.555800011474325,15.68412077437834,handysize_bulker,coastal_tanker,power_driven,moderate,9805.592789516562,-4.227801499925283,178.63752029554624,1005.3005245062428,3.071341908865697,True,True,False,-1.0845516246642306,2.3617858174935957,824.5839790425961,70,36.32837984532091,True,0.002777777777777778,,,23979.770357878006,0.7916666666666666,0.0,0.7833333333333333,1898.4619616806472,0,head_on,1.0,1.0,0.0,,,0.6666666666666666
head_on_0042,head_on,head_on,both_give_way,risk_aware,Risk-aware (conformal),modelled,1098.217389819164,1091.0611377413784,15.756685260893839,11.83355729464462,vlcc,handysize_bulker,power_driven,good,15525.01649374163,4.114756765636482,180.1360392183784,731.4771865243359,1.0748140877408898,False,True,False,-1.8155554601363988,2.753414830886039,1039.6944525758222,82,37.61364867140054,True,0.02361111111111111,925.0,166.0611377413854,47673.076449516506,0.044444444444444446,0.001388888888888889,0.0,1391.507351497253,514,head_on,1.0,1.0,0.0,,,0.6666666666666666
head_on_0043,head_on,head_on,both_give_way,risk_aware,Risk-aware (conformal),modelled,1409.7702324639517,715.5453331161314,9.757363263572131,11.433040068417757,handysize_bulker,vlcc,power_driven,good,7924.067363509306,8.613056132193568,176.9697095926228,691.0903532803603,1.9785557110686374,False,True,False,-1.051033388640453,2.907293613053093,1173.9724683385432,68,36.213957932561215,False,0.14027777777777778,360.0,355.54533311612937,77656.39698077037,0.025,0.0,0.006944444444444444,1344.955692637254,596,head_on,1.0,1.0,0.0,,,0.6666666666666666
head_on_0044,head_on,head_on,give_way,risk_aware,Risk-aware (conformal),modelled,1249.9493653017287,886.4441782506503,10.83867308245588,13.815541122228463,coastal_tanker,vlcc,not_under_command,good,11308.04189733413,4.573460501066785,176.8365237069254,1250.0834653417717,7.091092360063869,True,True,False,-3.629749920616616e-14,3.629749920616616e-14,0.0,0,0.0,True,0.05277777777777778,615.0,271.44417825064437,44596.538343074826,0.0,0.0,0.0,1843.6295053242545,564,head_on,0.0,0.0,0.0,,,0.0
head_on_0045,head_on,head_on,both_give_way,risk_aware,Risk-aware (conformal),modelled,506.789456276294,902.9875797811021,9.122055577304735,10.166956118443327,handysize_bulker,coastal_tanker,power_driven,good,8971.370028120617,4.908016900181544,183.16770941096718,217.9141359911115,0.6452440788318385,False,False,False,-1.2580298295723635,2.1464788563161377,582.7124493253283,74,36.59790837673114,True,0.06388888888888888,780.0,141.2388432974685,83916.13748729149,0.029166666666666667,0.0,0.02638888888888889,1249.9903305479982,505,head_on,1.0,1.0,0.0,,,0.6666666666666666
head_on_0046,head_on,head_on,both_give_way,risk_aware,Risk-aware (conformal),modelled,793.4785783661681,1195.776955244066,9.66044812503392,10.419383291225458,vlcc,handysize_bulker,power_driven,good,12373.291680133078,2.0703782704250253,176.90418232507804,1702.0493913645269,3.057220845342768,True,True,False,-9.80032310695177,11.638580022236724,1604.0484529481662,185,30.786082589641197,False,0.009722222222222222,1565.0,0.0,22112.480968996464,0.09861111111111111,0.0,0.06944444444444445,2646.365074273695,407,head_on,0.0,1.0,1.0,,,0.6666666666666666
head_on_0047,head_on,head_on,both_give_way,risk_aware,Risk-aware (conformal),modelled,397.6377709481428,1555.9994516201587,10.357065213176668,9.24599026363342,coastal_tanker,handysize_bulker,power_driven,moderate,15696.559881461808,-1.1538322236847893,180.63135563351238,499.62753855329726,2.601871331863601,False,True,False,-0.26600059376287977,0.4716554032387938,245.17094230586147,41,27.566692840855012,True,0.03611111111111111,1415.0,140.99945162014328,98971.75566411727,0.4041666666666667,0.02638888888888889,0.32222222222222224,1508.3958632350354,437,head_on,1.0,0.0,0.0,,,0.3333333333333333
head_on_0048,head_on,head_on,both_give_way,risk_aware,Risk-aware (conformal),modelled,548.0430610709558,1740.892115248273,12.61536462442278,15.733365648705083,coastal_tanker,coastal_tanker,power_driven,moderate,25381.95067113756,-0.8001615434027306,176.32912773441453,396.59337867947227,1.9330391684927475,False,True,False,-0.2088795678224078,0.5833762140819543,439.8891843010674,50,31.768572165801512,True,0.016666666666666666,1685.0,60.5993495422731,108475.48724414379,0.0,0.0,0.0,731.7829750628438,383,head_on,1.0,1.0,0.0,,,0.6666666666666666
head_on_0049,head_on,head_on,both_give_way,risk_aware,Risk-aware (conformal),modelled,618.2286734155631,1719.9857309448732,12.065293789158671,9.573180897505534,handysize_bulker,vlcc,power_driven,good,19154.987592551788,-2.4916475979847585,178.54863529298322,2768.2690534285753,7.514196134309673,True,True,False,-0.726741758056779,3.6245043977756737,2193.2065918662197,60,35.21589750307091,False,0.002777777777777778,,,5111.897509851828,0.05277777777777778,0.0,0.043055555555555555,5724.49944178096,0,head_on,1.0,1.0,1.0,,,1.0
head_on_0050,head_on,head_on,give_way,risk_aware,Risk-aware (conformal),modelled,1108.118527588046,1116.5059646919137,15.352203046062726,15.945326845297977,vlcc,vlcc,not_under_command,good,18003.52548485025,1.8655485049313654,176.73540043658687,2198.0143131553327,3.9560452785698677,True,True,False,-7.341861000140834,9.61735547676555,1448.0971764526735,196,38.57919546715579,False,0.002777777777777778,,,11864.43820521124,0.0,0.0,0.0,3813.415573681908,0,head_on,1.0,1.0,0.0,,,0.6666666666666666
head_on_0051,head_on,head_on,both_give_way,risk_aware,Risk-aware (conformal),modelled,1303.834750368585,1334.4648993395267,15.826238676614684,8.008823849705173,coastal_tanker,coastal_tanker,power_driven,good,16409.18711484193,-3.4858359002147123,183.18941029365104,1303.8512481250689,7.381736513776436,True,True,False,1.1683500151441587e-12,-1.1683500151441587e-12,0.0,0,0.0,False,0.002777777777777778,,,71798.1438520799,0.02638888888888889,0.0,0.02638888888888889,4211.8677599360435,0,head_on,0.0,0.0,0.0,,,0.0
head_on_0052,head_on,head_on,both_give_way,risk_aware,Risk-aware (conformal),modelled,1277.528872893827,1419.973854555968,10.623921043944716,15.818381528123123,container_feeder,vlcc,power_driven,good,19347.692327620654,1.4728594420108616,176.133547553039,1277.5289223466639,5.312941109130535,True,True,False,-1.851560859587579e-13,1.851560859587579e-13,0.0,0,0.0,True,0.04583333333333333,1115.0,304.97385455596776,49535.922390269705,0.15555555555555556,0.0,0.05,5658.16264342665,497,head_on,0.0,0.0,0.0,,,0.0
head_on_0053,head_on,head_on,both_give_way,risk_aware,Risk-aware (conformal),modelled,30.005109649111517,1619.0427163236009,13.541948652011069,11.653470272632381,vlcc,container_feeder,power_driven,good,20985.210479152804,-0.3481843630035743,179.42432798332612,241.87444245201897,0.39424013104171585,False,False,False,-2.641806952577976,3.3450217096024795,758.6278759529436,87,34.6283080428644,True,0.07777777777777778,1535.0,101.66482695356983,17399.947614768113,0.2222222222222222,0.018055555555555554,0.18472222222222223,1404.2208596505143,413,head_on,1.0,1.0,0.0,,,0.6666666666666666
head_on_0054,head_on,head_on,both_give_way,risk_aware,Risk-aware (conformal),modelled,793.0419470536175,1731.4062472903063,14.699225160130617,14.678337587601703,coastal_tanker,coastal_tanker,power_driven,good,26177.31566735221,-2.3799261045952806,178.7113147554742,1179.2198700785696,5.748321655422695,True,True,False,-0.19198451429975294,0.9731456778631815,870.8739063003175,50,34.52304068337983,True,0.001388888888888889,,,7102.293717071469,0.013888888888888888,0.0,0.013888888888888888,6120.487542876634,0,head_on,1.0,1.0,0.0,,,0.6666666666666666
head_on_0055,head_on,head_on,both_give_way,risk_aware,Risk-aware (conformal),modelled,413.1386659127342,1141.5979854659165,11.507355690978986,11.424517162115793,container_feeder,container_feeder,power_driven,restricted,13473.656078852597,1.3704136774856484,179.22378598133497,598.0101072995157,2.2854736288147106,False,True,False,-1.3573355518632706,1.6350140592088445,351.21917951301157,52,25.853541102550192,True,0.008333333333333333,1230.0,0.0,46027.34592509157,0.018055555555555554,0.0,0.018055555555555554,1238.8747099064635,444,head_on,0.0,0.0,0.0,,,0.0
head_on_0056,head_on,head_on,both_give_way,risk_aware,Risk-aware (conformal),modelled,34.931115083452255,923.7399979668072,13.854902671214617,8.594314505554195,coastal_tanker,container_feeder,power_driven,good,10668.107021417267,-0.014568306863549938,179.47189721977708,961.8257378349194,3.309513542745052,True,True,False,-0.48259357649104334,2.628371100141559,1250.3378367325295,84,58.18901421611631,True,0.0125,1210.0,0.0,57281.02877077904,0.6513888888888889,0.001388888888888889,0.6416666666666667,1183.8706594035157,430,head_on,1.0,1.0,0.0,,,0.6666666666666666
head_on_0057,head_on,head_on,give_way,risk_aware,Risk-aware (conformal),modelled,173.96970997065176,1290.5350955765025,13.622913295865963,14.00393902353778,vlcc,vlcc,fishing,moderate,18337.84933855059,0.768677368636377,182.58878180528166,713.989416497112,1.1398041551596418,False,True,False,-2.2067420151203154,3.395954557065686,1094.9065253610893,91,38.45733076098374,True,0.05416666666666667,1165.0,151.13346941891183,60168.7192468796,0.0,0.0,0.0,1075.0585990549164,487,head_on,1.0,1.0,0.0,,,0.6666666666666666
head_on_0058,head_on,head_on,both_give_way,risk_aware,Risk-aware (conformal),modelled,610.8727194225618,626.0747321717063,10.594142840580787,12.97115774615104,coastal_tanker,vlcc,power_driven,good,7614.257121748769,4.125644975304065,179.13523601087016,562.789439075638,2.700933718408685,False,True,False,-0.26328218105698775,2.3361837175642712,1436.6214139068838,54,34.99828386392762,True,0.10555555555555556,680.0,0.0,29986.43970562237,0.9333333333333333,0.0,0.9208333333333333,1653.66302927028,512,head_on,1.0,1.0,0.0,,,0.6666666666666666
head_on_0059,head_on,head_on,both_give_way,risk_aware,Risk-aware (conformal),modelled,1227.3616844906953,1253.4320213931069,9.933827613374476,15.14697332979858,container_feeder,handysize_bulker,power_driven,restricted,16219.013368893884,-4.615226565132911,179.54421280908343,1227.528409722324,5.1140299510865885,True,True,False,-1.108904724513884e-12,1.108904724513884e-12,0.0,0,0.0,True,0.0,,,,0.0,0.0,0.0,,0,head_on,0.0,0.0,0.0,,,0.0
head_on_0060,head_on,head_on,give_way,risk_aware,Risk-aware (conformal),modelled,131.9509567397209,848.5054415685173,15.939207126983142,15.007450569870786,handysize_bulker,handysize_bulker,fishing,good,13505.554260134986,-0.7203646804923405,177.36018406950149,551.4480661950558,1.4168323507086449,False,True,False,-1.9833753542968078,3.61012683076694,1021.8586553170923,89,61.543473958221234,True,0.05277777777777778,745.0,141.27509112900788,21260.08380158997,0.0,0.0,0.0,1292.5226554407136,497,head_on,1.0,1.0,0.0,,,0.6666666666666666
head_on_0061,head_on,head_on,give_way,risk_aware,Risk-aware (conformal),modelled,1294.2458611796098,840.9643428294871,15.632334540709845,8.971030417299971,container_feeder,vlcc,fishing,good,10716.746039137595,5.499747788644238,176.05923244986894,1091.5254376427777,3.085037551432884,True,True,False,-0.2966830469871526,3.5349006697010315,2892.102551987083,69,39.99899466233794,True,0.030555555555555555,1160.0,0.0,63407.57642705822,0.0,0.0,0.0,1331.0938687391547,488,head_on,1.0,1.0,0.0,,,0.6666666666666666
head_on_0062,head_on,head_on,both_give_way,risk_aware,Risk-aware (conformal),modelled,1029.1493065840882,1783.1562278168365,14.547928575299839,9.264910491430314,coastal_tanker,coastal_tanker,power_driven,moderate,21865.835960995297,1.9733590165627555,178.13821335727286,1029.3970739480797,5.841638248488008,True,True,False,6.490272078035332e-13,-6.490272078035332e-13,0.0,0,0.0,True,0.001388888888888889,,,5213.881902195263,0.059722222222222225,0.0,0.059722222222222225,6353.633580492021,0,head_on,0.0,0.0,0.0,,,0.0
head_on_0063,head_on,head_on,both_give_way,risk_aware,Risk-aware (conformal),modelled,1362.278512736115,1425.6103542502883,13.672359491044284,15.74930902801837,coastal_tanker,coastal_tanker,power_driven,good,21609.46208125497,5.603884832930145,183.71657486011404,1362.3098037689226,7.721987872563339,True,True,False,-1.1797587565208038e-12,1.1797587565208038e-12,0.0,0,0.0,True,0.001388888888888889,,,15970.699220244991,0.15138888888888888,0.0,0.15138888888888888,6766.7908671275,0,head_on,0.0,0.0,0.0,,,0.0
head_on_0064,head_on,head_on,both_give_way,risk_aware,Risk-aware (conformal),modelled,957.6515661542311,712.84426567559,13.736184477856403,11.983348102361216,vlcc,vlcc,power_driven,good,9475.404188361681,-4.067115883268042,183.72067159574394,958.0757987175228,1.8080608143380286,True,True,False,1.1026747665817358e-12,-1.1026747665817358e-12,0.0,0,0.0,True,0.0763888888888889,420.0,292.8442656755915,41463.03824297488,0.8388888888888889,0.016666666666666666,0.7652777777777777,1835.5928509380033,573,head_on,0.0,0.0,0.0,,,0.0
head_on_0065,head_on,head_on,both_give_way,risk_aware,Risk-aware (conformal),modelled,216.15536238750155,1764.3566708917433,10.355518219834604,11.164557880127596,container_feeder,vlcc,power_driven,good,19533.909726759066,0.32013037200847466,179.39495183123736,1332.3898388948585,4.407830772634729,True,True,False,-0.7320493636646218,4.0034011790454,1772.9480458688395,79,44.996297067245386,True,0.025,2125.0,0.0,27631.064076266633,0.5027777777777778,0.0,0.4097222222222222,2528.9807000172973,295,head_on,1.0,1.0,0.0,,,0.6666666666666666
head_on_0066,head_on,head_on,both_give_way,risk_aware,Risk-aware (conformal),modelled,1376.6997667055211,727.7676976388277,15.120546210645355,13.620098851557955,handysize_bulker,vlcc,power_driven,good,10845.102972651726,8.580325840896052,182.71666262711526,811.9402316493697,1.589817200651658,False,True,False,-1.2219448246664082,7.685519529716731,2693.368276626779,91,79.8186285723661,True,0.044444444444444446,455.0,272.76769763883055,75274.55376024413,0.7944444444444444,0.0,0.7666666666666667,1220.9979312897344,591,head_on,1.0,1.0,0.0,,,0.6666666666666666
head_on_0067,head_on,head_on,both_give_way,risk_aware,Risk-aware (conformal),modelled,546.3489128636638,958.178375316551,9.26555133409377,10.23606624178992,handysize_bulker,vlcc,power_driven,good,9627.1239978816,2.2575955448029297,178.1029277426636,1148.010350556558,3.2822151159549002,True,True,False,-1.3002098396509139,5.117951694537042,2165.898919352651,69,37.302586402530686,True,0.04861111111111111,1100.0,0.0,20219.61354512611,0.8583333333333333,0.0,0.8430555555555556,1390.873439766523,500,head_on,1.0,1.0,1.0,,,1.0
head_on_0068,head_on,head_on,both_give_way,risk_aware,Risk-aware (conformal),modelled,114.25241569336575,1694.1518694992958,11.385167098493458,10.774347610869107,coastal_tanker,handysize_bulker,power_driven,good,19304.54653967909,2.0264089959617135,183.4702999187311,905.2265645983612,4.022464145065417,False,True,False,-0.5139235236257528,3.0386364242689283,1359.1192718795048,97,44.718951571961355,True,0.009722222222222222,2135.0,0.0,16292.512120487998,0.027777777777777776,0.0,0.001388888888888889,1243.2125660975303,293,head_on,1.0,1.0,0.0,,,0.6666666666666666
head_on_0069,head_on,head_on,both_give_way,risk_aware,Risk-aware (conformal),modelled,62.0406142522773,819.0858770714617,9.493662196031462,9.612225633224728,container_feeder,container_feeder,power_driven,good,8050.423564734458,-1.1109106700587699,178.6695442505668,908.9251585166337,3.088037425845443,False,True,False,-0.6982582118178403,2.756553142010126,1264.5123735834663,60,35.05396705643499,True,0.0125,925.0,0.0,36288.7846589702,0.7527777777777778,0.006944444444444444,0.7430555555555556,1319.75758640561,526,head_on,1.0,1.0,0.0,,,0.6666666666666666
head_on_0070,head_on,head_on,both_give_way,risk_aware,Risk-aware (conformal),modelled,93.89915254311398,1782.8820802170371,12.513368602520504,8.03428641260437,handysize_bulker,handysize_bulker,power_driven,good,18846.209124238336,0.4993818330586322,180.54707702658612,1059.5496804459344,2.8386807449216027,True,True,False,-1.6504352229130614,4.265578082135168,1761.369569561316,85,35.27608388229974,True,0.0125,1935.0,0.0,28889.586179181602,0.475,0.001388888888888889,0.4583333333333333,891.2438911654103,333,head_on,1.0,1.0,0.0,,,0.6666666666666666
head_on_0071,head_on,head_on,both_give_way,risk_aware,Risk-aware (conformal),modelled,864.1061924398933,696.2522833219072,11.278155188688226,13.718692195671697,handysize_bulker,container_feeder,power_driven,good,8990.725111785889,-7.483896746868922,176.41304606707388,1241.7131571556954,3.6809697962126293,True,True,False,-0.8208166199214424,1.9562120561867347,882.3537425567721,62,35.475853947465865,True,0.016666666666666666,790.0,0.0,57970.47329238677,0.7347222222222223,0.0,0.7347222222222223,1541.7589548287965,475,head_on,1.0,1.0,0.0,,,0.6666666666666666
head_on_0072,head_on,head_on,both_give_way,risk_aware,Risk-aware (conformal),modelled,774.2105246911875,1574.9777227049904,15.120105711644857,12.498890120694025,vlcc,coastal_tanker,power_driven,moderate,22387.208892772334,-2.985718791986188,177.7816819526473,774.2105893707721,1.464627311341262,False,True,False,-2.287995694788609,3.002362980619631,825.0843962786719,82,35.88886155676882,True,0.005555555555555556,,,21359.785369410518,0.029166666666666667,0.0,0.029166666666666667,2651.77735639094,0,head_on,1.0,1.0,0.0,,,0.6666666666666666
head_on_0073,head_on,head_on,both_give_way,risk_aware,Risk-aware (conformal),modelled,1268.7551505823783,1099.6649825331365,15.125442744987705,11.01516175128155,handysize_bulker,vlcc,power_driven,moderate,14842.463924486741,-4.798730320651257,180.24913225630135,1268.7631495116577,4.405359499980257,True,True,False,-1.1444515249257847e-12,1.1444515249257847e-12,0.0,0,0.0,True,0.0125,1310.0,0.0,52027.63878774534,0.6333333333333333,0.0,0.6333333333333333,1059.4026580468028,439,head_on,0.0,0.0,0.0,,,0.0
head_on_0074,head_on,head_on,both_give_way,risk_aware,Risk-aware (conformal),modelled,1.2831967413117207,630.7528251944545,15.14210018946465,10.934367835631429,container_feeder,container_feeder,power_driven,good,8460.025161188603,0.8947094226349455,182.15449119131222,625.0435187973078,2.249436880845206,False,True,False,-1.158680661219436,1.7788315286528738,948.8908493066718,83,26.676051203892616,True,0.0375,700.0,0.0,46273.38093162255,0.37083333333333335,0.0,0.36527777777777776,1566.7683422412053,468,head_on,0.0,0.0,0.0,,,0.0
head_on_0075,head_on,head_on,both_give_way,risk_aware,Risk-aware (conformal),modelled,598.6075292068683,1215.137408172771,9.51292110448837,12.022576655890889,handysize_bulker,coastal_tanker,power_driven,good,13468.042846468768,-4.704953135307467,176.1354894214368,991.2828608308895,2.8873057095053944,True,True,False,-1.0926622079130546,2.3696128158929306,820.6776145617379,71,36.35308117312291,True,0.0125,1300.0,0.0,76242.5877481337,0.6444444444444445,0.0,0.6444444444444445,1306.0991094420492,439,head_on,1.0,1.0,0.0,,,0.6666666666666666
head_on_0076,head_on,head_on,both_give_way,risk_aware,Risk-aware (conformal),modelled,338.206599856558,808.6654632507853,15.428337536973945,13.207782089850056,vlcc,vlcc,power_driven,good,11914.394052398324,-0.3568838106592364,182.75303124588004,1445.4266271430633,2.219307868689945,True,True,False,-1.6943341022567127,3.4567673725620955,1751.6317160471554,80,37.754188986497034,True,0.018055555555555554,1220.0,0.0,53730.49287184483,0.6958333333333333,0.029166666666666667,0.6583333333333333,1227.2502034270583,415,head_on,1.0,1.0,0.0,,,0.6666666666666666
head_on_0077,head_on,head_on,both_give_way,risk_aware,Risk-aware (conformal),modelled,1138.033803575912,1679.0317849356748,12.807239841589483,13.420334012236333,handysize_bulker,coastal_tanker,power_driven,restricted,22682.242481177593,-2.3598720645315803,181.0084862872559,1138.108776373012,3.950948383276096,True,True,False,-6.450844508201014e-13,6.450844508201014e-13,0.0,0,0.0,True,0.0,,,,0.0,0.0,0.0,,0,head_on,0.0,0.0,0.0,,,0.0
head_on_0078,head_on,head_on,both_give_way,risk_aware,Risk-aware (conformal),modelled,994.0500673946193,1654.893314881822,11.461971349189113,9.151141997608558,vlcc,coastal_tanker,power_driven,good,17568.92909200356,4.808718219587583,183.52575912748722,994.0507105668864,1.8769712034078667,True,True,False,-8.237676726717755e-13,8.237676726717755e-13,0.0,0,0.0,True,0.005555555555555556,,,94413.39572323627,0.075,0.0,0.041666666666666664,6070.1924207328575,0,head_on,0.0,0.0,0.0,,,0.0
head_on_0079,head_on,head_on,both_give_way,risk_aware,Risk-aware (conformal),modelled,673.8486504525849,858.0305202652846,15.591389328905112,11.90037110717309,vlcc,vlcc,power_driven,moderate,12153.151815098156,-3.6982369699021564,178.7992608658863,1363.9991661580345,2.0376470857824276,True,True,False,-1.6615449434485485,3.125659887340162,1495.2824338386674,79,37.69144445509102,True,0.015277777777777777,960.0,0.0,135177.7352031709,0.7402777777777778,0.001388888888888889,0.7319444444444444,1506.0327746011753,434,head_on,1.0,1.0,0.0,,,0.6666666666666666
head_on_0080,head_on,head_on,both_give_way,risk_aware,Risk-aware (conformal),modelled,1323.0551951595228,611.9928275703746,13.834131193380307,10.68292488664774,container_feeder,vlcc,power_driven,good,7831.191134330651,10.123459773314563,180.91080193601468,1323.2939096904731,5.511735443457094,True,True,False,-5.545434029131138e-13,5.545434029131138e-13,0.0,0,0.0,True,0.03611111111111111,375.0,236.9928275703722,128594.58302210351,0.022222222222222223,0.0,0.008333333333333333,1471.1874118749074,556,head_on,0.0,0.0,0.0,,,0.0
head_on_0081,head_on,head_on,give_way,risk_aware,Risk-aware (conformal),modelled,1035.7423952074364,1148.6646225316167,11.483349850465222,12.608084803776062,handysize_bulker,container_feeder,fishing,good,14267.660495626265,-5.933806942529822,176.61635127366185,1654.1301926874312,4.725589878380405,True,True,False,-0.7940768783565458,2.1812774622233015,1068.3937324253013,62,35.39866176113814,True,0.001388888888888889,,,7617.182787903142,0.0,0.0,0.0,8360.090061295314,0,head_on,1.0,1.0,0.0,,,0.6666666666666666
head_on_0082,head_on,head_on,both_give_way,risk_aware,Risk-aware (conformal),modelled,977.4009076899712,715.4513510831785,10.120418856750973,11.831859457938638,vlcc,container_feeder,power_driven,good,8136.533950846073,8.324798621264165,182.64474168218075,1443.1454854850153,2.4829769767497223,True,True,False,-6.473918179364606,7.439116809229303,948.903686090276,130,30.672452026828616,True,0.006944444444444444,950.0,0.0,33156.86457505779,0.04722222222222222,0.0,0.04722222222222222,2093.6947403787995,423,head_on,0.0,1.0,0.0,,,0.3333333333333333
head_on_0083,head_on,head_on,both_give_way,risk_aware,Risk-aware (conformal),modelled,1465.5395800822519,658.5059611139479,12.558912102598864,9.895477305109228,container_feeder,container_feeder,power_driven,good,7742.8956170651245,-9.298864681216767,183.65721748686903,1465.6410937197668,6.086231395997538,True,True,False,-6.735025752577648e-13,6.735025752577648e-13,0.0,0,0.0,False,0.0,,,,0.0,0.0,0.0,,0,head_on,0.0,0.0,0.0,,,0.0
head_on_0084,head_on,head_on,both_give_way,risk_aware,Risk-aware (conformal),modelled,905.8569384195517,1307.8015247076419,13.090196382871966,9.294382122139822,handysize_bulker,container_feeder,power_driven,good,15087.287875896207,3.287019539227595,179.62633490044556,434.60175821521256,1.173260647500254,False,True,False,-0.6312107751387309,1.5459939982682414,860.6443434423705,58,35.02433439230997,True,0.06944444444444445,1170.0,151.36338038177396,90847.49850330316,0.5777777777777777,0.0,0.5777777777777777,967.0608765694948,486,head_on,1.0,1.0,0.0,,,0.6666666666666666
head_on_0085,head_on,head_on,both_give_way,risk_aware,Risk-aware (conformal),modelled,932.2707407419623,1100.5973400121707,15.018859786287788,14.0120892341683,container_feeder,vlcc,power_driven,moderate,16454.09339227232,1.3615053406861464,176.09129753044317,684.5524958976101,2.2878323968475787,False,True,False,-0.3011485330300483,0.8716706453189275,705.0897683075837,54,33.68194305200768,True,0.034722222222222224,955.0,145.59734001216754,105526.21039362022,0.02638888888888889,0.0,0.015277777777777777,1274.924362477618,507,head_on,1.0,1.0,0.0,,,0.6666666666666666
head_on_0086,head_on,head_on,give_way,risk_aware,Risk-aware (conformal),modelled,288.1458411679039,1136.8102070036107,13.308276686946275,15.840569367476217,container_feeder,vlcc,restricted_manoeuvrability,good,17047.289597181683,1.9586489046733124,181.82199632268973,856.4697303023431,3.0617923805575704,False,True,False,-0.3910641507035059,2.2133652740773835,1567.972559113212,59,37.400956581323726,True,0.05555555555555555,1200.0,0.0,57080.08784762331,0.0,0.0,0.0,1224.9474110876663,470,head_on,1.0,1.0,0.0,,,0.6666666666666666
head_on_0087,head_on,head_on,both_give_way,risk_aware,Risk-aware (conformal),modelled,1121.9575837462894,782.7163742719466,8.399153262122272,15.704222531520239,container_feeder,container_feeder,power_driven,good,9770.149266066766,6.8397944652582625,180.37706478228503,1397.6297151285432,5.676364137572867,True,True,False,-2.7285606733593073,3.4527314213150486,615.6913239237834,105,26.68439785193086,True,0.005555555555555556,1065.0,0.0,33958.243476482814,0.044444444444444446,0.0,0.044444444444444446,1711.9212750376016,421,head_on,0.0,0.0,0.0,,,0.0
head_on_0088,head_on,head_on,both_give_way,risk_aware,Risk-aware (conformal),modelled,1045.3236476526517,1600.366566122008,11.354974634592935,13.597224961915868,container_feeder,coastal_tanker,power_driven,good,20569.67506271,3.0358760418793995,180.22558027845898,1484.9005108583665,5.848996454545041,True,True,False,-2.800110260227504,4.705555533999887,750.2923172505858,139,34.98137494257338,True,0.001388888888888889,,,6996.812636781074,0.13055555555555556,0.0,0.13055555555555556,7188.330083682227,0,head_on,1.0,1.0,0.0,,,0.6666666666666666
head_on_0089,head_on,head_on,give_way,risk_aware,Risk-aware (conformal),modelled,377.13877408084,861.7031922863681,9.926335778737274,9.77066438103892,coastal_tanker,container_feeder,fishing,good,8738.23764061181,-1.4014882200526249,182.16136924601435,1174.7006105544147,5.601643877301246,True,True,False,-0.28215895360147814,2.2525793003506633,1286.5006284825108,56,34.99746207177474,True,0.009722222222222222,980.0,0.0,96464.10866483185,0.0,0.0,0.0,1747.2207747319267,401,head_on,1.0,1.0,0.0,,,0.6666666666666666
head_on_0090,head_on,head_on,both_give_way,risk_aware,Risk-aware (conformal),modelled,1305.7374365176374,1011.4031682894756,14.780164006011697,13.42854258093369,container_feeder,container_feeder,power_driven,good,14735.20350339844,4.934018245279551,179.68526437174037,1305.8961987643047,5.440723455155595,True,True,False,3.859593538997006e-13,-3.859593538997006e-13,0.0,0,0.0,True,0.002777777777777778,,,24130.695370177848,0.15416666666666667,0.0,0.15416666666666667,4251.41462387418,0,head_on,0.0,0.0,0.0,,,0.0
head_on_0091,head_on,head_on,both_give_way,risk_aware,Risk-aware (conformal),modelled,1434.1915165610126,1433.2689661151576,9.394166050503856,10.845851600656134,handysize_bulker,vlcc,power_driven,good,14992.355598072825,-5.734565667114,179.5424751293985,1434.30476927567,4.979659386174893,True,True,False,-1.1516679555173491e-12,1.1516679555173491e-12,0.0,0,0.0,False,0.05,1030.0,403.26896611517265,34750.690613643914,0.38333333333333336,0.008333333333333333,0.3402777777777778,1099.0365507697284,514,head_on,0.0,0.0,0.0,,,0.0
head_on_0092,head_on,head_on,both_give_way,risk_aware,Risk-aware (conformal),modelled,214.96825046116962,1264.96249684529,14.965132760009599,11.460842007440341,vlcc,container_feeder,power_driven,good,17195.866403089858,-0.095952616459401,178.12715454843504,836.9828510488588,1.5265726382292186,False,True,False,-4.122063096617653,4.913685372652506,1121.4559368108803,111,29.882748529658077,True,0.022222222222222223,1405.0,0.0,39995.98088130426,0.0375,0.0,0.019444444444444445,1464.8589510290942,439,head_on,0.0,0.0,0.0,,,0.0
head_on_0093,head_on,head_on,give_way,risk_aware,Risk-aware (conformal),modelled,304.5254210894339,1216.3529526782245,10.728503012414055,11.567013493441006,coastal_tanker,coastal_tanker,restricted_manoeuvrability,restricted,13952.737315493443,-0.26466912858252106,181.9003994980553,591.0656769202827,2.827570311349601,False,True,False,-0.32804730802011534,1.162745192571648,617.9689217410513,58,40.121015560483265,True,0.006944444444444444,1270.0,0.0,80696.52046321193,0.0,0.0,0.0,1457.2773513546026,402,head_on,1.0,1.0,0.0,,,0.6666666666666666
head_on_0094,head_on,head_on,both_give_way,risk_aware,Risk-aware (conformal),modelled,582.4866761579186,660.5349958887111,11.02565531665866,11.734415299865836,coastal_tanker,handysize_bulker,power_driven,good,7755.499512458407,-4.960193703482766,178.73370450030512,1569.903556652939,7.350369690980899,True,True,False,-0.24998654162216413,2.4248376409799883,1560.969094170718,54,34.99886905852818,True,0.006944444444444444,800.0,0.0,44674.43549207182,0.7958333333333333,0.0,0.7902777777777777,2927.42042302562,212,head_on,1.0,1.0,0.0,,,0.6666666666666666
head_on_0095,head_on,head_on,both_give_way,risk_aware,Risk-aware (conformal),modelled,962.0704166282783,993.7275686208532,15.456962878470822,15.355420595466237,vlcc,coastal_tanker,power_driven,good,15780.238156178644,2.868598579878605,178.742438342462,1195.6114475119452,2.1021996942732746,True,True,False,-4.328837993139011,5.690185983017943,566.9496985310118,135,38.68928894282159,True,0.001388888888888889,,,10269.25700325306,0.10277777777777777,0.0,0.10277777777777777,8465.417660471137,0,head_on,1.0,1.0,0.0,,,0.6666666666666666
head_on_0096,head_on,head_on,both_give_way,risk_aware,Risk-aware (conformal),modelled,1013.2764264021687,1080.287073224364,11.804248576611217,10.904199445998206,coastal_tanker,container_feeder,power_driven,good,12660.226967768622,5.106569504305197,181.0744326355641,1013.2819757241936,5.755861302383138,True,True,False,3.332840079171559e-14,-3.332840079171559e-14,0.0,0,0.0,True,0.011111111111111112,1260.0,0.0,191088.1017188358,0.006944444444444444,0.006944444444444444,0.0,1259.7456088505496,442,head_on,0.0,0.0,0.0,,,0.0
head_on_0097,head_on,head_on,both_give_way,risk_aware,Risk-aware (conformal),modelled,921.3122343544725,1326.4167974984962,13.276348774833442,11.865248592361837,vlcc,handysize_bulker,power_driven,good,17177.858532394253,-4.031835798710924,177.971378393536,1720.7952741767158,2.5820369904675378,True,True,False,-2.1843083375066605,3.6327463421363224,1258.4330725610187,93,38.59374452194855,True,0.004166666666666667,,,7498.472517488113,0.011111111111111112,0.0,0.005555555555555556,5078.582113521103,0,head_on,1.0,1.0,0.0,,,0.6666666666666666
head_on_0098,head_on,head_on,both_give_way,risk_aware,Risk-aware (conformal),modelled,917.8794528813442,898.9273015438112,8.867816523793302,11.189414539129208,handysize_bulker,vlcc,power_driven,restricted,9317.620357822052,-3.98161344056771,182.9966027899316,1135.8670209672182,3.6512429786225087,True,True,False,-1.2471287928171257,2.3452738997537947,672.6389124635937,75,36.75360988124361,True,0.005555555555555556,1010.0,0.0,49948.018418122374,0.7541666666666667,0.0,0.7541666666666667,1598.817601409775,414,head_on,1.0,1.0,0.0,,,0.6666666666666666
head_on_0099,head_on,head_on,both_give_way,risk_aware,Risk-aware (conformal),modelled,154.17352571759335,1132.2476652692108,9.227872192174544,12.588228114432905,coastal_tanker,container_feeder,power_driven,moderate,12702.777721514267,-2.6763601638954535,176.5670465550992,844.367459270389,4.051043602627869,False,True,False,-0.324679036365059,1.9665876531596582,1016.8029261810965,56,34.99004138306117,True,0.009722222222222222,1215.0,0.0,47878.860417757016,0.6819444444444445,0.0,0.6763888888888889,1659.3253282251003,419,head_on,1.0,1.0,0.0,,,0.6666666666666666
crossing_0000,crossing,crossing,give_way,risk_aware,Risk-aware (conformal),modelled,57.30774640279373,1461.9333440530709,10.505330556091799,14.457922652891078,container_feeder,handysize_bulker,fishing,moderate,18122.20894714254,-18.015503291508754,149.307604957817,320.1403727155596,0.9044970838461586,False,False,False,-0.6823529466427342,2.37865782609015,1093.392224003031,75,42.03047585415384,True,0.04583333333333333,1480.0,0.0,20540.438530722957,0.0,0.0,0.0,982.7957518713962,424,crossing,1.0,1.0,0.0,0.0,,0.5
crossing_0001,crossing,crossing,give_way,risk_aware,Risk-aware (conformal),modelled,1423.156896388007,1740.4398276150275,9.066333846512032,11.103300634717261,vlcc,container_feeder,power_driven,good,12581.831426843404,59.07033563136063,273.0014244007973,1423.1604027682627,1.504965763918276,True,True,False,-3.757173113389981,6.03957966398901,1296.4250340454776,130,40.21728634915101,True,0.05,1815.0,0.0,12489.307398966168,0.3958333333333333,0.0,0.3958333333333333,711.5996652472443,357,crossing,1.0,1.0,0.0,0.0,,0.5
crossing_0002,crossing,crossing,stand_on,risk_aware,Risk-aware (conformal),modelled,742.7614995425824,1742.1775091687814,12.332644783877061,10.15269976297036,coastal_tanker,container_feeder,power_driven,restricted,16883.294964818793,-27.183501167484515,113.2865471562065,927.4237138293996,3.7468244699500075,True,True,False,-1.055759994329404,1.6374981814418708,336.17952069061,83,33.42084711931489,False,0.001388888888888889,,,5088.507058677683,0.02361111111111111,0.013888888888888888,0.009722222222222222,5980.8338984215225,0,crossing,,,,,1.0,1.0
crossing_0003,crossing,crossing,give_way,risk_aware,Risk-aware (conformal),modelled,286.9181191047385,854.3391626332116,15.874777165193198,8.527861120618983,container_feeder,container_feeder,power_driven,good,5190.346582166445,34.92653850215385,313.3023443691866,286.9461207123072,0.49009459665033106,False,False,False,-0.2707486621224163,2.2429612109166515,2058.3368003673186,54,34.9975471142294,True,0.07222222222222222,900.0,0.0,20334.692449722446,0.725,0.0,0.725,1306.7210696223817,486,crossing,1.0,1.0,0.0,0.0,,0.5
crossing_0004,crossing,crossing,give_way,risk_aware,Risk-aware (conformal),modelled,1366.3722105378827,960.1922894147733,12.440204688579207,12.674450021308466,coastal_tanker,vlcc,power_driven,good,9342.002918905186,33.91670627463978,263.69682554552355,1366.373463920651,4.279127731665908,True,True,False,1.1859231945581907e-12,-1.1859231945581907e-12,0.0,0,0.0,False,0.08611111111111111,640.0,320.19228941477166,780.9726498024077,0.0,0.0,0.0,1404.7392411775886,486,crossing,0.0,0.0,0.0,1.0,,0.25
crossing_0005,crossing,crossing,stand_on,risk_aware,Risk-aware (conformal),modelled,1074.3755570882836,723.4723708972357,12.126428160858536,10.495910215077611,coastal_tanker,coastal_tanker,power_driven,moderate,6930.7514860395095,-23.814483465145752,108.60677706311134,371.95150695628774,0.9605039329697301,False,False,False,-0.6102591113485674,4.876086388048888,2280.0066301887164,83,79.84147148878506,False,0.03194444444444444,780.0,117.25069731023761,818.1170206379326,0.022222222222222223,0.0,0.022222222222222223,1391.749436003602,464,crossing,,,,,1.0,1.0
crossing_0006,crossing,crossing,give_way,risk_aware,Risk-aware (conformal),modelled,778.0917942827897,1244.440190646119,9.051613228322289,14.769040319246079,vlcc,coastal_tanker,power_driven,good,6645.240166312483,105.95165929544976,316.45246633512966,686.1762861722228,0.8623637306721368,False,False,False,-3.7740770017322696,6.947320608712025,1784.1969972236645,127,40.22307462033977,True,0.044444444444444446,1170.0,85.0003164254022,14053.919285727192,0.25,0.0,0.25,1097.7783919661263,469,crossing,1.0,1.0,0.0,0.0,,0.5
crossing_0007,crossing,crossing,stand_on,risk_aware,Risk-aware (conformal),modelled,370.0363758072687,1161.0999871233118,13.390895195637338,8.523017869267537,vlcc,vlcc,power_driven,good,8824.73579529812,-32.41236685143071,81.41475301878457,670.5406747051584,0.5101295920038026,False,False,False,-3.2751847146677346,7.687875597616579,2784.933656811992,138,57.47381592153446,True,0.18472222222222223,1495.0,0.0,9451.244030473295,0.09027777777777778,0.0,0.09027777777777778,851.4717136164915,421,crossing,,,,,0.0,0.0
crossing_0008,crossing,crossing,give_way,risk_aware,Risk-aware (conformal),modelled,508.13424275211435,1019.1725827813173,15.847580600099347,11.126707944885123,container_feeder,handysize_bulker,power_driven,good,8547.42618090815,43.91534271734756,288.19562799630035,508.18145537664014,0.9041895926659038,False,False,False,-0.2715613848664679,1.8916810999647058,1727.427494476391,54,34.988212715854274,True,0.07361111111111111,1055.0,0.0,23838.59544548518,0.6791666666666667,0.0,0.6791666666666667,1224.7360020789265,487,crossing,1.0,1.0,0.0,0.0,,0.5
crossing_0009,crossing,crossing,give_way,risk_aware,Risk-aware (conformal),modelled,726.2047754165471,631.7606992826157,13.379363103610824,11.65151281999689,container_feeder,coastal_tanker,power_driven,moderate,4376.461696370714,61.3834863364641,296.35936650439345,726.3043771509023,1.317100438075269,False,True,False,-0.37446996314561914,2.7455503997818282,2042.7911425770737,54,34.999739775775275,True,0.03194444444444444,675.0,0.0,21959.991259231796,0.7805555555555556,0.0,0.7805555555555556,1568.8501207379347,475,crossing,1.0,1.0,0.0,0.0,,0.5
crossing_0010,crossing,crossing,give_way,risk_aware,Risk-aware (conformal),modelled,620.8396159381782,1407.2848443996427,14.502104352016017,13.805972565604415,coastal_tanker,container_feeder,power_driven,restricted,18978.94257227528,19.801725048713088,224.5056180594845,578.4582239248838,3.0418038572556045,False,True,False,-0.40253595746470616,0.6445263498106346,151.7992985240181,53,25.927174360748904,False,0.006944444444444444,1365.0,55.41288636874504,3662.9792007234196,0.0,0.0,0.0,1266.7397925519808,424,crossing,1.0,0.0,0.0,1.0,,0.5
crossing_0011,crossing,crossing,stand_on,risk_aware,Risk-aware (conformal),modelled,1099.5144560482695,1132.0652447509153,15.00259388386557,8.861326151757115,coastal_tanker,coastal_tanker,power_driven,good,5266.305075708585,-44.159720711481675,32.03588324573769,1099.5545997365737,2.7264884462022057,True,True,False,-0.19653280724414388,1.8763505628591135,1681.9223342264645,53,34.99011984168329,True,0.029166666666666667,1340.0,0.0,11740.219484430008,0.5402777777777777,0.0,0.5402777777777777,1103.7336519479345,452,crossing,,,,,1.0,1.0
crossing_0012,crossing,crossing,stand_on,risk_aware,Risk-aware (conformal),modelled,1101.2291161782682,632.0458703487211,8.498002379207708,8.24002488215053,vlcc,coastal_tanker,power_driven,good,4983.334996333798,-39.07092216672401,126.50145982969983,1101.3414798779822,1.4404811761656315,True,True,False,-5.845277386905376,6.758208339336085,651.9679925018593,124,32.069079160625705,True,0.0125,805.0,0.0,20233.14596875566,0.04027777777777778,0.0,0.04027777777777778,1836.2609357709634,427,crossing,,,,,1.0,1.0
crossing_0013,crossing,crossing,give_way,risk_aware,Risk-aware (conformal),modelled,1293.5488725895295,1467.779608813267,10.08360046217044,12.121793393447035,coastal_tanker,coastal_tanker,power_driven,good,8566.072220782637,60.46292407248979,300.16910711001424,1395.805464312624,4.559465584417121,True,True,False,-0.5993369994764466,2.1532719463860164,828.4927790128858,77,34.971548401514546,False,0.011111111111111112,1375.0,110.70190872485713,1470.7527474549677,0.0,0.0,0.0,1111.7045469020377,429,crossing,1.0,1.0,0.0,1.0,,0.75
crossing_0014,crossing,crossing,give_way,risk_aware,Risk-aware (conformal),modelled,228.5784030571459,1400.9032099728843,12.110566648655533,15.801571225264972,coastal_tanker,container_feeder,power_driven,good,14835.354469841397,50.85767288137241,265.9115963135975,228.77838869038396,0.7781170234360324,False,False,False,-0.19626317694001355,1.5676261641229363,1146.5433575408592,54,34.96011659212383,True,0.044444444444444446,1420.0,0.0,23546.232958732035,0.6055555555555555,0.0,0.6055555555555555,1012.7975029432068,436,crossing,1.0,1.0,0.0,0.0,,0.5
crossing_0015,crossing,crossing,give_way,risk_aware,Risk-aware (conformal),modelled,994.6849305978204,1753.5778409691914,11.674335217911644,11.242097458205778,handysize_bulker,coastal_tanker,power_driven,good,11631.638577084177,49.41666508115574,291.8384698533878,1163.8592856542912,2.2998166507877658,True,True,False,-1.7901724730715027,3.4773327538770586,837.6234355778055,95,35.589299510620016,False,0.02361111111111111,1665.0,178.08633128986187,2238.3891097829696,0.0,0.0,0.0,874.8816703210736,387,crossing,1.0,1.0,0.0,1.0,,0.75
crossing_0016,crossing,crossing,stand_on,risk_aware,Risk-aware (conformal),modelled,70.83028222179499,1233.5734277407996,13.84646921612659,15.013131536578676,coastal_tanker,vlcc,power_driven,moderate,14497.1554261419,-39.214609848163434,104.59068025666079,16.82835018082056,0.09529758827407987,False,False,True,-0.1817545736961517,0.8355360154499816,719.3948264104692,52,34.131036181925886,False,0.016666666666666666,1195.0,41.331215367072154,38292.1536089515,0.001388888888888889,0.0,0.001388888888888889,1146.959648502852,460,crossing,,,,,1.0,1.0
crossing_0017,crossing,crossing,stand_on,risk_aware,Risk-aware (conformal),modelled,1331.6791606698666,634.7246487930639,13.612972803070443,13.152998367702237,vlcc,handysize_bulker,power_driven,good,5969.516306799825,-60.05162406914311,83.46946143105845,1331.6815533394238,1.2574165517441036,True,True,False,-2.5954042535618167,3.3719698882422837,809.8902451942624,88,35.87910942677774,True,0.030555555555555555,700.0,0.0,26269.606858899384,0.020833333333333332,0.0,0.020833333333333332,1768.8305636660311,446,crossing,,,,,1.0,1.0
crossing_0018,crossing,crossing,stand_on,risk_aware,Risk-aware (conformal),modelled,1396.395833086389,1155.7581961825736,9.455643754582848,8.336109101978437,coastal_tanker,container_feeder,power_driven,good,9230.745131688169,-19.641921857827416,119.07526947045561,225.66996238764497,0.5407529750896967,False,False,False,-0.6976022051208121,15.465625328814655,5376.310211398871,90,68.00494917994514,True,0.05694444444444444,1505.0,0.0,7195.637158297623,0.022222222222222223,0.0,0.022222222222222223,1390.2282093990912,419,crossing,,,,,0.0,0.0
crossing_0019,crossing,crossing,stand_on,risk_aware,Risk-aware (conformal),modelled,1093.6422644140926,819.3655102348349,12.179697542944094,15.081423824621432,vlcc,vlcc,power_driven,good,9838.913649683505,-29.29795535301736,116.21866874715926,241.76729988794318,0.2503118972580299,False,False,True,-2.508256273356441,5.391696528454764,2185.128027550134,100,39.022699625477784,False,0.02638888888888889,890.0,66.39988834949115,6113.685486025154,0.12916666666666668,0.016666666666666666,0.1125,1686.6312761446727,461,crossing,,,,,0.0,0.0
crossing_0020,crossing,crossing,give_way,risk_aware,Risk-aware (conformal),modelled,925.9631654895488,695.0520839093671,8.303977691623572,8.062206173406935,coastal_tanker,coastal_tanker,power_driven,good,3856.5040698648336,63.111446362432154,280.47165681061983,925.9632079855994,2.5691956438315886,False,True,False,-0.39457442210888166,2.964437469611166,1365.0245473165178,54,34.99990034967046,True,0.03888888888888889,765.0,0.0,16915.36262103919,0.7236111111111111,0.0,0.7236111111111111,1445.0497082992838,489,crossing,1.0,1.0,0.0,0.0,,0.5
crossing_0021,crossing,crossing,give_way,risk_aware,Risk-aware (conformal),modelled,430.0126308456172,1685.8175991618064,13.234973074196262,13.656150817249397,vlcc,container_feeder,power_driven,good,10382.679323847626,63.036427872759155,307.20540526938584,507.0345125514372,0.5167092570323338,False,False,False,-2.6148561936433112,3.5261778545366402,880.6109405205348,95,37.34991458753492,False,0.02638888888888889,1610.0,75.09658708600972,162.70651011050631,0.0,0.0,0.0,853.9125751740124,398,crossing,1.0,1.0,0.0,1.0,,0.75
crossing_0022,crossing,crossing,give_way,risk_aware,Risk-aware (conformal),modelled,1278.5373887399394,1402.5953159151802,12.576803770649029,8.03948346369152,handysize_bulker,vlcc,fishing,good,10483.897775630421,-26.77326587063664,85.7911998985951,1278.6618472969988,1.9910872569110039,True,True,False,-3.28451943371091e-13,3.28451943371091e-13,0.0,0,0.0,False,0.1111111111111111,690.0,712.5953159151688,774.0657416384297,0.0,0.0,0.0,1263.477257127593,558,crossing,0.0,0.0,0.0,1.0,,0.25
crossing_0023,crossing,crossing,give_way,risk_aware,Risk-aware (conformal),modelled,1162.7689835766726,1560.5046806939451,14.501939538631019,11.776406358065291,coastal_tanker,vlcc,power_driven,good,6486.473690426296,64.54322645530846,326.79904957270946,1157.128181869513,2.645078458368837,True,True,False,-0.2698192480521202,2.8447415671632736,2175.26933230297,62,48.51987174173019,True,0.08333333333333333,1725.0,0.0,13621.695833527865,0.5,0.0,0.5,774.1621769140623,375,crossing,1.0,1.0,0.0,0.0,,0.5
crossing_0024,crossing,crossing,give_way,risk_aware,Risk-aware (conformal),modelled,847.3800573245122,1176.3907220149795,15.931297707984314,14.478624565813021,coastal_tanker,coastal_tanker,power_driven,moderate,17988.489666413734,14.592643242810288,204.99869421979272,847.6462681059124,4.272514284407143,False,True,False,-0.19319233136018335,0.7360698737887602,693.523986782,46,33.891734187647934,True,0.001388888888888889,,,10871.672023621952,0.011111111111111112,0.0,0.011111111111111112,7124.833724432589,0,crossing,1.0,1.0,0.0,0.0,,0.5
crossing_0025,crossing,crossing,stand_on,risk_aware,Risk-aware (conformal),modelled,1412.7391681670729,1606.2721583221014,11.041455436709086,9.572931679511253,handysize_bulker,coastal_tanker,power_driven,moderate,12583.692302481744,-45.565749405960936,94.18372225169243,1412.773878141786,2.522934923238626,True,True,False,-2.2387694075809104,2.9011998183941343,270.7119503342479,94,33.004525087098,True,0.004166666666666667,,,15249.652673923789,0.03611111111111111,0.0,0.03611111111111111,1853.715358959343,0,crossing,,,,,1.0,1.0
crossing_0026,crossing,crossing,stand_on,risk_aware,Risk-aware (conformal),modelled,195.57823542345693,760.0673359783381,8.399016849236192,13.31723159242152,vlcc,container_feeder,power_driven,restricted,3511.4362875424395,-96.90512100761035,41.51878513459232,198.39954267037805,0.2432578492990291,False,False,True,-4.264460556881219,8.03671236273575,1958.62712463205,137,40.471689813924364,False,0.02638888888888889,755.0,3.1891845177192364,157.8508540608054,0.001388888888888889,0.0,0.001388888888888889,1282.1064390705112,527,crossing,,,,,1.0,1.0
crossing_0027,crossing,crossing,stand_on,risk_aware,Risk-aware (conformal),modelled,265.9214747793183,986.9716097927671,10.056202594580466,11.758423387881102,container_feeder,container_feeder,power_driven,restricted,10720.072325077406,-14.431847358480134,150.63595232831193,173.16392461158796,0.5040886007613755,False,False,False,-0.6681856226961012,1.1085779123643829,385.4320074495524,55,32.79736710483703,True,0.019444444444444445,925.0,67.25269749504939,114.98752051689394,0.004166666666666667,0.001388888888888889,0.002777777777777778,1354.828857219551,459,crossing,,,,,1.0,1.0
crossing_0028,crossing,crossing,give_way,risk_aware,Risk-aware (conformal),modelled,57.667794144230896,1679.0786542176384,15.950853188361275,9.310400559453077,container_feeder,coastal_tanker,power_driven,good,8479.794018183666,32.89330822496525,325.48826120003565,57.85520092623223,0.1099450338926356,False,False,True,-0.2689169051051298,2.618495740992474,2421.355584696903,54,34.999541342271016,True,0.05416666666666667,1700.0,0.0,12483.093813391786,0.5291666666666667,0.0,0.5291666666666667,763.4544309641938,380,crossing,1.0,1.0,0.0,0.0,,0.5
crossing_0029,crossing,crossing,stand_on,risk_aware,Risk-aware (conformal),modelled,718.7702099618378,1092.0477807890984,11.404790274956575,9.721542611941473,coastal_tanker,vlcc,power_driven,good,4786.812552134369,-64.96748525541746,46.15115891013081,718.8249916980783,1.6669623581947506,False,True,False,-0.2511047977203955,7.164841533016895,4784.064900649874,56,34.99999999999879,True,0.1486111111111111,1125.0,0.0,5166.049117903651,0.044444444444444446,0.0,0.044444444444444446,424.918292251172,495,crossing,,,,,1.0,1.0
crossing_0030,crossing,crossing,stand_on,risk_aware,Risk-aware (conformal),modelled,736.7294148147854,945.9031512049128,10.202670060133178,13.699315270858412,coastal_tanker,container_feeder,power_driven,good,8123.721158149869,-50.15744514775858,86.8509555980409,605.1790367391759,1.7594985664925085,False,True,False,-0.463225212062442,5.0147369503518044,2524.056505324046,81,56.43321991094107,False,0.03611111111111111,1000.0,66.51077821523016,1515.6628173380623,0.011111111111111112,0.009722222222222222,0.001388888888888889,1270.8590242355872,463,crossing,,,,,1.0,1.0
crossing_0031,crossing,crossing,give_way,risk_aware,Risk-aware (conformal),modelled,336.0499515154364,1101.3489296728658,14.746120341997901,15.225788150210342,coastal_tanker,container_feeder,power_driven,good,6870.045960410236,65.45619134273532,312.3669236164855,372.4210164374974,1.0194551131456897,False,True,False,-0.19220690634008966,0.7479422982908579,674.8174135699412,53,33.698219443736484,False,0.015277777777777777,1050.0,52.89521675420875,81.57685661055598,0.0,0.0,0.0,1299.0157973648677,451,crossing,1.0,1.0,0.0,1.0,,0.75
crossing_0032,crossing,crossing,give_way,risk_aware,Risk-aware (conformal),modelled,719.7757083398761,843.4258162701101,11.720101799352175,15.761827883795638,container_feeder,vlcc,power_driven,good,3889.120450909943,88.66820583600543,326.5337201970542,737.559339442666,1.6576439744611147,False,True,False,-0.5019378882730073,2.226899873078902,1339.382354319407,56,34.99711886338993,False,0.02638888888888889,800.0,34.27619550406599,193.79479307850627,0.0,0.0,0.0,1483.3159277872549,452,crossing,1.0,1.0,0.0,1.0,,0.75
crossing_0033,crossing,crossing,give_way,risk_aware,Risk-aware (conformal),modelled,1479.1237360207942,609.5531464177873,14.123615961042235,9.917212452534994,container_feeder,handysize_bulker,power_driven,good,3674.7747203639697,20.74501436100401,310.7197024518659,1479.1257917773773,2.469718139864845,True,True,False,-9.74933438023451e-13,9.74933438023451e-13,0.0,0,0.0,False,0.06805555555555555,260.0,349.55314641778733,2043.3420282209709,0.0,0.0,0.0,1738.5117848095026,483,crossing,0.0,0.0,0.0,1.0,,0.25
crossing_0034,crossing,crossing,stand_on,risk_aware,Risk-aware (conformal),modelled,578.8278127138894,1555.0737517725788,10.208168360263617,11.762391327572395,container_feeder,container_feeder,power_driven,good,16137.399550793507,-27.310660489054346,133.0123973584861,578.8283180395949,1.8393809381011088,False,True,False,-0.6509122956524936,1.2953982233821442,514.2811103267212,58,34.43759646818847,True,0.030555555555555555,1615.0,0.0,23525.731658958633,0.013888888888888888,0.0,0.013888888888888888,791.2834970719472,397,crossing,,,,,1.0,1.0
crossing_0035,crossing,crossing,give_way,risk_aware,Risk-aware (conformal),modelled,1087.9537423941197,985.9118014311998,13.886235069266366,9.382981561196797,handysize_bulker,vlcc,fishing,moderate,7287.584479634238,47.58687485093649,287.65196016821557,1087.9741531203263,1.603478335826828,True,True,False,-0.5672262582623894,2.5890855486880584,1817.8441203310374,56,35.000154634016106,True,0.05416666666666667,1075.0,0.0,19788.858655395547,0.0,0.0,0.0,1226.9657715236222,482,crossing,1.0,1.0,0.0,0.0,,0.5
crossing_0036,crossing,crossing,give_way,risk_aware,Risk-aware (conformal),modelled,1000.1065929594183,605.5725246960073,8.12342335743018,12.402597347838839,coastal_tanker,coastal_tanker,fishing,good,2988.4139516201153,-72.8372689324402,46.735992908869676,1042.0094623041175,4.456091184490219,True,True,False,-0.4105723823023202,5.01722080048749,2305.399939055094,54,34.999999994617724,False,0.06666666666666667,540.0,48.763254925214376,844.3455276560939,0.0,0.0,0.0,1106.0563421472184,579,crossing,1.0,1.0,0.0,1.0,,0.75
crossing_0037,crossing,crossing,give_way,risk_aware,Risk-aware (conformal),modelled,1313.908178716546,1148.2175265491471,13.042123028055965,13.405742235000066,vlcc,container_feeder,power_driven,moderate,14870.461953843971,23.869404030170895,217.07238411233268,1314.10937253739,2.0211324115061253,True,True,False,-2.1884597536088486,3.9997293578841626,1512.7805870853458,92,38.6843856198356,True,0.004166666666666667,,,22087.17148365959,0.5708333333333333,0.0,0.5708333333333333,2785.932694368234,0,crossing,1.0,1.0,0.0,0.0,,0.5
crossing_0038,crossing,crossing,stand_on,risk_aware,Risk-aware (conformal),modelled,60.829655783009414,1555.782243116716,12.202806962598693,11.693929236916663,handysize_bulker,container_feeder,power_driven,good,18562.747185519507,-13.454202906987256,152.11016358313583,653.7544780602481,1.4389626304556746,False,True,False,-0.7133871272248055,2.1278911432941756,1156.8394160713776,60,35.181171835198924,True,0.04722222222222222,1615.0,0.0,24587.93859728572,0.10833333333333334,0.0,0.10833333333333334,1179.2039771767343,397,crossing,,,,,1.0,1.0
crossing_0039,crossing,crossing,give_way,risk_aware,Risk-aware (conformal),modelled,414.36461159807214,979.8064949314307,14.02611578878567,15.590270523117287,handysize_bulker,container_feeder,power_driven,good,9860.961829281856,54.65353589904553,277.58719148200896,414.3691799551138,0.7524556459234797,False,False,False,-0.5544606900003378,2.1738276006941737,1505.8794601953339,56,34.99982532729125,True,0.05,1000.0,0.0,26452.39457960511,0.7166666666666667,0.0,0.7166666666666667,1315.091670668897,475,crossing,1.0,1.0,0.0,0.0,,0.5
crossing_0040,crossing,crossing,give_way,risk_aware,Risk-aware (conformal),modelled,280.37640164698956,1143.0882116219032,11.977205164793393,10.099049963579137,container_feeder,container_feeder,power_driven,moderate,12322.09773466939,15.531004839572319,216.92349421412274,97.07486427641462,0.3791456589363706,False,False,True,-1.4684357103887584,1.8091682426410587,291.91442780016115,74,25.045271779269914,True,0.04861111111111111,1105.0,69.72858621372517,80082.42607648503,0.6666666666666666,0.0,0.6666666666666666,1171.9162341947806,484,crossing,0.0,0.0,0.0,0.0,,0.0
crossing_0041,crossing,crossing,stand_on,risk_aware,Risk-aware (conformal),modelled,675.0724302136582,1522.5616838231776,9.667424070299603,10.419740098599792,coastal_tanker,container_feeder,power_driven,restricted,6123.57769717339,-66.13550294781918,45.32238640588722,685.155674895784,1.7245276875788484,False,True,False,-0.17077583832583154,11.06457761064434,6233.19480185995,32,37.01361200574324,False,0.125,1720.0,132.36689645854196,83.01783235734142,0.03333333333333333,0.0,0.03333333333333333,373.84179488788993,376,crossing,,,,,1.0,1.0
crossing_0042,crossing,crossing,stand_on,risk_aware,Risk-aware (conformal),modelled,1346.2644969748594,634.5994317175159,8.997077569986775,8.348390902582079,container_feeder,coastal_tanker,power_driven,good,3950.631535266119,-26.66584529078443,81.88349992613445,1054.3133470835955,2.1398105641448057,True,True,False,-0.7656543952402199,2.042033112297069,784.5750621945406,62,35.16982336934895,False,0.029166666666666667,565.0,233.1053138068489,4841.652116046518,0.6819444444444445,0.002777777777777778,0.6791666666666667,1590.2016746258369,464,crossing,,,,,0.0,0.0
crossing_0043,crossing,crossing,stand_on,risk_aware,Risk-aware (conformal),modelled,608.1066847684261,1758.4778868474734,8.127480245501362,8.010580301444104,coastal_tanker,handysize_bulker,power_driven,good,13693.788883732605,-17.73685180059287,139.12659423792908,758.999171331892,2.323537949627487,False,True,False,-0.5987495390194584,5.599022004744462,1961.6653386670953,64,44.999969631122354,True,0.07777777777777778,1935.0,0.0,7478.840737814077,0.09722222222222222,0.0,0.09722222222222222,1251.748482794924,333,crossing,,,,,0.0,0.0
crossing_0044,crossing,crossing,give_way,risk_aware,Risk-aware (conformal),modelled,680.7902987325313,1484.4533383049536,14.208825595576009,11.610598254339196,handysize_bulker,coastal_tanker,power_driven,good,12789.15656266223,46.194998995521395,279.953287339183,680.8065432600049,1.09354545203827,False,True,False,-0.5407027423733087,2.688457563753573,1966.7534258947576,56,34.999985811322354,True,0.03333333333333333,1535.0,0.0,17422.1167763227,0.5361111111111111,0.0,0.5361111111111111,939.5678696302789,413,crossing,1.0,1.0,0.0,0.0,,0.5
crossing_0045,crossing,crossing,stand_on,risk_aware,Risk-aware (conformal),modelled,933.4889690097564,1725.7930423422567,10.677561331227288,15.612367912651202,handysize_bulker,vlcc,power_driven,good,20064.990093281922,-35.32935261547557,117.10492581722652,881.3154874710779,1.8305746567557886,False,True,False,-0.9009453374413323,2.913268704156136,1383.6021316007427,66,35.73228387032928,False,0.08888888888888889,1495.0,230.7930423422468,587.7756776001439,0.004166666666666667,0.0,0.004166666666666667,871.0194809696155,421,crossing,,,,,1.0,1.0
crossing_0046,crossing,crossing,stand_on,risk_aware,Risk-aware (conformal),modelled,653.7387778070396,760.0906806508997,12.990047628403754,13.34168331754842,coastal_tanker,handysize_bulker,power_driven,good,7818.510799439857,-36.69606392774339,98.33747402232089,368.7863841437457,0.9684515466608544,False,False,False,-0.18061075866905288,2.4840661572513207,1939.9437502077362,54,34.999288943422336,False,0.05694444444444444,605.0,155.09068065089582,284.84014899177384,0.008333333333333333,0.002777777777777778,0.005555555555555556,1432.7767094979208,487,crossing,,,,,1.0,1.0
crossing_0047,crossing,crossing,give_way,risk_aware,Risk-aware (conformal),modelled,595.0849810582333,1207.6488225773567,15.047019315801846,15.212060060007367,container_feeder,vlcc,fishing,good,6455.888280619148,-76.1540463331781,39.987307543405535,593.7214853659752,1.0503331632002677,False,True,False,-0.3246860143498098,2.8358034898806976,2422.6980475798373,57,34.999803397574446,True,0.030555555555555555,1205.0,3.8322947272754453,7131.24562806718,0.0,0.0,0.0,1181.8428276501818,460,crossing,1.0,1.0,0.0,0.0,,0.5
crossing_0048,crossing,crossing,give_way,risk_aware,Risk-aware (conformal),modelled,1461.6821971824236,888.2334170028807,13.210969275470493,12.62427167652038,container_feeder,handysize_bulker,power_driven,restricted,6393.164706179761,69.32541052298876,296.41405200247544,1461.7346101027679,2.7345711327389965,True,True,False,-0.3955221217325682,1.2329901956047649,817.1763289628964,51,34.81331856182143,True,0.002777777777777778,,,13648.72276078062,0.019444444444444445,0.0,0.019444444444444445,3359.0525645668376,0,crossing,1.0,1.0,0.0,0.0,,0.5
crossing_0049,crossing,crossing,stand_on,risk_aware,Risk-aware (conformal),modelled,858.1166358026007,1395.9570518471187,9.913184765147562,12.077846792652439,container_feeder,vlcc,power_driven,moderate,9768.895501860281,-64.62412450675573,75.35768986149677,858.1425698787654,1.8770651206499547,False,True,False,-0.672899181339812,1.8146994953709341,787.9703755819673,59,35.009567192873725,True,0.027777777777777776,1415.0,0.0,14959.155834701554,0.015277777777777777,0.0,0.015277777777777777,1097.5177655633727,437,crossing,,,,,1.0,1.0
crossing_0050,crossing,crossing,stand_on,risk_aware,Risk-aware (conformal),modelled,898.0261313967821,1538.459056680601,10.336394427054486,9.91169226104627,handysize_bulker,container_feeder,power_driven,moderate,7158.3005674393,-68.49467281507302,52.559837617948425,898.0543026456933,1.3430620831602225,False,True,False,-0.9800714544307332,3.2529879072099672,1496.180165921827,66,35.90699258908867,True,0.030555555555555555,1570.0,0.0,7552.6312578321185,0.019444444444444445,0.0,0.019444444444444445,967.4158338359887,406,crossing,,,,,1.0,1.0
crossing_0051,crossing,crossing,stand_on,risk_aware,Risk-aware (conformal),modelled,1008.827362331376,745.8026880863719,10.078868952795343,14.739425381329301,handysize_bulker,handysize_bulker,power_driven,restricted,9422.151843835523,-18.654713194617017,158.97495400739874,1008.8777449540421,3.3171035398373996,True,True,False,-1.190531422542738e-12,1.190531422542738e-12,0.0,0,0.0,True,0.0,,,,0.0,0.0,0.0,,0,crossing,,,,,1.0,1.0
crossing_0052,crossing,crossing,give_way,risk_aware,Risk-aware (conformal),modelled,1121.7077795273187,1046.6928512759505,13.201104856738699,15.178291914018669,vlcc,container_feeder,restricted_manoeuvrability,moderate,12099.83817260632,-35.877734588276084,103.85379069956352,1121.8770055829611,1.2874657571186572,True,True,False,-1.0728649115000717e-12,1.0728649115000717e-12,0.0,0,0.0,False,0.018055555555555554,930.0,116.69285127595388,4915.502233213222,0.0,0.0,0.0,1470.6097646893425,446,crossing,0.0,0.0,0.0,1.0,,0.25
crossing_0053,crossing,crossing,give_way,risk_aware,Risk-aware (conformal),modelled,1034.5048375581275,1698.319488335044,8.769773894011156,10.693882925996656,vlcc,handysize_bulker,fishing,moderate,11015.01572655592,51.55122424140319,280.3574614932771,1294.6235019153796,1.6566580764222436,True,True,False,-5.54285345484962,7.166893525416742,949.3027843460969,144,39.62854735081206,False,0.04027777777777778,1495.0,206.96894758632348,429.2176008092117,0.0,0.0,0.0,896.3236295568888,421,crossing,1.0,1.0,0.0,1.0,,0.75
crossing_0054,crossing,crossing,stand_on,risk_aware,Risk-aware (conformal),modelled,501.0944032745975,862.5995726954416,14.054348810787952,9.914455541104083,coastal_tanker,handysize_bulker,power_driven,good,10312.48213359257,-14.863689549096836,150.66629857249194,1326.2355521207724,4.366712839051616,True,True,False,-0.18359363155548766,1.261285037342565,1082.2577364509343,52,34.864286860830376,True,0.011111111111111112,1100.0,0.0,46284.34544402594,0.7180555555555556,0.0,0.7180555555555556,1812.6244988397298,418,crossing,,,,,1.0,1.0
crossing_0055,crossing,crossing,stand_on,risk_aware,Risk-aware (conformal),modelled,645.3412281644893,657.46145113207,15.273570006052958,8.629543214649551,container_feeder,vlcc,power_driven,good,5611.236577119376,-37.84829350116057,82.11590512866141,645.6785491539067,1.1546962404773005,False,True,False,-0.3158394778715923,1.2691415887694049,1062.9428485845417,56,34.77319042983522,True,0.10555555555555556,710.0,0.0,19084.27544122219,0.013888888888888888,0.0,0.013888888888888888,1160.0706726581495,578,crossing,,,,,1.0,1.0
crossing_0056,crossing,crossing,stand_on,risk_aware,Risk-aware (conformal),modelled,1161.2187541381486,870.325489264432,12.383330617296547,11.839698140830258,handysize_bulker,vlcc,power_driven,good,6733.906313927295,-60.57965369475174,75.37235323153868,1161.2214037918104,1.914778138786922,True,True,False,-0.7286969118714126,1.5531393059030107,745.2422649681472,60,35.137952376798374,True,0.06805555555555555,920.0,0.0,14596.025657907594,0.018055555555555554,0.0,0.018055555555555554,1170.7579050525344,512,crossing,,,,,1.0,1.0
crossing_0057,crossing,crossing,give_way,risk_aware,Risk-aware (conformal),modelled,491.2876486191869,920.9242872718205,12.859931369062181,11.687648205063269,handysize_bulker,coastal_tanker,not_under_command,good,4222.187872816742,68.61185856814663,318.06775881050027,491.3056766035598,0.6996691466538253,False,False,False,-0.6479391843169567,3.06984451231555,1981.406875186128,58,35.057126878422096,True,0.059722222222222225,940.0,0.0,17437.05838812234,0.0,0.0,0.0,1271.685292001001,479,crossing,1.0,1.0,0.0,0.0,,0.5
crossing_0058,crossing,crossing,stand_on,risk_aware,Risk-aware (conformal),modelled,62.948261146430426,958.8584406253694,11.490636154722104,10.431265148487665,handysize_bulker,container_feeder,power_driven,moderate,8467.271828383655,-36.74067834975867,102.96516690746442,63.75027050836134,0.12829236035882677,False,False,True,-0.8405450437425483,1.5881401143818215,638.832910426649,61,35.36129155551372,True,0.0125,975.0,0.0,26719.83111488964,0.002777777777777778,0.0,0.002777777777777778,1381.9662096621778,452,crossing,,,,,1.0,1.0
crossing_0059,crossing,crossing,give_way,risk_aware,Risk-aware (conformal),modelled,180.15367315095554,1061.0109426195959,10.616648123925646,13.729543011490824,handysize_bulker,coastal_tanker,power_driven,moderate,10510.231225496225,44.81788195087232,256.2177582706254,180.43170982984958,0.396059907440283,False,False,False,-0.9095660987714566,2.3937686003822627,1046.5582352978174,66,35.76148588887929,True,0.0375,1080.0,0.0,24566.813545860125,0.7013888888888888,0.0,0.7013888888888888,1269.2681214871022,467,crossing,1.0,1.0,0.0,0.0,,0.5
crossing_0060,crossing,crossing,give_way,risk_aware,Risk-aware (conformal),modelled,1368.4676209723054,1225.8985290673436,10.04338812535945,9.767082592465709,vlcc,coastal_tanker,power_driven,good,5895.963096955041,74.56008043262801,305.37238063021783,1368.4740767605795,1.1303727651454645,True,True,False,-3.329922629315171,6.726616571103711,2112.986805695714,118,39.847266232505284,True,0.04583333333333333,1310.0,0.0,12443.61403479308,0.5625,0.0,0.5625,977.4195716783095,458,crossing,1.0,1.0,0.0,0.0,,0.5
crossing_0061,crossing,crossing,give_way,risk_aware,Risk-aware (conformal),modelled,1449.7362381429432,711.6662034100082,15.501019893043043,13.384182178605332,coastal_tanker,coastal_tanker,fishing,good,9515.623785755479,-33.89197648893016,125.41139989800305,1449.9034374136133,5.468065397334525,True,True,False,-0.2610770542985545,0.4690365133253091,328.24748541687023,45,28.341175103947403,True,0.011111111111111112,880.0,0.0,43898.633155051786,0.0,0.0,0.0,2713.038257972284,311,crossing,1.0,0.0,0.0,0.0,,0.25
crossing_0062,crossing,crossing,give_way,risk_aware,Risk-aware (conformal),modelled,1360.971283737884,1108.548472696259,9.471553534492237,13.755532230090008,container_feeder,coastal_tanker,restricted_manoeuvrability,good,6946.093014465929,67.70553190558806,301.53067847469174,1460.9563925684333,3.796177516705341,True,True,False,-0.8213617208925971,2.5186934995190207,1054.6971425697454,65,35.06932726476254,False,0.009722222222222222,985.0,108.93523108377043,1287.2569825390085,0.0,0.0,0.0,1386.6232794746286,438,crossing,1.0,1.0,0.0,1.0,,0.75
crossing_0063,crossing,crossing,stand_on,risk_aware,Risk-aware (conformal),modelled,1198.290841482376,1688.1930834161617,9.455873910783918,13.16659718298268,vlcc,coastal_tanker,power_driven,good,10767.513530709983,-66.67811829003297,63.53622067480929,1341.0514057698963,1.5240931039843921,True,True,False,-3.615422465491191,8.654481266586076,2898.7288611439676,123,40.07127527809361,False,0.07083333333333333,1565.0,106.42205949473409,625.4036398921502,0.002777777777777778,0.0,0.002777777777777778,638.2503038012761,407,crossing,,,,,1.0,1.0
crossing_0064,crossing,crossing,give_way,risk_aware,Risk-aware (conformal),modelled,1059.4846952629025,1630.494626603152,11.683285232444522,10.745283443338208,handysize_bulker,vlcc,power_driven,good,16422.006876901112,24.39178752684433,238.88636741706262,2077.5919351925045,6.468289135681645,True,True,False,-0.7690875829294671,3.2380817959927515,1828.9669524809697,62,35.32958968113934,False,0.027777777777777776,1230.0,400.4946266031528,2872.0452354513,0.0,0.0,0.0,1552.2020382908986,409,crossing,1.0,1.0,0.0,1.0,,0.75
crossing_0065,crossing,crossing,give_way,risk_aware,Risk-aware (conformal),modelled,286.92470887119765,966.3312356576357,10.886986192043295,8.030896682461842,handysize_bulker,handysize_bulker,power_driven,moderate,8392.79195950925,24.74237774327069,234.449094898536,287.157297751849,0.6369383541964796,False,False,False,-0.869987637005189,2.455886589474498,1138.7533651810318,64,35.637037463559466,True,0.05277777777777778,1005.0,0.0,22113.536813636652,0.6236111111111111,0.0,0.6236111111111111,1290.5616286941163,473,crossing,1.0,1.0,0.0,0.0,,0.5
crossing_0066,crossing,crossing,stand_on,risk_aware,Risk-aware (conformal),modelled,98.97052990085209,1530.1651942375647,15.506830890768054,11.520084711961768,handysize_bulker,handysize_bulker,power_driven,good,13258.785354079882,-41.037964784721396,75.49375373651046,44.956464461753185,0.06451283458122482,False,False,True,-0.48642554856835846,0.8444743204087758,513.6443776853567,49,31.657136411709637,False,0.02361111111111111,1480.0,52.8445081940484,14.5434011838971,0.002777777777777778,0.0,0.002777777777777778,929.0354544556851,424,crossing,,,,,1.0,1.0
crossing_0067,crossing,crossing,stand_on,risk_aware,Risk-aware (conformal),modelled,836.7370491583755,1587.7847107936332,15.921178926860687,9.522196229514716,vlcc,container_feeder,power_driven,good,9287.279993547816,-41.35036004155112,44.59005453058024,836.8365599756173,0.6413461351177169,False,False,False,-1.641285741321595,3.0914483473615135,1514.0276761162952,79,37.561095829033924,True,0.05416666666666667,1690.0,0.0,9112.553981199047,0.05,0.0,0.05,487.8956764788183,382,crossing,,,,,1.0,1.0
crossing_0068,crossing,crossing,give_way,risk_aware,Risk-aware (conformal),modelled,268.1505354045638,1128.2762107924086,14.617423895176447,8.975948197488439,coastal_tanker,vlcc,power_driven,good,12433.057983437511,20.305416637053373,231.21440052189894,1804.8729885630098,8.53477793146503,True,True,False,-0.19061002376429798,2.9048531447535146,2526.4686917997387,50,34.99988432250322,False,0.022222222222222223,770.0,293.0557928197911,3686.360948634576,0.0,0.0,0.0,2454.6481709235504,337,crossing,1.0,1.0,0.0,1.0,,0.75
crossing_0069,crossing,crossing,give_way,risk_aware,Risk-aware (conformal),modelled,1171.2439745178194,996.8969947282297,15.513494827042845,12.3796896087641,vlcc,container_feeder,power_driven,good,14024.781053790195,6.1900990987944216,204.79005092838867,1781.2257635267677,3.273898473809982,True,True,False,-2.183601521868716,3.373740329235042,1154.5690357475705,87,42.79202257819432,False,0.001388888888888889,,,7973.226069624607,0.03333333333333333,0.0,0.03333333333333333,8700.082744430758,0,crossing,1.0,1.0,0.0,1.0,,0.75
crossing_0070,crossing,crossing,give_way,risk_aware,Risk-aware (conformal),modelled,391.1211496660709,925.9494826451713,10.197187440848705,12.57485738791786,handysize_bulker,container_feeder,power_driven,moderate,9661.463648576238,28.06036052770151,234.5924669931174,238.88322041705314,0.6308513294716952,False,False,False,-2.4602921650625094,2.848549064019547,402.39950295743296,85,27.460384702384296,False,0.02361111111111111,900.0,76.8369243468026,5842.381093125303,0.0,0.0,0.0,1460.4238300665336,461,crossing,0.0,0.0,0.0,1.0,,0.25
crossing_0071,crossing,crossing,stand_on,risk_aware,Risk-aware (conformal),modelled,1164.8955828341388,1055.2728317616643,9.172096670460562,13.746087530734638,container_feeder,coastal_tanker,power_driven,good,8679.34056875939,-67.51756539104808,84.97589099536475,1164.8977052079606,2.9291678331881346,True,True,False,-0.8689604655194153,1.7367430269097182,574.9369909364207,67,35.135820017596316,True,0.016666666666666666,1095.0,0.0,20454.072999988904,0.018055555555555554,0.0,0.018055555555555554,1376.909993251715,443,crossing,,,,,1.0,1.0
crossing_0072,crossing,crossing,give_way,risk_aware,Risk-aware (conformal),modelled,319.9362077993763,1227.210466979099,14.72892270233923,13.687776798661034,handysize_bulker,handysize_bulker,power_driven,good,13910.361524247988,38.81728821486852,258.42334501990496,320.9152909853608,0.6160251714028964,False,False,False,-0.5063659562413051,1.9759109829885,1455.046957939934,54,34.995661554772276,True,0.058333333333333334,1255.0,0.0,25203.292433850176,0.6458333333333334,0.0,0.6458333333333334,1106.699050067122,469,crossing,1.0,1.0,0.0,0.0,,0.5
crossing_0073,crossing,crossing,give_way,risk_aware,Risk-aware (conformal),modelled,1309.7854977483616,868.542755945969,13.628137467280897,15.605962356081523,vlcc,handysize_bulker,fishing,good,11061.639554488773,-42.153252501864614,114.29689435654157,1309.915137274594,1.6218552185071853,True,True,False,-2.728247017255291,3.2674703332698756,648.5198480740113,83,31.40467912876553,True,0.020833333333333332,965.0,0.0,32212.47643320057,0.0,0.0,0.0,1726.8729313926142,428,crossing,1.0,1.0,0.0,0.0,,0.5
crossing_0074,crossing,crossing,stand_on,risk_aware,Risk-aware (conformal),modelled,1438.9550053634114,1228.783133111187,14.104970150932683,11.30920541498956,vlcc,vlcc,power_driven,good,5709.447058257209,-67.87089084713595,38.27522370241607,1438.9654080083096,1.0905284080094448,True,True,False,-2.0157625124078624,8.349991575956748,5385.745995235001,87,38.25862109384039,True,0.4152777777777778,1325.0,0.0,5399.755883221203,0.09305555555555556,0.0,0.09305555555555556,186.72844129593213,455,crossing,,,,,1.0,1.0
crossing_0075,crossing,crossing,stand_on,risk_aware,Risk-aware (conformal),modelled,329.5582488687031,1091.2786452773098,10.475050699407586,14.99124501771746,handysize_bulker,vlcc,power_driven,good,12703.635401368245,-34.65557259842172,124.35531213607132,329.89399356629895,0.8614251668714324,False,False,False,-0.9945822191690049,1.7640966351312934,595.8088127991361,66,35.79982104162686,True,0.030555555555555555,1115.0,0.0,28500.10202757792,0.009722222222222222,0.0,0.009722222222222222,1081.1220459744789,497,crossing,,,,,1.0,1.0
crossing_0076,crossing,crossing,stand_on,risk_aware,Risk-aware (conformal),modelled,1454.609363782719,902.9222892143631,8.454377026711697,9.942695466689813,coastal_tanker,coastal_tanker,power_driven,good,7659.8020702303775,-20.01729560708824,123.09190821613687,1383.907780789565,4.352073751695498,True,True,False,-0.9741155527492658,4.31868171680032,1649.2884973058804,72,34.9999964381285,False,0.025,815.0,110.87000302261465,1788.9794509358626,0.001388888888888889,0.0,0.001388888888888889,1415.1862732521938,455,crossing,,,,,1.0,1.0
crossing_0077,crossing,crossing,give_way,risk_aware,Risk-aware (conformal),modelled,1452.4839317257295,913.932894573477,13.892072680798762,13.095909927439221,coastal_tanker,handysize_bulker,not_under_command,restricted,6073.619557456075,-72.96528604289918,55.29529166220695,1452.5002532669528,3.567288183321219,True,True,False,-0.5461940009566371,1.0968479135769846,301.40371214438727,79,31.748903291305602,True,0.004166666666666667,,,22187.701427608157,0.0,0.0,0.0,1761.163709610906,0,crossing,1.0,1.0,0.0,0.0,,0.5
crossing_0078,crossing,crossing,stand_on,risk_aware,Risk-aware (conformal),modelled,872.9111322510316,1082.4536293971453,13.236779978119541,11.296059980977141,vlcc,coastal_tanker,power_driven,good,12298.029165288957,-19.901357064188968,127.59831307781111,890.429320663268,0.8903660194975714,False,False,False,-2.5911906303395265,4.05593564667377,1257.255232363457,99,38.54642017162315,False,0.025,980.0,110.08807783359782,560.0383825134437,0.006944444444444444,0.006944444444444444,0.0,1396.366030158174,443,crossing,,,,,1.0,1.0
crossing_0079,crossing,crossing,stand_on,risk_aware,Risk-aware (conformal),modelled,379.31250151388264,766.6913374275729,15.622920237463596,10.965352375186809,vlcc,coastal_tanker,power_driven,good,3670.9894408761047,-37.65046420953545,35.59209260954824,657.5346706156936,0.5004424819066087,False,False,False,-1.6781484671747504,4.372655510980011,2630.709565163802,80,37.67889570181334,True,0.06805555555555555,550.0,273.902917792945,8109.873259782048,0.03888888888888889,0.0,0.03888888888888889,840.3220477621289,460,crossing,,,,,1.0,1.0
crossing_0080,crossing,crossing,stand_on,risk_aware,Risk-aware (conformal),modelled,520.8751967636667,813.0322958403269,13.15060756261132,14.196356855810958,container_feeder,handysize_bulker,power_driven,good,3111.7231869150205,-92.1301980474021,30.81280596652516,31.02329588915588,0.06970433129504207,False,False,True,-1.312739034928973,4.46255203231165,2684.7374535140175,85,34.99998971899794,True,0.1388888888888889,780.0,34.159529877957695,5032.342497852449,0.7,0.5833333333333334,0.11666666666666667,752.1325890780928,564,crossing,,,,,1.0,1.0
crossing_0081,crossing,crossing,give_way,risk_aware,Risk-aware (conformal),modelled,106.24902105630535,1186.9981655174506,12.91996291404208,12.554522873969692,handysize_bulker,container_feeder,power_driven,good,12919.72376321297,33.77271909386715,247.7056785828934,108.45197716538615,0.2305127693332219,False,False,True,-0.642817919466326,2.08415846669727,1247.767523795686,58,35.04947903635477,True,0.041666666666666664,1205.0,0.0,24734.988383747423,0.6680555555555555,0.0,0.6680555555555555,1157.8927859214468,474,crossing,1.0,1.0,0.0,0.0,,0.5
crossing_0082,crossing,crossing,give_way,risk_aware,Risk-aware (conformal),modelled,306.0621444852256,1235.446227624699,8.548087511073561,11.283759130197485,container_feeder,coastal_tanker,power_driven,moderate,12398.403179207095,13.461778512109134,201.14481089047226,144.18043029483013,0.5896650813044799,False,False,False,-0.9358763434644628,1.4543055724576288,367.22177659034,61,33.81027392731399,True,0.05138888888888889,1145.0,97.84612270787021,35982.56900744323,0.6263888888888889,0.0,0.6263888888888889,1084.2889718535619,487,crossing,1.0,1.0,0.0,0.0,,0.5
crossing_0083,crossing,crossing,stand_on,risk_aware,Risk-aware (conformal),modelled,942.5389401873872,1229.0810385698633,11.390136521837094,9.938477540779044,vlcc,handysize_bulker,power_driven,good,6610.161350319835,-62.353773270408645,57.561826356448584,942.5516343619855,0.7591300212333668,True,False,False,-2.770468536851471,4.522198075586087,1278.7127532772859,107,39.311346943563024,True,0.043055555555555555,1280.0,0.0,10675.128529223584,0.02361111111111111,0.0,0.02361111111111111,1123.8901308774618,462,crossing,,,,,1.0,1.0
crossing_0084,crossing,crossing,stand_on,risk_aware,Risk-aware (conformal),modelled,457.7380646913841,1396.2930297175628,15.373496257059799,12.78013405036111,handysize_bulker,vlcc,power_driven,moderate,14239.416681197708,-42.00244466449642,88.96224399046514,457.9277624725331,0.7803989719922613,False,False,False,-0.4978441932561464,1.228013913516238,851.335165524547,55,34.585910386722446,True,0.02638888888888889,1425.0,0.0,24262.02819474665,0.009722222222222222,0.0,0.009722222222222222,924.8171744261641,435,crossing,,,,,1.0,1.0
crossing_0085,crossing,crossing,give_way,risk_aware,Risk-aware (conformal),modelled,858.5561017937503,1272.616629056728,14.785686015021625,10.69153629351114,container_feeder,coastal_tanker,power_driven,good,7521.640818610698,52.52597272392009,309.86425554568274,858.6701504397104,1.437830431911564,False,True,False,-0.30869432051253404,2.7071222200791043,2284.8062818643784,56,34.99968289650806,True,0.04722222222222222,1345.0,0.0,16011.694535180135,0.5833333333333334,0.0,0.5833333333333334,1029.1694274788897,451,crossing,1.0,1.0,0.0,0.0,,0.5
crossing_0086,crossing,crossing,give_way,risk_aware,Risk-aware (conformal),modelled,1095.4605217752562,1027.2925562164046,12.020808195877478,13.856468841425155,vlcc,handysize_bulker,power_driven,good,8212.143152806702,51.519428870619116,287.3489427898336,1333.1043867588694,1.5922222832330195,True,True,False,-2.6003246944806664,4.091221597317592,1171.5348855045766,102,39.085021255393265,False,0.03194444444444444,875.0,146.17981201943306,611.9828652331455,0.0,0.0,0.0,1415.9820000568207,447,crossing,1.0,1.0,0.0,1.0,,0.75
crossing_0087,crossing,crossing,give_way,risk_aware,Risk-aware (conformal),modelled,321.0453683297278,1725.9510226560274,8.159046309504092,13.637953588406058,coastal_tanker,coastal_tanker,power_driven,good,16678.323631923042,41.53220916496516,243.25791230597832,321.17682521105866,1.3636995389864548,False,True,False,-0.40746140265750597,1.8452021134160326,798.9805269427868,54,34.98023752466444,True,0.03611111111111111,1755.0,0.0,17583.86117403674,0.49166666666666664,0.0,0.49166666666666664,801.7255086739613,369,crossing,1.0,1.0,0.0,0.0,,0.5
crossing_0088,crossing,crossing,stand_on,risk_aware,Risk-aware (conformal),modelled,1248.1238146375395,1577.7605666042414,12.013655956407277,8.658510595296143,vlcc,handysize_bulker,power_driven,good,9183.96460685888,-35.79877749800238,63.25105154411852,1078.8282419288391,0.8567227346361915,True,False,False,-2.6330449802959075,4.0777500962351105,1140.7009751526941,103,39.087880115447724,False,0.05694444444444444,1090.0,487.7605666042522,2751.6117212345102,0.10555555555555556,0.08194444444444444,0.02361111111111111,775.1481107701385,502,crossing,,,,,0.0,0.0
crossing_0089,crossing,crossing,stand_on,risk_aware,Risk-aware (conformal),modelled,1389.9122128894965,776.5212092332742,12.30713688446232,14.942108983125646,container_feeder,vlcc,power_driven,good,9582.154887665154,-24.38324820350062,120.83671780259722,999.2721926532362,2.303596328400752,True,True,False,-0.4357001997032218,2.930519149200568,1965.6191579728036,54,34.999910766560305,False,0.09027777777777778,510.0,266.521209233271,1287.6066572675486,0.025,0.0,0.025,1488.9967106135884,502,crossing,,,,,1.0,1.0
crossing_0090,crossing,crossing,stand_on,risk_aware,Risk-aware (conformal),modelled,349.33407085656887,851.623093260527,9.204388072535597,10.163194112215805,vlcc,coastal_tanker,power_driven,good,6426.425637332038,-40.26784441421291,98.14772362207619,433.58674169515274,0.45303861546895474,False,False,False,-3.7205703710565152,7.002910448476595,1875.4067868538589,126,40.16659832489084,False,0.04722222222222222,740.0,119.24158021259116,61.85523345222524,0.002777777777777778,0.0,0.002777777777777778,1399.4797195697158,473,crossing,,,,,1.0,1.0
crossing_0091,crossing,crossing,stand_on,risk_aware,Risk-aware (conformal),modelled,1309.4764064052274,1628.639463365583,13.807674986705258,15.42135943888071,container_feeder,container_feeder,power_driven,good,21310.388547080893,-28.04515450991834,120.47995738709068,1309.5969551573023,3.718066696064258,True,True,False,8.832709755653507e-13,-8.832709755653507e-13,0.0,0,0.0,False,0.011111111111111112,1555.0,73.63946336557268,14479.861550735373,0.03611111111111111,0.0125,0.02361111111111111,1518.7024233623526,400,crossing,,,,,1.0,1.0
crossing_0092,crossing,crossing,give_way,risk_aware,Risk-aware (conformal),modelled,982.5316374982111,1473.3223064263475,13.544906867668235,13.273903349376567,container_feeder,handysize_bulker,fishing,good,5832.167640135045,81.3162996805653,327.16329826345805,937.9908144693849,1.6821915017857794,True,True,False,-0.36707804625433643,2.9145009562632733,2208.5128293492753,54,34.99988007931682,True,0.06527777777777778,1520.0,0.0,13608.422234654721,0.0,0.0,0.0,874.6173681943067,416,crossing,1.0,1.0,0.0,0.0,,0.5
crossing_0093,crossing,crossing,stand_on,risk_aware,Risk-aware (conformal),modelled,320.5622327517562,1764.8878118987093,14.043523537466472,10.975450947660377,container_feeder,coastal_tanker,power_driven,good,22067.859167483908,-11.283593154447933,152.30533038459495,37.674364849878735,0.09042166817157224,False,False,True,-0.45342418090567227,1.0175189602319645,633.0092815937761,51,33.96010432822442,True,0.05555555555555555,1695.0,88.46428072974733,30168.075505447516,0.005555555555555556,0.0,0.005555555555555556,723.6672943844248,381,crossing,,,,,1.0,1.0
crossing_0094,crossing,crossing,give_way,risk_aware,Risk-aware (conformal),modelled,241.25833490969333,1481.8426100948298,12.824816842404044,9.676171105328628,container_feeder,handysize_bulker,power_driven,restricted,14473.952991010829,26.716589826063398,245.66153911929558,430.44475867144695,1.4236083373141963,False,True,False,-0.4373318405486551,0.8716105615217667,490.2033412083016,53,32.588757695875316,False,0.009722222222222222,1410.0,68.25086780716134,796.5705601256302,0.001388888888888889,0.0,0.001388888888888889,1293.8318270626262,417,crossing,1.0,1.0,0.0,1.0,,0.75
crossing_0095,crossing,crossing,give_way,risk_aware,Risk-aware (conformal),modelled,26.458065770059434,1523.1963279933675,15.640169319649775,11.45630015804596,container_feeder,handysize_bulker,fishing,good,18702.791946092417,-23.893059999347862,122.73980032196903,1378.7394900428246,2.6949844565296037,True,True,False,-0.27781844894514035,2.3503630851564457,2119.594545504614,54,34.998465206120166,True,0.02361111111111111,1745.0,0.0,27372.330737706976,0.0,0.0,0.0,1098.6587118560321,371,crossing,1.0,1.0,0.0,0.0,,0.5
crossing_0096,crossing,crossing,give_way,risk_aware,Risk-aware (conformal),modelled,702.6945753285463,1794.0161185422708,15.633195141073989,14.909268134561557,handysize_bulker,vlcc,power_driven,good,9310.148748311058,71.24839792461701,321.634734973597,695.2389045772503,1.0062462856814458,False,True,False,-0.4552752900364594,2.529446823390972,2102.333201336298,54,34.9996702364831,True,0.06944444444444445,1805.0,4.225872161482559,13778.57765013514,0.4736111111111111,0.0,0.4736111111111111,688.0592265903766,359,crossing,1.0,1.0,0.0,0.0,,0.5
crossing_0097,crossing,crossing,give_way,risk_aware,Risk-aware (conformal),modelled,596.1349548461199,875.5385755316636,14.549328517600191,9.7792130872644,container_feeder,vlcc,not_under_command,restricted,9044.381676351994,31.204370315465297,250.68088876502344,596.1608027639807,1.3355880086620306,False,True,False,-0.31879999723568125,2.364770126518125,1946.9416731807617,56,34.99848436107555,True,0.015277777777777777,940.0,0.0,23737.600320887228,0.0,0.0,0.0,1411.2330223999618,452,crossing,1.0,1.0,0.0,0.0,,0.5
crossing_0098,crossing,crossing,stand_on,risk_aware,Risk-aware (conformal),modelled,909.7473849733175,1240.8511757555584,10.319700776828597,10.100313058124678,container_feeder,handysize_bulker,power_driven,good,11099.605570936403,-26.85163354177271,116.12661361449501,366.2988871499014,0.9653878892188853,False,False,False,-0.6019521875002571,1.783925886489148,847.2066360423123,58,34.99045035862961,False,0.06527777777777778,1070.0,258.18729617154344,3135.4292590378946,0.030555555555555555,0.005555555555555556,0.025,1137.7444000126393,491,crossing,,,,,0.0,0.0
crossing_0099,crossing,crossing,give_way,risk_aware,Risk-aware (conformal),modelled,268.05544362481504,745.8253562803984,11.25065294239016,15.208663645766954,container_feeder,coastal_tanker,fishing,good,7621.417565490097,51.64112526851407,263.9281609645567,268.1879328742119,0.685638073828788,False,False,False,-0.5133255354072427,1.9493737971177396,1094.9409563197848,56,34.99045356296387,True,0.041666666666666664,765.0,0.0,29113.033658525113,0.0,0.0,0.0,1517.9827695896272,467,crossing,1.0,1.0,0.0,0.0,,0.5
overtaking_0000,overtaking,overtaking,give_way,risk_aware,Risk-aware (conformal),modelled,1182.1660631365169,1034.623646024414,12.439592810755578,9.439592810755578,handysize_bulker,vlcc,restricted_manoeuvrability,good,2114.258623422541,-55.01397303252094,7.188146484602587,1182.1662350943143,2.7889436559307557,True,True,False,-0.7398039688661142,4.889265937639418,3159.7841596546036,59,36.14176918506789,True,0.20833333333333334,1720.0,0.0,6972.819306227292,0.0,0.0,0.0,431.6578863011527,376,overtaking,1.0,1.0,0.0,,,0.6666666666666666
overtaking_0001,overtaking,overtaking,give_way,risk_aware,Risk-aware (conformal),modelled,1352.5333112117723,982.2460627610134,12.085601008656617,9.085601008656617,container_feeder,coastal_tanker,fishing,good,2150.5313265382347,-17.568469678282906,-7.63697213106937,2099.8630619939568,3.834366011364072,True,True,False,-0.4518250215020069,1.965358058206372,1233.820044599057,54,34.9897310234947,False,0.004166666666666667,,,7455.736642931176,0.0,0.0,0.0,9752.238619413192,0,overtaking,1.0,1.0,1.0,,,1.0
overtaking_0002,overtaking,overtaking,give_way,risk_aware,Risk-aware (conformal),modelled,653.3804908054422,1064.978063196605,9.474889313384821,6.474889313384821,container_feeder,handysize_bulker,power_driven,good,1786.2894820057388,-14.320276518827649,-3.337102717841752,1736.8535154619901,3.2147982154781363,True,True,False,-2.296877378796264,5.186454248346099,1041.8458772061035,95,74.33698520818905,False,0.011111111111111112,,,9633.686263815503,0.26944444444444443,0.26944444444444443,0.0,8572.325993541208,0,overtaking,1.0,1.0,1.0,,,1.0
overtaking_0003,overtaking,overtaking,give_way,risk_aware,Risk-aware (conformal),modelled,1051.6431398404043,1659.8291349430738,8.40768930598659,5.40768930598659,handysize_bulker,coastal_tanker,power_driven,good,2843.974118392381,-33.02876027999521,6.453197269975423,1051.6431750187494,2.9919219118767924,True,True,False,-1.687454745040594,5.102421170385761,1602.2593550314036,119,50.24466572106521,True,0.030555555555555555,2700.0,0.0,5069.9310599359505,0.2388888888888889,0.0,0.2388888888888889,314.53741675648143,180,overtaking,1.0,1.0,0.0,,,0.6666666666666666
overtaking_0004,overtaking,overtaking,give_way,risk_aware,Risk-aware (conformal),modelled,164.54103711124003,822.9950958762267,14.52948656546194,11.631930241341497,coastal_tanker,vlcc,not_under_command,restricted,1425.9655265391295,33.13445355876142,-7.375447501976021,158.96492143047243,0.3649447141590879,False,False,True,-0.18904679327120727,3.4815993782674575,3004.4537251118118,50,34.999990359197845,True,0.04722222222222222,860.0,3.377916750271657,12334.352667438578,0.0,0.0,0.0,1326.1584555354523,477,overtaking,1.0,1.0,0.0,,,0.6666666666666666
overtaking_0005,overtaking,overtaking,give_way,risk_aware,Risk-aware (conformal),modelled,148.63029741487455,916.8754614653035,13.05441268903521,8.377057746489543,container_feeder,handysize_bulker,power_driven,good,2240.859628963876,11.275642943739458,-4.220345653875894,1846.6401759577009,3.1335861789174135,True,True,False,-0.458246456399899,4.25634744845296,3070.3655108882244,51,34.99999980856095,False,0.016666666666666666,100.0,296.92073741763323,1255.9529657825321,0.0375,0.004166666666666667,0.03333333333333333,3283.1215765757493,192,overtaking,1.0,1.0,1.0,,,1.0
overtaking_0006,overtaking,overtaking,give_way,risk_aware,Risk-aware (conformal),modelled,1499.93363794287,1413.497533505374,14.505714524298957,8.780895448597306,vlcc,handysize_bulker,power_driven,good,4434.250762741812,16.69039337667307,2.012665191444274,328.39657915491745,0.6093808818182163,False,False,False,-2.2105482534247556,4.288702571022524,1936.8560308089566,100,39.02814571944669,True,0.3138888888888889,530.0,393.59111377329333,2815.539894428011,0.5277777777777778,0.08194444444444444,0.44583333333333336,322.0453643781922,614,overtaking,1.0,1.0,1.0,,,1.0
overtaking_0007,overtaking,overtaking,give_way,risk_aware,Risk-aware (conformal),modelled,300.28027230209665,692.3704117482005,12.911286654651922,9.911286654651922,container_feeder,coastal_tanker,power_driven,moderate,1111.3860320182982,-13.023096575992913,-0.803643818065364,1073.755368171132,2.03086793784148,True,True,False,-0.4294818144736908,1.2270923187548781,773.7062197012157,53,34.6034965448998,True,0.008333333333333333,3060.0,0.0,13978.853368192591,0.26666666666666666,0.11666666666666667,0.15,5238.1662890798825,100,overtaking,1.0,1.0,1.0,,,1.0
overtaking_0008,overtaking,overtaking,give_way,risk_aware,Risk-aware (conformal),modelled,614.1674136676145,1557.5329412359392,15.625644186228604,10.691625609891107,container_feeder,coastal_tanker,fishing,good,4155.162729267844,-21.530241703051864,6.2090742421573815,614.2019072487223,2.042298440274342,False,True,False,-0.28478376838892006,0.41345584377490563,277.8397962510905,37,23.77376463803229,True,0.07777777777777778,1860.0,0.0,21681.337187240923,0.0,0.0,0.0,2087.511780899812,348,overtaking,1.0,0.0,0.0,,,0.3333333333333333
overtaking_0009,overtaking,overtaking,give_way,risk_aware,Risk-aware (conformal),modelled,948.5701628528969,986.423284076409,14.390656409305295,11.390656409305295,container_feeder,handysize_bulker,restricted_manoeuvrability,good,2036.307149650275,0.5708072548678721,-8.508274350896535,1954.1791425112244,3.2591156960184278,True,True,False,-0.34963573500428224,2.3058175400193344,1847.4957006808752,56,34.997791065230636,False,0.015277777777777777,,,1788.2403047207567,0.0,0.0,0.0,3615.3706460492567,0,overtaking,1.0,1.0,1.0,,,1.0
overtaking_0010,overtaking,overtaking,give_way,risk_aware,Risk-aware (conformal),modelled,1316.2029717114383,1088.5446897487088,14.462914950165999,8.359896435385334,container_feeder,container_feeder,restricted_manoeuvrability,good,3720.0582437801872,-28.9084814512339,6.076102767007228,1316.211191885132,4.775693441528721,True,True,False,-0.33956935640525754,0.4506067859382954,235.74916094917538,35,22.259614984431636,True,0.022222222222222223,1805.0,0.0,8180.067389716786,0.0,0.0,0.0,738.6376410911852,359,overtaking,1.0,0.0,0.0,,,0.3333333333333333
overtaking_0011,overtaking,overtaking,give_way,risk_aware,Risk-aware (conformal),modelled,39.17327287869688,1418.876503595727,8.995147228892156,5.995147228892156,container_feeder,coastal_tanker,power_driven,good,2312.561335699116,-16.129608277400386,7.942036571964653,1409.013931887098,4.365971499372272,True,True,False,-0.7651858397276129,3.550198267692611,1580.3892275389487,62,35.17040737740462,True,0.015277777777777777,3085.0,0.0,7346.940168500836,0.3111111111111111,0.16527777777777777,0.14583333333333334,7163.079293856627,103,overtaking,1.0,1.0,1.0,,,1.0
overtaking_0012,overtaking,overtaking,give_way,risk_aware,Risk-aware (conformal),modelled,1181.0917683053676,1785.0622677248061,9.358927845514051,6.358927845514051,handysize_bulker,handysize_bulker,restricted_manoeuvrability,good,3012.1115528071755,-28.15099318974875,2.400899549597032,1181.091772260308,3.567363752192574,True,True,False,-2.857502359384714,3.2971229535014883,373.0055066147685,87,28.288019187235616,True,0.02638888888888889,3420.0,0.0,4879.679677367285,0.0,0.0,0.0,1042.9087745539139,36,overtaking,0.0,0.0,0.0,,,0.0
overtaking_0013,overtaking,overtaking,give_way,risk_aware,Risk-aware (conformal),modelled,1378.5519265455146,1597.2569629349186,15.744806435203284,13.090382244806122,container_feeder,container_feeder,not_under_command,restricted,2680.6638685259645,47.69226198549486,-3.530406969524151,1378.5557542288336,4.498453130100723,True,True,False,1.1119250306779626e-12,-1.1119250306779626e-12,0.0,0,0.0,True,0.0,,,,0.0,0.0,0.0,,0,overtaking,0.0,0.0,0.0,,,0.0
overtaking_0014,overtaking,overtaking,give_way,risk_aware,Risk-aware (conformal),modelled,625.530141582929,1272.5232288032917,13.703349123267975,10.703349123267975,handysize_bulker,vlcc,power_driven,good,2501.975814600562,45.499376205808296,-10.26349327246642,625.5479116912238,0.9847365596340053,False,False,False,-0.5803016007391261,4.236388196896341,3106.7327992132114,56,35.00143418668928,True,0.09583333333333334,1590.0,0.0,8918.303794031848,0.5333333333333333,0.0,0.5333333333333333,718.5760397773637,402,overtaking,1.0,1.0,0.0,,,0.6666666666666666
overtaking_0015,overtaking,overtaking,give_way,risk_aware,Risk-aware (conformal),modelled,96.63798720269745,1669.239725405861,15.00757840140532,9.50837154443435,coastal_tanker,coastal_tanker,restricted_manoeuvrability,moderate,4952.058878648959,14.918083411220547,-8.316387722781215,609.9441222706713,2.6241392075603676,False,True,False,-1.0651140634237357,1.5374434954884852,693.6119806392485,85,25.383681893133673,True,0.041666666666666664,2120.0,0.0,3693.5285469906144,0.0,0.0,0.0,1592.0186493464166,296,overtaking,0.0,0.0,1.0,,,0.3333333333333333
overtaking_0016,overtaking,overtaking,give_way,risk_aware,Risk-aware (conformal),modelled,714.2795960949878,1730.1064703789932,9.623950502732598,6.623950502732598,handysize_bulker,coastal_tanker,power_driven,good,2911.9923437331786,-1.3920267986704713,7.394228112672124,1483.8278794932426,3.3617832281913858,True,True,False,-5.389726207897825,6.556723232727328,773.6800454001581,160,29.387791115933965,False,0.015277777777777777,955.0,1415.6645338524106,78083.54822082365,0.18194444444444444,0.030555555555555555,0.15138888888888888,1778.6600987412428,465,overtaking,1.0,0.0,1.0,,,0.6666666666666666
overtaking_0017,overtaking,overtaking,give_way,risk_aware,Risk-aware (conformal),modelled,1237.9636220183309,745.9466678537472,13.78520099863695,8.77749510701187,vlcc,container_feeder,power_driven,restricted,2317.9823842648084,41.27033434871472,-5.215897529922834,1237.9661202220084,2.0437177092228973,True,True,False,-9.560586295488504e-13,9.560586295488504e-13,0.0,0,0.0,True,0.0,,,,0.0,0.0,0.0,,0,overtaking,0.0,0.0,0.0,,,0.0
overtaking_0018,overtaking,overtaking,give_way,risk_aware,Risk-aware (conformal),modelled,327.01690505283835,692.0880381989355,8.997078135493144,5.997078135493144,container_feeder,coastal_tanker,power_driven,moderate,1242.816195462588,6.393369308820153,-11.95633152659557,1078.218681918673,1.797105725436287,True,True,False,-0.8130702919367392,4.630115146467044,2119.711766527696,60,35.330168036204526,False,0.016666666666666666,70.0,444.6629360783321,413.51253250268667,0.008333333333333333,0.008333333333333333,0.0,2364.8495089022485,387,overtaking,1.0,1.0,1.0,,,1.0
overtaking_0019,overtaking,overtaking,give_way,risk_aware,Risk-aware (conformal),modelled,854.4937735739275,1713.520713075291,12.269238249670261,9.645805741484507,handysize_bulker,coastal_tanker,power_driven,good,2637.0362433798077,-38.30979172508847,5.593448500646833,854.4964877760967,2.129793517644901,False,True,False,-1.5996337618517913,6.744524412212265,3947.741483417841,71,35.017534641981406,True,0.09027777777777778,2345.0,0.0,3950.5150064777545,0.3625,0.0,0.3625,246.26363530517065,251,overtaking,1.0,1.0,0.0,,,0.6666666666666666
overtaking_0020,overtaking,overtaking,give_way,risk_aware,Risk-aware (conformal),modelled,850.0437435588738,1101.5217567559034,13.03932747445002,8.874329210541298,container_feeder,coastal_tanker,fishing,restricted,2573.7456896914264,8.029619408522967,5.410585542530576,850.0503687829872,2.959957012758897,False,True,False,0.0,0.0,0.0,0,0.0,False,0.0,,,,0.0,0.0,0.0,,0,overtaking,0.0,0.0,0.0,,,0.0
overtaking_0021,overtaking,overtaking,give_way,risk_aware,Risk-aware (conformal),modelled,26.307813715547688,831.2351612350849,10.817187130545989,7.817187130545989,container_feeder,coastal_tanker,power_driven,good,1424.8880225833168,20.568017943639443,-9.036692085620057,1282.1033272346838,2.139769473141356,True,True,False,-1.04415605944599,5.658574089569213,2980.6847276784056,63,41.24511757397553,False,0.022222222222222223,75.0,228.09935802873252,800.8515375782736,0.011111111111111112,0.0,0.011111111111111112,2482.894474489302,341,overtaking,1.0,1.0,1.0,,,1.0
overtaking_0022,overtaking,overtaking,give_way,risk_aware,Risk-aware (conformal),modelled,1081.1681013321747,1301.8837409454939,15.677823229272551,12.677823229272551,handysize_bulker,container_feeder,power_driven,good,2528.4974778368246,-50.65434460806377,6.6156634194485235,1081.173159672711,1.8499246749414742,True,True,False,-1.194736307859321,1.4909239121882227,257.79887455225867,63,25.397003797270564,True,0.15555555555555556,1940.0,452.6201267998284,4253.835648854916,0.20972222222222223,0.0,0.20972222222222223,281.1874696178293,332,overtaking,0.0,0.0,0.0,,,0.0
overtaking_0023,overtaking,overtaking,give_way,risk_aware,Risk-aware (conformal),modelled,1411.934056354351,1119.4592979967083,15.47396116596164,9.809069111440081,vlcc,container_feeder,restricted_manoeuvrability,good,3575.4206459184693,17.933764412184953,3.0940174057068646,1487.777615217265,2.1889674519564677,True,True,False,-6.177096929514821,13.035454579040204,3299.073629460947,193,65.15113348311628,True,0.011111111111111112,1000.0,400.21218939490984,4785.722677992841,0.0,0.0,0.0,1685.3690326839815,403,overtaking,1.0,1.0,1.0,,,1.0
overtaking_0024,overtaking,overtaking,give_way,risk_aware,Risk-aware (conformal),modelled,112.93285439733958,1648.4092685312105,13.65429655112963,10.65429655112963,handysize_bulker,vlcc,power_driven,good,2547.523778081206,-3.9414480200445015,0.39451021017791277,2491.0982632470655,3.543899917540902,True,True,False,-0.5843063746897125,4.0390846672990595,2934.1463191380562,56,35.00217391732566,False,0.015277777777777777,,,3557.6473621251507,0.2,0.19722222222222222,0.002777777777777778,6510.021468095503,0,overtaking,1.0,1.0,1.0,,,1.0
overtaking_0025,overtaking,overtaking,give_way,risk_aware,Risk-aware (conformal),modelled,1059.7018632169309,795.0278600573697,13.702681039420288,8.709431424801782,vlcc,handysize_bulker,power_driven,moderate,2301.219882272403,-28.40730065566781,0.5666649136715165,1059.701865634605,2.003145409611058,True,True,False,-2.4235322950288354,3.790691205314615,1195.5013104304837,90,39.930477815593136,True,0.006944444444444444,2000.0,0.0,18666.169647679828,0.45416666666666666,0.0,0.45416666666666666,676.8243364390756,320,overtaking,1.0,1.0,0.0,,,0.6666666666666666
overtaking_0026,overtaking,overtaking,give_way,risk_aware,Risk-aware (conformal),modelled,546.1260614596864,1360.992820132712,14.024976089381008,10.757399273185293,coastal_tanker,container_feeder,power_driven,good,2869.812425282176,-19.612123017995604,10.971092274593463,765.8704983928463,2.391813377760238,False,True,False,-0.22836986952174199,3.0423910104848932,1990.3471736853264,63,46.29054429597884,True,0.18333333333333332,2425.0,0.0,6429.616949075963,0.5541666666666667,0.2791666666666667,0.275,4621.637913388111,235,overtaking,1.0,1.0,1.0,,,1.0
overtaking_0027,overtaking,overtaking,give_way,risk_aware,Risk-aware (conformal),modelled,340.1618148627082,735.4261719932914,15.882179822440332,11.259590409764115,handysize_bulker,container_feeder,power_driven,good,1838.5245450065663,22.855937885093326,-5.139733522786815,1413.6421736482284,1.9687933877381198,True,True,False,-0.60647828465754,3.979215201351646,3318.689519553544,57,34.9999997088071,False,0.034722222222222224,75.0,529.8560238701383,1339.2885628090078,0.03888888888888889,0.0,0.03888888888888889,2219.810358569552,434,overtaking,1.0,1.0,1.0,,,1.0
overtaking_0028,overtaking,overtaking,give_way,risk_aware,Risk-aware (conformal),modelled,1066.835905002545,719.6158423242149,15.570795328782003,10.025404104384307,vlcc,vlcc,power_driven,moderate,2313.9032161859295,26.575964836627197,0.4864022040718954,1066.836468110186,2.0175214777730233,True,True,False,-1.4978205487134366,1.6166346446342033,300.39023663160674,54,17.63575539242371,True,0.04027777777777778,1495.0,0.0,35523.26810647366,0.4986111111111111,0.15833333333333333,0.3402777777777778,2153.8624063613993,421,overtaking,1.0,0.0,0.0,,,0.3333333333333333
overtaking_0029,overtaking,overtaking,give_way,risk_aware,Risk-aware (conformal),modelled,1235.920107891544,1524.1307771977738,9.009701845719398,6.009701845719398,container_feeder,coastal_tanker,power_driven,restricted,2657.5422310150616,26.82654558553247,0.44317258797010695,1235.920836203419,5.142393079296027,True,True,False,1.0261486181300718e-12,-1.0261486181300718e-12,0.0,0,0.0,True,0.0,,,,0.0,0.0,0.0,,0,overtaking,0.0,0.0,0.0,,,0.0
overtaking_0030,overtaking,overtaking,give_way,risk_aware,Risk-aware (conformal),modelled,63.704193894990766,933.6356719300513,14.650255505600416,9.314172717567297,coastal_tanker,handysize_bulker,power_driven,moderate,2725.2946316600787,-14.301603060803508,9.450685576319565,1004.8423908477715,4.094666709538714,True,True,False,-0.19118801761763604,1.3718584032790093,1213.6929899469046,50,34.91528358540273,True,0.03611111111111111,1600.0,0.0,10985.302787428896,0.3902777777777778,0.15555555555555556,0.23472222222222222,2424.2905632989027,400,overtaking,1.0,1.0,1.0,,,1.0
overtaking_0031,overtaking,overtaking,give_way,risk_aware,Risk-aware (conformal),modelled,526.7155196408924,1435.435827403616,12.304260946435544,9.304260946435544,vlcc,coastal_tanker,power_driven,moderate,2409.0264469499616,29.516442095331296,-5.703846390429548,526.7160032165652,0.5502779377598419,False,False,False,-2.451335362305691,7.3666800174929605,3675.6024068378233,98,38.97288908563684,True,0.0625,1810.0,0.0,5748.15906131501,0.43472222222222223,0.0,0.43472222222222223,493.19842205810954,358,overtaking,1.0,1.0,0.0,,,0.6666666666666666
overtaking_0032,overtaking,overtaking,give_way,risk_aware,Risk-aware (conformal),modelled,707.0927545243145,1421.042632321688,11.315196819078182,8.150337465890445,container_feeder,coastal_tanker,power_driven,good,2567.2105966649856,33.13265001900488,-7.013376829822518,707.0950729886998,1.7706736532942282,False,True,False,-0.5095133287986565,1.494051678966747,801.5021987352526,56,34.88520462049572,True,0.07916666666666666,2080.0,0.0,19314.45916884907,0.35694444444444445,0.0,0.35694444444444445,270.81085706188236,304,overtaking,1.0,1.0,0.0,,,0.6666666666666666
overtaking_0033,overtaking,overtaking,give_way,risk_aware,Risk-aware (conformal),modelled,55.805878434301846,1454.3708160890974,10.869791830778114,7.869791830778114,vlcc,vlcc,power_driven,moderate,2344.3541402607193,-12.79030977626678,5.585657349879774,1804.628219011388,2.1086803413195465,True,True,False,-2.9705295295962824,6.394799184795394,2300.9799393953713,110,39.529147131275174,True,0.011111111111111112,,,3814.8565493443366,0.28888888888888886,0.20833333333333334,0.08055555555555556,5690.478378398854,0,overtaking,1.0,1.0,1.0,,,1.0
overtaking_0034,overtaking,overtaking,give_way,risk_aware,Risk-aware (conformal),modelled,1041.7244371275463,1259.865241057336,15.430372891577973,9.956129227475156,container_feeder,vlcc,power_driven,good,3775.378006346952,-25.709843960215636,5.4328983834696665,2246.179316569716,8.032859208332303,True,True,False,-0.28478907741556303,1.477291907899867,1293.9035828236872,54,34.92172428317294,False,0.05694444444444444,2565.0,0.0,12483.689351182713,0.42777777777777776,0.18055555555555555,0.24722222222222223,4827.677579084171,207,overtaking,1.0,1.0,1.0,,,1.0
overtaking_0035,overtaking,overtaking,give_way,risk_aware,Risk-aware (conformal),modelled,1383.2419317205877,963.8415894540104,12.412689644268678,9.412689644268678,container_feeder,vlcc,power_driven,good,2080.2142911445517,-56.22598474689488,4.796455253833688,1383.2431921269801,4.590998231009795,True,True,False,-0.8618059110972089,3.5032823269759046,2201.0956811921774,80,34.99982774815446,True,0.15138888888888888,2035.0,0.0,7264.571032628269,0.4625,0.0,0.4625,454.21392226114517,313,overtaking,1.0,1.0,0.0,,,0.6666666666666666
overtaking_0036,overtaking,overtaking,give_way,risk_aware,Risk-aware (conformal),modelled,148.53215831469478,1317.4951236450418,15.83961086878806,12.83961086878806,coastal_tanker,handysize_bulker,power_driven,good,2237.3310799541528,25.597292656849696,-5.464389363108499,1806.584522676041,4.115987754853438,True,True,False,-0.5287755197296329,3.358344451223292,2345.991531525044,83,34.99985095822869,False,0.03194444444444444,200.0,507.1101092743874,5220.255522430191,0.7333333333333333,0.19583333333333333,0.5375,1994.1411057365297,464,overtaking,1.0,1.0,1.0,,,1.0
overtaking_0037,overtaking,overtaking,give_way,risk_aware,Risk-aware (conformal),modelled,916.7186063939221,1726.544505961364,14.248711624495627,11.576001950750442,vlcc,vlcc,power_driven,restricted,3145.291583740072,-16.555341109941814,9.294676974058184,456.8000883248971,0.4676031555350871,False,False,False,-2.007533234971137,3.2205080681308393,1160.4598673431024,88,38.21154967321547,False,0.09305555555555556,1580.0,903.7851986663031,4491.506166467837,0.4666666666666667,0.4361111111111111,0.019444444444444445,1092.0528720778711,404,overtaking,1.0,1.0,1.0,,,1.0
overtaking_0038,overtaking,overtaking,give_way,risk_aware,Risk-aware (conformal),modelled,872.354362779817,849.4977778472456,11.24585989560136,8.24585989560136,coastal_tanker,container_feeder,power_driven,moderate,1644.4573915195435,-15.150073422577536,-6.452296024360002,1607.14122061244,3.93743745543461,True,True,False,-0.237290614995822,1.5073764123535884,995.6963007540081,54,34.939860614072536,False,0.001388888888888889,,,7453.027891387306,0.15138888888888888,0.14583333333333334,0.005555555555555556,11080.012611114485,0,overtaking,1.0,1.0,1.0,,,1.0
overtaking_0039,overtaking,overtaking,give_way,risk_aware,Risk-aware (conformal),modelled,86.61517723546069,1685.5037888401403,12.100382626640076,8.504830369078057,coastal_tanker,container_feeder,power_driven,good,3204.7821119009677,-9.56088137121769,4.801621419816438,2728.2163413724925,7.505532300025078,True,True,False,-0.19663144419575118,4.259041530811238,3055.744722269631,54,34.99999966104753,False,0.004166666666666667,,,3190.004093443216,0.23472222222222222,0.10833333333333334,0.12638888888888888,7943.556810975665,0,overtaking,1.0,1.0,1.0,,,1.0
overtaking_0040,overtaking,overtaking,give_way,risk_aware,Risk-aware (conformal),modelled,729.7388923489823,1419.7966544137334,8.329594726977117,5.329594726977117,handysize_bulker,coastal_tanker,power_driven,good,2455.2320529762414,0.8362233202306371,9.82141931360325,926.8350558539361,2.2593501639584845,True,True,False,-1.7870649932038751,5.694681738657306,2002.7154319742967,95,36.89672224567506,True,0.0625,185.0,2438.828738640429,8042.456437819965,0.4791666666666667,0.17916666666666667,0.3,2099.7598434166525,406,overtaking,1.0,1.0,1.0,,,1.0
overtaking_0041,overtaking,overtaking,give_way,risk_aware,Risk-aware (conformal),modelled,1146.6479982114754,1796.2910616626177,13.921443901139927,10.896429713543565,handysize_bulker,handysize_bulker,power_driven,moderate,3322.42869678256,-2.8479910428171067,6.960691918682027,1301.3210460181822,3.069296909758844,True,True,False,-0.5624239579687167,4.168568877396425,3116.508180908243,56,35.000075997930786,True,0.002777777777777778,,,7273.886455140987,0.36527777777777776,0.36527777777777776,0.0,10009.90473352568,0,overtaking,1.0,1.0,1.0,,,1.0
overtaking_0042,overtaking,overtaking,give_way,risk_aware,Risk-aware (conformal),modelled,1372.0834218578887,1614.5250975735223,15.46757882235979,9.468504306364085,coastal_tanker,coastal_tanker,power_driven,good,5172.269240451886,17.228940334678985,-1.1701687517344617,1248.1453375784256,7.0407649705857285,True,True,False,-0.6712487448770248,1.1535784908525621,328.663334876935,77,30.635235962526675,True,0.004166666666666667,,,35000.5276647459,0.4166666666666667,0.4041666666666667,0.0125,5497.429070828323,0,overtaking,1.0,1.0,1.0,,,1.0
overtaking_0043,overtaking,overtaking,give_way,risk_aware,Risk-aware (conformal),modelled,511.015823073709,1412.833853266996,15.304037090990903,11.25814814023977,container_feeder,container_feeder,power_driven,good,3125.916348233563,-5.544482581151077,5.5805901045549575,520.4298188590201,1.6902192087805397,False,True,False,-0.2892281424328053,1.3561993942644683,1170.1108151010708,54,34.86293936788139,True,0.1486111111111111,1995.0,0.0,6494.4704556410525,0.7111111111111111,0.33611111111111114,0.375,3324.205416374581,321,overtaking,1.0,1.0,1.0,,,1.0
overtaking_0044,overtaking,overtaking,give_way,risk_aware,Risk-aware (conformal),modelled,1282.3279727611196,898.2232230437874,9.378221124056427,6.378221124056427,coastal_tanker,handysize_bulker,power_driven,good,1888.46134979377,42.27331328135089,0.23275291878187332,1282.3309050262992,7.282876163444596,True,True,False,8.59975768244786e-13,-8.59975768244786e-13,0.0,0,0.0,True,0.022222222222222223,2975.0,0.0,6754.206424602848,0.005555555555555556,0.0,0.005555555555555556,880.6493270529353,125,overtaking,0.0,0.0,0.0,,,0.0
overtaking_0045,overtaking,overtaking,give_way,risk_aware,Risk-aware (conformal),modelled,1130.4808292060302,896.9971896215625,14.04360538558696,11.04360538558696,coastal_tanker,handysize_bulker,power_driven,moderate,1843.5346709878497,-53.780698703352826,4.506103580770194,1130.4854789377514,3.852674923925964,True,True,False,-0.6904937422060192,1.0168810957837604,418.3438852580367,65,26.012017409710552,True,0.05555555555555555,1880.0,0.0,5540.635568343225,0.5208333333333334,0.0,0.5208333333333334,1643.2615532647717,344,overtaking,0.0,0.0,0.0,,,0.0
overtaking_0046,overtaking,overtaking,give_way,risk_aware,Risk-aware (conformal),modelled,751.8520542370185,1432.6113194363356,10.077932885747867,7.077932885747867,vlcc,handysize_bulker,power_driven,good,2379.824290500413,8.636039581643386,4.216896206613992,2140.779857259652,1.6875595947904751,True,True,False,-9.248239991675936,17.67996785426652,4214.502834855663,205,38.228247232599436,False,0.07083333333333333,200.0,3480.348165205222,943.0750414536086,0.20555555555555555,0.005555555555555556,0.19583333333333333,1337.0768472946195,604,overtaking,1.0,1.0,1.0,,,1.0
overtaking_0047,overtaking,overtaking,give_way,risk_aware,Risk-aware (conformal),modelled,1279.5026024781419,1144.579443682479,8.972571069156654,5.972571069156654,vlcc,vlcc,power_driven,good,2197.8817832892673,28.51267968696311,3.595655008489473,1279.5027709626552,2.2303758804209433,True,True,False,1.534630972559799e-13,-1.534630972559799e-13,0.0,0,0.0,False,0.0125,,,7299.686957125707,0.004166666666666667,0.0,0.004166666666666667,1700.3310232511335,0,overtaking,0.0,0.0,0.0,,,0.0
overtaking_0048,overtaking,overtaking,give_way,risk_aware,Risk-aware (conformal),modelled,221.08594013292455,1365.2815278762562,13.82929794809186,10.983108361213901,coastal_tanker,vlcc,power_driven,moderate,2012.2665564161957,4.668596864846999,0.42494439311293775,1867.379179217362,4.2637472830920204,True,True,False,-0.18419963821769086,3.7503537104178695,3084.6509323826117,55,34.999996991670685,False,0.019444444444444445,110.0,122.73910682579792,1987.3777603975857,0.11388888888888889,0.11388888888888889,0.0,4007.5853378106735,84,overtaking,1.0,1.0,1.0,,,1.0
overtaking_0049,overtaking,overtaking,give_way,risk_aware,Risk-aware (conformal),modelled,705.9947127932128,1591.4631406745775,8.638108767697279,5.638108767697279,handysize_bulker,coastal_tanker,power_driven,good,2563.9862096436764,12.09153859647462,2.076770900079314,804.9823353476485,2.718975155434053,False,True,False,-4.588597062977504,6.278267587892721,599.2784388037163,165,37.416507798405526,True,0.034722222222222224,925.0,1769.2524514857998,7073.586806423355,0.30694444444444446,0.275,0.03194444444444444,1499.127900523518,513,overtaking,1.0,1.0,1.0,,,1.0
overtaking_0050,overtaking,overtaking,give_way,risk_aware,Risk-aware (conformal),modelled,1224.2103107650105,673.0876480777654,9.369380491551308,6.369380491551308,vlcc,coastal_tanker,power_driven,good,1605.9736115066114,-51.34108867587048,0.789336946999935,1224.2138729343958,2.3074092170922853,True,True,False,-4.560175088168959,5.713610840463826,806.1247430300124,123,36.41619998026001,True,0.006944444444444444,2820.0,0.0,7314.246359619724,0.2986111111111111,0.0,0.2986111111111111,975.4612689950117,156,overtaking,1.0,1.0,0.0,,,0.6666666666666666
overtaking_0051,overtaking,overtaking,give_way,risk_aware,Risk-aware (conformal),modelled,362.91013271902034,785.3432098131217,10.287086922561862,7.287086922561862,vlcc,coastal_tanker,power_driven,good,1277.1162964165726,9.643083694611935,2.849869337093871,1125.6590497842792,0.9048750265779076,True,False,False,-7.726170337288196,15.268700431958878,3827.14520141417,190,36.39417082650495,False,0.07777777777777778,70.0,839.9602870967724,200.60344510633237,0.0,0.0,0.0,1452.3851206063841,612,overtaking,1.0,1.0,1.0,,,1.0
overtaking_0052,overtaking,overtaking,give_way,risk_aware,Risk-aware (conformal),modelled,802.6789854950752,817.7150775944665,15.222848851412339,12.222848851412339,coastal_tanker,vlcc,power_driven,good,1635.826915942087,-4.81448878244545,-6.619259208508612,1599.6120103448634,3.6452050052096445,True,True,False,-0.19834547439114028,2.866226105619368,2585.155467345929,50,34.99986267383763,False,0.009722222222222222,,,2664.9269321315555,0.09305555555555556,0.09166666666666666,0.001388888888888889,6549.2588634275835,0,overtaking,1.0,1.0,1.0,,,1.0
overtaking_0053,overtaking,overtaking,give_way,risk_aware,Risk-aware (conformal),modelled,1315.9630232630398,1112.8109978393081,15.838860044668854,12.838860044668854,container_feeder,handysize_bulker,power_driven,good,2233.9874267668138,-52.18537818251957,3.904314493432503,1315.9678145436365,3.253096161209045,True,True,False,-1.039195635961916,1.3516106430227544,427.81358750538493,70,24.87103172609726,True,0.14444444444444443,2235.0,0.0,5208.610036766727,0.36944444444444446,0.0,0.36944444444444446,713.8386048332078,273,overtaking,0.0,0.0,0.0,,,0.0
overtaking_0054,overtaking,overtaking,give_way,risk_aware,Risk-aware (conformal),modelled,1238.6752082122337,639.9604531763933,10.47658052143629,7.47658052143629,container_feeder,coastal_tanker,power_driven,good,1586.5855195774695,55.54095295264549,-1.6962874222283553,1238.675209727373,4.162808455276032,True,True,False,-0.5867410851979322,1.9953180652779414,999.8590744370866,58,34.99692935973646,True,0.011111111111111112,2650.0,0.0,8084.666498372613,0.25277777777777777,0.0,0.25277777777777777,769.3104479934935,190,overtaking,1.0,1.0,0.0,,,0.6666666666666666
overtaking_0055,overtaking,overtaking,give_way,risk_aware,Risk-aware (conformal),modelled,1440.5621114794278,1398.1465646406884,8.582526846879706,5.582526846879706,container_feeder,vlcc,power_driven,good,2612.649637639052,-39.99320870197968,3.5400151173890215,1440.5650091326245,4.69862969867549,True,True,False,-2.662563649560405,3.3102763678453337,561.8260702730363,94,26.834229979187157,True,0.06666666666666667,3285.0,0.0,6056.618765851509,0.21666666666666667,0.0,0.21666666666666667,1445.2862803163594,63,overtaking,0.0,0.0,0.0,,,0.0
overtaking_0056,overtaking,overtaking,give_way,risk_aware,Risk-aware (conformal),modelled,218.3068804671986,1144.1792662896464,14.454729674903696,11.454729674903696,vlcc,handysize_bulker,power_driven,good,2369.6847157400543,41.25129739655028,-11.860666567799665,218.3134417990198,0.1879581963570382,False,False,True,-1.903829548490863,5.970278229554639,3596.6397682894394,86,38.1332610649903,True,0.06111111111111111,1200.0,0.0,10040.14818161214,0.6430555555555556,0.0,0.6430555555555556,1023.8383327096255,480,overtaking,1.0,1.0,0.0,,,0.6666666666666666
overtaking_0057,overtaking,overtaking,give_way,risk_aware,Risk-aware (conformal),modelled,408.899597628484,1361.011105292274,8.631991064662605,5.631991064662605,container_feeder,vlcc,power_driven,moderate,2141.8284019435673,-12.99435331381774,1.0599751056734732,1568.558557318621,4.013256469200008,True,True,False,-0.9047307327477927,3.2781442011834696,1180.594260293813,74,40.35340244660438,False,0.006944444444444444,,,6461.031371094628,0.22777777777777777,0.22777777777777777,0.0,9794.370337442175,0,overtaking,1.0,1.0,1.0,,,1.0
overtaking_0058,overtaking,overtaking,give_way,risk_aware,Risk-aware (conformal),modelled,900.1759598897473,1552.4284889369044,9.241008491838327,6.241008491838327,container_feeder,handysize_bulker,power_driven,restricted,2647.4267679069517,-6.988447375400375,-6.397539754284654,1803.4779457857735,3.2928267957486326,True,True,False,-0.7299723125732964,3.289978257864958,1502.2316075866256,60,35.10404790437607,False,0.001388888888888889,,,4109.799535355479,0.12361111111111112,0.11805555555555555,0.005555555555555556,9537.72778727535,0,overtaking,1.0,1.0,1.0,,,1.0
overtaking_0059,overtaking,overtaking,give_way,risk_aware,Risk-aware (conformal),modelled,1003.801002468788,1471.4640604817164,10.036271526774833,7.036271526774833,vlcc,handysize_bulker,power_driven,good,2684.781109139573,-1.936362101656454,-9.209235833079948,2322.448040753867,1.926737007680095,True,True,False,-3.4723506639585624,5.19408227082058,1117.984519571226,122,39.849777856615255,False,0.018055555555555554,175.0,0.0,2242.3183835528525,0.5847222222222223,0.12916666666666668,0.45555555555555555,3750.390525820751,197,overtaking,1.0,1.0,1.0,,,1.0
overtaking_0060,overtaking,overtaking,give_way,risk_aware,Risk-aware (conformal),modelled,733.970116964254,909.8879138927309,14.595424203514355,11.595424203514355,vlcc,handysize_bulker,power_driven,good,2024.8883495728003,15.065418304854898,-11.883805117281305,1909.0570499661173,1.478551529107736,True,True,False,-1.9132608970243266,4.530683379036773,2391.437089067261,85,38.067555554466885,False,0.02638888888888889,90.0,48.64620805967788,1395.674770487275,0.14027777777777778,0.002777777777777778,0.1375,2208.267780840668,385,overtaking,1.0,1.0,1.0,,,1.0
overtaking_0061,overtaking,overtaking,give_way,risk_aware,Risk-aware (conformal),modelled,311.4349663491268,1245.885558806507,9.67064799625635,6.670647996256349,container_feeder,handysize_bulker,power_driven,moderate,1981.7376325817775,-0.141938840666932,-4.060909589609934,1625.8774442731326,3.1592945127648044,True,True,False,-0.9126542368117139,3.5015731570369804,1232.6053407708162,97,52.62987770504387,False,0.009722222222222222,,,7206.6489499155405,0.2625,0.2611111111111111,0.0,8192.101793225387,0,overtaking,1.0,1.0,1.0,,,1.0
overtaking_0062,overtaking,overtaking,give_way,risk_aware,Risk-aware (conformal),modelled,376.76052337930975,759.6435733473252,8.380980799580637,5.380980799580637,coastal_tanker,container_feeder,not_under_command,good,1231.8342004556987,19.037997497600433,-0.6851165578598781,921.6119587291719,2.1631792983687164,False,True,False,-0.5403497375259381,5.1516170717205085,2363.577380612208,54,36.99102602173192,False,0.03888888888888889,50.0,813.4898199894715,106.15240308454692,0.0,0.0,0.0,2178.38434859944,447,overtaking,1.0,1.0,1.0,,,1.0
overtaking_0063,overtaking,overtaking,give_way,risk_aware,Risk-aware (conformal),modelled,962.8438794800437,1681.474300162881,14.89522146791823,11.408294952028337,vlcc,container_feeder,power_driven,good,3167.389285193141,-19.121899707740727,0.435590625307011,2514.9521880173083,2.911333109931611,True,True,False,-2.214599341160383,4.225529038716502,1627.8832577462463,105,47.81395857476209,False,0.002777777777777778,,,10777.243515668653,0.35833333333333334,0.35833333333333334,0.0,10489.031505994308,0,overtaking,1.0,1.0,1.0,,,1.0
overtaking_0064,overtaking,overtaking,give_way,risk_aware,Risk-aware (conformal),modelled,647.6120579190288,1522.0787264906905,8.790913631193117,5.790913631193117,container_feeder,coastal_tanker,power_driven,restricted,2462.7333073100126,-8.243750190036605,-3.662600476491649,1492.728199321068,2.9274493642072223,True,True,False,-0.8083935013138167,2.2621055304530207,818.6977155352313,70,39.34144448439199,False,0.001388888888888889,,,4501.262592804927,0.14027777777777778,0.1361111111111111,0.004166666666666667,9160.970399039481,0,overtaking,1.0,1.0,1.0,,,1.0
overtaking_0065,overtaking,overtaking,give_way,risk_aware,Risk-aware (conformal),modelled,1269.2441268121368,1176.6140060652504,13.536739852873904,9.323617899549667,vlcc,container_feeder,power_driven,good,2941.8848468862675,-38.825359276616375,6.195223757804179,1269.2493479775583,1.9107406508865588,True,True,False,-2.297591449326113,8.856458893598312,5407.580669314641,101,38.49010039211093,True,0.034722222222222224,2015.0,0.0,6426.971359708588,0.46111111111111114,0.0,0.46111111111111114,594.7433162428422,317,overtaking,1.0,1.0,0.0,,,0.6666666666666666
overtaking_0066,overtaking,overtaking,give_way,risk_aware,Risk-aware (conformal),modelled,1260.4969494439824,804.3026781540652,10.87921784714036,7.87921784714036,handysize_bulker,handysize_bulker,power_driven,good,1805.8435728803065,58.05193351558368,-5.423046090952642,1260.4974480397957,2.466412267895565,True,True,False,-1.381148956186456,3.498551402691188,1307.096602965428,87,48.55756252353697,True,0.10833333333333334,2135.0,0.0,6296.010118717695,0.375,0.0,0.375,471.7598699535398,293,overtaking,1.0,1.0,0.0,,,0.6666666666666666
overtaking_0067,overtaking,overtaking,give_way,risk_aware,Risk-aware (conformal),modelled,1331.0748013025125,727.7857399509644,9.701301694004403,6.701301694004403,vlcc,vlcc,fishing,good,1752.3886166718426,-57.53958811344653,3.675603191562871,1331.0793184208671,2.2832104994401505,True,True,False,-4.409193314679132,6.943624287016125,1709.3720889297563,107,35.900823263308965,True,0.19305555555555556,2060.0,0.0,6355.594979386762,0.0,0.0,0.0,425.36254284315186,308,overtaking,1.0,1.0,0.0,,,0.6666666666666666
overtaking_0068,overtaking,overtaking,give_way,risk_aware,Risk-aware (conformal),modelled,160.87750790428535,646.1352172511001,10.594021112103285,7.594021112103285,handysize_bulker,container_feeder,power_driven,good,1013.1452443124701,-5.324900487324218,-1.5095596694815363,945.6224730407811,1.3660089237810504,True,True,False,-0.9139788581192365,2.976202350351014,1403.6183494234588,66,35.77255582312561,False,0.020833333333333332,45.0,601.7884082353278,1969.5210831672384,0.04722222222222222,0.043055555555555555,0.004166666666666667,3043.353467109538,353,overtaking,1.0,1.0,1.0,,,1.0
overtaking_0069,overtaking,overtaking,give_way,risk_aware,Risk-aware (conformal),modelled,1489.200825339024,892.2653001032552,15.355694091732683,12.355694091732683,vlcc,coastal_tanker,power_driven,good,2029.4957164062998,-44.61215907489179,-0.6299356674179606,1489.2049396043221,2.797357303741118,True,True,False,1.306632770102234e-12,-1.306632770102234e-12,0.0,0,0.0,False,0.001388888888888889,,,5946.71758641619,0.0763888888888889,0.0,0.0763888888888889,1881.706237860063,0,overtaking,0.0,0.0,0.0,,,0.0
overtaking_0070,overtaking,overtaking,give_way,risk_aware,Risk-aware (conformal),modelled,13.131981406505123,935.1453611814786,8.022843062632687,5.0228430626326865,coastal_tanker,handysize_bulker,power_driven,good,1454.789185451095,-5.176055132770176,3.423887272342329,1088.1640326951206,3.396908874736177,True,True,False,-0.8707195750861934,4.184810321326613,1168.6545728972726,92,65.62723790288597,True,0.09861111111111111,2540.0,0.0,8994.996041793971,0.44027777777777777,0.16111111111111112,0.2791666666666667,3381.9766593617137,212,overtaking,1.0,1.0,1.0,,,1.0
overtaking_0071,overtaking,overtaking,give_way,risk_aware,Risk-aware (conformal),modelled,770.9889161712041,1001.64701206673,11.69002414755931,8.69002414755931,vlcc,handysize_bulker,power_driven,good,1814.221876793333,-8.255116720632875,-6.117890217412606,1768.7477485839927,1.353227259622482,True,True,False,-2.659943953572119,6.029079552123805,2434.0325703927842,102,39.212413843247084,False,0.02638888888888889,90.0,0.0,2596.557904533302,0.16666666666666666,0.1486111111111111,0.018055555555555554,3302.3093356127083,196,overtaking,1.0,1.0,1.0,,,1.0
overtaking_0072,overtaking,overtaking,give_way,risk_aware,Risk-aware (conformal),modelled,253.95492885002164,971.0744916185552,11.758716581427542,8.758716581427542,container_feeder,coastal_tanker,power_driven,good,1520.1259607947363,-10.099248959556183,0.16517460014405927,1302.941431522625,2.6947358746815526,True,True,False,-1.2077599863532187,2.9344273841564825,1054.3945798693169,76,56.24506261916635,True,0.0125,3145.0,0.0,13890.491571728728,0.3375,0.2111111111111111,0.12638888888888888,6189.279529442651,91,overtaking,1.0,1.0,1.0,,,1.0
overtaking_0073,overtaking,overtaking,give_way,risk_aware,Risk-aware (conformal),modelled,975.1739867258376,761.673211808668,10.571300546634909,7.571300546634909,container_feeder,container_feeder,power_driven,good,1527.9219889339192,-37.938372386353024,-0.6826553545928853,975.1774101152038,4.044578935787277,True,True,False,-0.6448403588021422,0.9612567560661722,337.4973457380087,52,29.558400461692095,True,0.027777777777777776,2330.0,0.0,9897.55635442596,0.38055555555555554,0.0,0.38055555555555554,488.591571180745,254,overtaking,1.0,0.0,0.0,,,0.3333333333333333
overtaking_0074,overtaking,overtaking,give_way,risk_aware,Risk-aware (conformal),modelled,427.08086417897016,790.6633152283694,8.089154035085521,5.089154035085521,coastal_tanker,vlcc,restricted_manoeuvrability,good,1371.171432806697,-2.065317565381385,-10.04201666791493,1277.4144949747642,2.9176568217661387,True,True,False,-0.5220331118381215,3.1054068238289445,1324.6816179785744,51,34.99994208686022,False,0.016666666666666666,55.0,237.97042899206448,1862.5228947863275,0.0,0.0,0.0,4721.972683727192,3,overtaking,1.0,1.0,1.0,,,1.0
overtaking_0075,overtaking,overtaking,give_way,risk_aware,Risk-aware (conformal),modelled,784.7331804114251,1073.6593653331802,8.864742277134768,5.864742277134768,container_feeder,vlcc,power_driven,good,1970.272021582151,4.605095777926106,10.393301250950351,1676.322382199686,3.1050085600564508,True,True,False,-1.0128597722585153,8.220762711377354,3836.5899169412564,62,36.52929154031486,False,0.03611111111111111,90.0,2044.8864800616275,318.6192726691935,0.016666666666666666,0.009722222222222222,0.0,3023.6396108989566,345,overtaking,1.0,1.0,1.0,,,1.0
overtaking_0076,overtaking,overtaking,give_way,risk_aware,Risk-aware (conformal),modelled,447.0825278261085,1545.237633348096,11.033692780236793,8.033692780236793,container_feeder,vlcc,power_driven,good,2789.135196925727,-34.34462306335755,10.545068824559483,447.0827282921736,1.127119161185852,False,True,False,-0.5579989681537552,6.431802484092768,3943.851637305122,57,34.999999999999886,True,0.1986111111111111,1725.0,0.0,4870.750838827966,0.5263888888888889,0.0,0.5263888888888889,393.2232121275042,375,overtaking,1.0,1.0,0.0,,,0.6666666666666666
overtaking_0077,overtaking,overtaking,give_way,risk_aware,Risk-aware (conformal),modelled,185.19434555090498,1621.8902825939701,9.70373218061866,6.70373218061866,coastal_tanker,coastal_tanker,power_driven,moderate,2569.297596112124,-6.114925260870556,4.675473351999205,859.9020932884247,4.207817195533214,False,True,False,-0.2941759251729259,2.0377853786674853,1128.1563827417035,56,34.99322043379229,True,0.018055555555555554,2755.0,0.0,11134.878258552699,0.39861111111111114,0.3,0.09861111111111111,5014.846154456742,169,overtaking,1.0,1.0,1.0,,,1.0
overtaking_0078,overtaking,overtaking,give_way,risk_aware,Risk-aware (conformal),modelled,885.9738439847391,664.6357734107288,14.626709616018882,11.626709616018882,handysize_bulker,coastal_tanker,fishing,good,1620.4887506494797,2.3574172654236705,-11.431938313055742,1495.9640467064562,2.090465804713196,True,True,False,-0.6607341587644996,3.0340514276532358,2203.82132076916,60,34.999987535622466,False,0.0125,95.0,77.2913707283159,349.90540556980034,0.0,0.0,0.0,2455.2795642290835,219,overtaking,1.0,1.0,1.0,,,1.0
overtaking_0079,overtaking,overtaking,give_way,risk_aware,Risk-aware (conformal),modelled,919.9919250044644,1119.8010612286819,15.393086995408648,12.393086995408648,container_feeder,coastal_tanker,power_driven,good,1958.6754624415066,-26.3174291249197,-0.4110732937420991,919.9919762927086,3.8197507414279044,False,True,False,-1.0471715889658828,2.268278360391512,655.3395541556289,92,34.46438521316289,True,0.005555555555555556,2915.0,0.0,7661.779445897629,0.30416666666666664,0.0,0.30416666666666664,528.5070017955723,137,overtaking,1.0,1.0,0.0,,,0.6666666666666666
overtaking_0080,overtaking,overtaking,give_way,risk_aware,Risk-aware (conformal),modelled,738.4550395601143,646.5251202598965,9.30851674804979,6.30851674804979,container_feeder,coastal_tanker,power_driven,good,1270.1211917506444,23.19980588275374,6.046512459513096,1153.0861485162095,2.162765236889231,True,True,False,-8.891247210354146,20.53471567167686,3003.6670186935985,335,75.87558378518447,False,0.05694444444444444,180.0,3908.611746095708,461.4819719591066,0.009722222222222222,0.009722222222222222,0.0,919.6605757055561,684,overtaking,1.0,1.0,1.0,,,1.0
overtaking_0081,overtaking,overtaking,give_way,risk_aware,Risk-aware (conformal),modelled,166.15596430149688,1471.1120228364007,14.69100816716875,11.447543311050222,handysize_bulker,coastal_tanker,power_driven,good,2877.9046106227975,-23.910220236076842,8.724928860902452,523.4635936491512,1.0844597500179993,False,True,False,-0.5107473156344141,1.4282266113933133,975.0970814283017,55,34.88557120311174,True,0.15,2085.0,0.0,4750.759124508326,0.41388888888888886,0.24583333333333332,0.16805555555555557,2940.800463225337,303,overtaking,1.0,1.0,1.0,,,1.0
overtaking_0082,overtaking,overtaking,give_way,risk_aware,Risk-aware (conformal),modelled,330.6729433362914,1743.956548729864,9.72977858044798,6.729778580447981,container_feeder,vlcc,power_driven,good,2790.9297785290823,4.609411766779909,-5.211466235801156,722.137742767666,2.516390014397769,False,True,False,-0.8001175946156149,1.2160034233508379,355.3636178301116,62,32.36422124985837,False,0.32916666666666666,130.0,346.0067349836684,869.1581858745637,0.09027777777777778,0.0125,0.07777777777777778,856.4911528943873,693,overtaking,1.0,1.0,1.0,,,1.0
overtaking_0083,overtaking,overtaking,give_way,risk_aware,Risk-aware (conformal),modelled,183.63065668594726,1674.2061228381758,14.261428428184319,11.261428428184319,container_feeder,coastal_tanker,power_driven,good,2935.8115016207403,28.305868310159976,-7.257455055659769,183.63591275752833,0.418173797260293,False,False,False,-0.33215052710202037,3.6856182425593853,3001.454984312187,56,34.999996392578204,True,0.05555555555555555,1765.0,0.0,7951.275917158155,0.4875,0.0,0.4875,675.6050837960191,367,overtaking,1.0,1.0,0.0,,,0.6666666666666666
overtaking_0084,overtaking,overtaking,give_way,risk_aware,Risk-aware (conformal),modelled,831.744598086259,1527.7223047871253,9.877109709993933,6.877109709993933,handysize_bulker,container_feeder,power_driven,moderate,2831.605083360479,-6.974728150175505,11.779046802480593,350.46967338092827,0.7273493032403873,False,False,False,-1.0303142394601061,3.5914618635565323,1596.9144471101313,68,36.145812646912326,True,0.2013888888888889,2390.0,0.0,3631.641135933137,0.5013888888888889,0.39166666666666666,0.10972222222222222,4087.9633659845385,242,overtaking,1.0,1.0,1.0,,,1.0
overtaking_0085,overtaking,overtaking,give_way,risk_aware,Risk-aware (conformal),modelled,1453.649176846302,1785.4150723179853,14.249919136144749,9.293889571306295,coastal_tanker,coastal_tanker,power_driven,good,4778.761063718011,18.149223952819526,-0.23454168280374432,1453.6495620955704,8.256369513662605,True,True,False,5.107544394589681e-13,-5.107544394589681e-13,0.0,0,0.0,False,0.001388888888888889,,,26327.253089099544,0.11388888888888889,0.0,0.11388888888888889,27429.304230051166,0,overtaking,0.0,0.0,0.0,,,0.0
overtaking_0086,overtaking,overtaking,give_way,risk_aware,Risk-aware (conformal),modelled,10.231496578943677,1517.9394681188103,8.229938081227148,5.229938081227148,coastal_tanker,vlcc,power_driven,good,2343.287354910134,0.7648422539156029,-0.5823560646085042,1228.0667872359732,5.108582651070892,True,True,False,-0.5768684549018352,3.0536578206635676,1209.7916833162978,60,39.901781773457245,True,0.04583333333333333,3465.0,0.0,8256.255554198517,0.32083333333333336,0.28055555555555556,0.0375,7825.700581375274,27,overtaking,1.0,1.0,1.0,,,1.0
overtaking_0087,overtaking,overtaking,give_way,risk_aware,Risk-aware (conformal),modelled,267.84436414977614,1285.197315173424,15.76118994504619,12.825697003224164,container_feeder,coastal_tanker,restricted_manoeuvrability,good,2594.6971778072393,-42.23552222700761,10.38275439906138,267.8446572318877,0.5511412355853379,False,False,False,-0.380801099381416,4.882158526118808,4362.927355614321,60,34.99999997072659,True,0.08472222222222223,1365.0,0.0,6926.08241388353,0.0,0.0,0.0,841.4077728752673,447,overtaking,1.0,1.0,0.0,,,0.6666666666666666
overtaking_0088,overtaking,overtaking,give_way,risk_aware,Risk-aware (conformal),modelled,393.26027327323925,795.7997056485686,13.21100152279168,8.575477271437872,coastal_tanker,handysize_bulker,power_driven,restricted,1939.3740293801125,-13.423284355732077,0.9324106631078521,1252.9353240056155,4.958544763736414,True,True,False,-0.25860429094835014,1.2611171207708785,869.3363896026949,54,41.270832667884356,True,0.001388888888888889,,,8428.725242022743,0.12638888888888888,0.12638888888888888,0.0,11014.556167292021,0,overtaking,1.0,1.0,1.0,,,1.0
overtaking_0089,overtaking,overtaking,give_way,risk_aware,Risk-aware (conformal),modelled,724.2653446977729,1266.5071496381188,14.404849087763772,11.54216094151317,container_feeder,coastal_tanker,power_driven,good,2017.1870866596091,-14.048012128592669,-1.746776331886016,1949.0580623791031,3.682168412538285,True,True,False,-0.6929317263594577,2.2169315984999516,1161.5224446102552,73,55.25780885773784,False,0.002777777777777778,,,12084.622805823881,0.26666666666666666,0.26666666666666666,0.0,10005.091561968331,0,overtaking,1.0,1.0,1.0,,,1.0
overtaking_0090,overtaking,overtaking,give_way,risk_aware,Risk-aware (conformal),modelled,265.6226997690888,1071.691205478868,13.003643179309584,10.003643179309584,vlcc,vlcc,power_driven,good,1729.37165741554,-3.8946343464766655,3.9149258458545138,1682.7725894745397,1.3325503305239867,True,True,False,-2.2541844763025303,5.471570261003019,2589.201552633186,94,38.698204424599474,True,0.03611111111111111,80.0,0.0,1160.7837611105913,0.37777777777777777,0.03194444444444444,0.3458333333333333,5172.455764949428,343,overtaking,1.0,1.0,1.0,,,1.0
overtaking_0091,overtaking,overtaking,give_way,risk_aware,Risk-aware (conformal),modelled,511.9320678207591,1292.4453834919073,12.417879118346816,9.417879118346816,container_feeder,vlcc,power_driven,good,2471.5425667874133,17.38611382810737,-10.906464641334491,2182.4336934807793,3.649159371095999,True,True,False,-0.453542618989272,4.645380125463699,3218.1165528156407,55,34.99999997653441,False,0.044444444444444446,95.0,260.0142052364096,2108.0115054484454,0.1763888888888889,0.1763888888888889,0.0,2559.999028035364,375,overtaking,1.0,1.0,1.0,,,1.0
overtaking_0092,overtaking,overtaking,give_way,risk_aware,Risk-aware (conformal),modelled,1183.6238829388103,1306.3870694448117,9.890932639390588,6.890932639390588,container_feeder,vlcc,power_driven,good,2538.18831702361,49.257429177538285,-10.217542555143268,1183.6262837755573,2.445186464173167,True,True,False,-1.122070240200332,4.181002690145699,1355.7883660481639,65,51.580245770671425,True,0.044444444444444446,2270.0,0.0,28323.429927438592,0.3541666666666667,0.0,0.3541666666666667,900.4571126536791,266,overtaking,1.0,1.0,0.0,,,0.6666666666666666
overtaking_0093,overtaking,overtaking,give_way,risk_aware,Risk-aware (conformal),modelled,1151.0734903575592,1153.6667703597486,15.418387639495048,8.647870204493497,handysize_bulker,coastal_tanker,power_driven,moderate,4354.762279560192,27.85815144301202,-10.22692783439022,1151.08372299882,2.990972666114559,True,True,False,-0.4721609666059493,1.216230143260285,868.3332368652775,54,34.60878418461045,True,0.002777777777777778,,,14513.348736129652,0.019444444444444445,0.0,0.019444444444444445,2931.9097053426513,0,overtaking,1.0,1.0,0.0,,,0.6666666666666666
overtaking_0094,overtaking,overtaking,give_way,risk_aware,Risk-aware (conformal),modelled,1367.9586756663189,1043.0774824016428,11.899172256930132,8.899172256930132,handysize_bulker,container_feeder,power_driven,moderate,2237.604423712399,-16.622222293929656,-7.659124566992033,2157.237125912758,3.263292813986518,True,True,False,-0.745791050948235,1.8580896249816339,916.4616196004162,60,35.262704695813355,False,0.001388888888888889,,,8618.809926197,0.24027777777777778,0.23472222222222222,0.005555555555555556,10981.05904387126,0,overtaking,1.0,1.0,1.0,,,1.0
overtaking_0095,overtaking,overtaking,give_way,risk_aware,Risk-aware (conformal),modelled,595.2156800534112,603.9122964011774,10.27983263507513,7.279832635075129,container_feeder,handysize_bulker,power_driven,moderate,1143.1877408550338,16.93571531129737,6.178069860642815,1036.590955624999,2.019776270217513,True,True,False,-9.112109687652964,21.31644178509739,3523.1232785475327,373,71.06129607137179,False,0.0763888888888889,45.0,673.6378177658103,298.4282057485418,0.0,0.0,0.0,813.3011542182751,711,overtaking,1.0,1.0,1.0,,,1.0
overtaking_0096,overtaking,overtaking,give_way,risk_aware,Risk-aware (conformal),modelled,171.00582376515712,1161.3139354408304,15.425689089861493,12.425689089861493,coastal_tanker,coastal_tanker,power_driven,good,2017.3398523931103,19.072470965219576,-6.3068453294911695,1805.1318853319833,4.113900686888315,True,True,False,-0.2562222548041634,3.021244274116001,2687.635516602441,49,34.99991874792681,False,0.0125,95.0,120.47091257271467,1767.1107773297092,0.28888888888888886,0.001388888888888889,0.2875,4124.20955716001,291,overtaking,1.0,1.0,1.0,,,1.0
overtaking_0097,overtaking,overtaking,give_way,risk_aware,Risk-aware (conformal),modelled,1261.835953055871,1617.1362797408965,13.113276077335705,10.141469582045268,vlcc,coastal_tanker,not_under_command,moderate,2787.5578263167763,-32.123823253238754,1.5326570970104996,1261.8402252871845,1.8290535876623593,True,True,False,-3.238727577376048,3.7260383766252274,576.3080099295363,75,30.008014378124443,True,0.001388888888888889,,,3678.6736752862953,0.0,0.0,0.0,1871.2096974830745,0,overtaking,0.0,1.0,0.0,,,0.3333333333333333
overtaking_0098,overtaking,overtaking,give_way,risk_aware,Risk-aware (conformal),modelled,344.4494582028424,919.7810786936807,15.283844776933268,8.205277177580218,coastal_tanker,vlcc,power_driven,good,3384.128654972158,-10.07484668966248,3.6695606596168577,1862.7963136013402,8.62287725758712,True,True,False,-0.19803283099098523,1.7098824387769924,1558.2563259009196,50,34.98034172534999,False,0.05555555555555555,1965.0,0.0,19611.773555054788,0.5305555555555556,0.13194444444444445,0.39861111111111114,2985.6999897063283,327,overtaking,1.0,1.0,1.0,,,1.0
overtaking_0099,overtaking,overtaking,give_way,risk_aware,Risk-aware (conformal),modelled,1167.6196740595394,866.5927345740495,8.534146567802114,5.5341465678021144,container_feeder,vlcc,power_driven,moderate,1792.916972460939,-49.13469859427814,4.675272438399748,1167.622351882259,4.31243427588137,True,True,False,-0.8654616955066649,6.727286401168886,3037.989567024548,63,35.34528741786199,True,0.07777777777777778,2020.0,0.0,6142.810582350097,0.4083333333333333,0.0,0.4083333333333333,392.2624415784396,316,overtaking,1.0,1.0,0.0,,,0.6666666666666666
