scenario_id,encounter_requested,encounter_observed,role,cas,cas_name,dcpa_target_m,tcpa_target_s,own_speed_kn,tgt_speed_kn,own_vessel,tgt_vessel,tgt_status,visibility,initial_range_m,relative_bearing_deg,tgt_heading_deg,min_dist_m,min_intrusion,safe,domain_respected,collision,excess_path_pct,progress_loss_pct,cross_track_m,heading_changes,total_alteration_deg,crossed_ahead,encounter,starboard_alteration,substantial_action,early_action,no_cross_ahead,stand_on_held,compliance
head_on_0000,head_on,head_on,both_give_way,no_action,No action (baseline),1046.4079230305479,1737.2346977618984,12.976574206585717,9.947608008608263,handysize_bulker,container_feeder,power_driven,moderate,20511.39041273039,3.7690158020914577,181.9467433777743,1046.7396487711167,3.629946019104025,True,True,False,3.0317456775816435e-14,-3.0317456775816435e-14,0.0,0,0.0,True,head_on,0.0,0.0,0.0,,,0.0
head_on_0000,head_on,head_on,both_give_way,rule_based,Rule-based COLREGS,1046.4079230305479,1737.2346977618984,12.976574206585717,9.947608008608263,handysize_bulker,container_feeder,power_driven,moderate,20511.39041273039,3.7690158020914577,181.9467433777743,1046.7396487711167,3.629946019104025,True,True,False,3.0317456775816435e-14,-3.0317456775816435e-14,0.0,0,0.0,True,head_on,0.0,0.0,0.0,,,0.0
head_on_0000,head_on,head_on,both_give_way,velocity_obstacle,Velocity obstacle,1046.4079230305479,1737.2346977618984,12.976574206585717,9.947608008608263,handysize_bulker,container_feeder,power_driven,moderate,20511.39041273039,3.7690158020914577,181.9467433777743,1046.7396487711167,3.629946019104025,True,True,False,3.0317456775816435e-14,-3.0317456775816435e-14,0.0,0,0.0,True,head_on,0.0,0.0,0.0,,,0.0
head_on_0000,head_on,head_on,both_give_way,mpc,MPC,1046.4079230305479,1737.2346977618984,12.976574206585717,9.947608008608263,handysize_bulker,container_feeder,power_driven,moderate,20511.39041273039,3.7690158020914577,181.9467433777743,1046.7396487711167,3.629946019104025,True,True,False,3.0317456775816435e-14,-3.0317456775816435e-14,0.0,0,0.0,True,head_on,0.0,0.0,0.0,,,0.0
head_on_0001,head_on,head_on,both_give_way,no_action,No action (baseline),93.78011686087035,1153.473680578606,10.782025505981716,11.661396061515685,container_feeder,container_feeder,power_driven,good,13317.952099821036,-0.03022894752607691,180.7183152038791,95.42147764145776,0.39147641451385584,False,False,True,-1.2223547762431566e-12,1.2223547762431566e-12,0.0,0,0.0,True,head_on,0.0,0.0,0.0,,,0.0
head_on_0001,head_on,head_on,both_give_way,rule_based,Rule-based COLREGS,93.78011686087035,1153.473680578606,10.782025505981716,11.661396061515685,container_feeder,container_feeder,power_driven,good,13317.952099821036,-0.03022894752607691,180.7183152038791,2869.318231224472,10.029567536878496,True,True,False,-0.555008338649544,4.856874078977262,2860.1174540581583,56,34.99999999976376,False,head_on,1.0,1.0,1.0,,,1.0
head_on_0001,head_on,head_on,both_give_way,velocity_obstacle,Velocity obstacle,93.78011686087035,1153.473680578606,10.782025505981716,11.661396061515685,container_feeder,container_feeder,power_driven,good,13317.952099821036,-0.03022894752607691,180.7183152038791,1083.337732028029,4.5114684367523425,True,True,False,-0.04946892902263362,0.4578462258548451,996.7583878297219,32,9.999999999989912,True,head_on,1.0,0.0,1.0,,,0.6666666666666666
head_on_0001,head_on,head_on,both_give_way,mpc,MPC,93.78011686087035,1153.473680578606,10.782025505981716,11.661396061515685,container_feeder,container_feeder,power_driven,good,13317.952099821036,-0.03022894752607691,180.7183152038791,1032.7452146771996,4.302792374015362,True,True,False,-0.29831734811789556,0.6976137177659609,941.9852453120521,49,13.53147772859064,True,head_on,1.0,0.0,1.0,,,0.6666666666666666
head_on_0002,head_on,head_on,both_give_way,no_action,No action (baseline),304.7887348384313,1758.611589917731,12.423581781229387,8.050724937125096,handysize_bulker,container_feeder,power_driven,good,18524.84937935173,1.4036261180559826,181.1721494274489,305.139332349143,1.0581683854427841,False,True,False,-1.8050151613637256e-12,1.8050151613637256e-12,0.0,0,0.0,True,head_on,0.0,0.0,0.0,,,0.0
head_on_0002,head_on,head_on,both_give_way,rule_based,Rule-based COLREGS,304.7887348384313,1758.611589917731,12.423581781229387,8.050724937125096,handysize_bulker,container_feeder,power_driven,good,18524.84937935173,1.4036261180559826,181.1721494274489,2903.184175596906,7.843519902254588,True,True,False,-0.6916050551044457,4.948625921237036,3249.7969326260045,60,35.13138331722186,False,head_on,1.0,1.0,1.0,,,1.0
head_on_0002,head_on,head_on,both_give_way,velocity_obstacle,Velocity obstacle,304.7887348384313,1758.611589917731,12.423581781229387,8.050724937125096,handysize_bulker,container_feeder,power_driven,good,18524.84937935173,1.4036261180559826,181.1721494274489,1086.8587838233386,3.7207223061305026,True,True,False,-1.1772449929056168,1.812360964048797,1412.0823758136223,97,15.0348968076853,True,head_on,1.0,0.0,1.0,,,0.6666666666666666
head_on_0002,head_on,head_on,both_give_way,mpc,MPC,304.7887348384313,1758.611589917731,12.423581781229387,8.050724937125096,handysize_bulker,container_feeder,power_driven,good,18524.84937935173,1.4036261180559826,181.1721494274489,1015.4889248217382,3.5144556673105654,True,True,False,-3.0375047732670484,3.728540655301637,1324.0607559145408,170,20.094966435192386,True,head_on,1.0,0.0,1.0,,,0.6666666666666666
head_on_0003,head_on,head_on,both_give_way,no_action,No action (baseline),1454.5358052962836,1244.3417014446154,11.18131089896454,8.476291296734878,vlcc,container_feeder,power_driven,moderate,12667.36140766875,6.364323535247945,179.46837334252496,1454.5510394354792,2.7546311049345307,True,True,False,4.574076783211536e-13,-4.574076783211536e-13,0.0,0,0.0,False,head_on,0.0,0.0,0.0,,,0.0
head_on_0003,head_on,head_on,both_give_way,rule_based,Rule-based COLREGS,1454.5358052962836,1244.3417014446154,11.18131089896454,8.476291296734878,vlcc,container_feeder,power_driven,moderate,12667.36140766875,6.364323535247945,179.46837334252496,1454.5510394354792,2.7546311049345307,True,True,False,4.574076783211536e-13,-4.574076783211536e-13,0.0,0,0.0,False,head_on,0.0,0.0,0.0,,,0.0
head_on_0003,head_on,head_on,both_give_way,velocity_obstacle,Velocity obstacle,1454.5358052962836,1244.3417014446154,11.18131089896454,8.476291296734878,vlcc,container_feeder,power_driven,moderate,12667.36140766875,6.364323535247945,179.46837334252496,1454.5510394354792,2.7546311049345307,True,True,False,4.574076783211536e-13,-4.574076783211536e-13,0.0,0,0.0,False,head_on,0.0,0.0,0.0,,,0.0
head_on_0003,head_on,head_on,both_give_way,mpc,MPC,1454.5358052962836,1244.3417014446154,11.18131089896454,8.476291296734878,vlcc,container_feeder,power_driven,moderate,12667.36140766875,6.364323535247945,179.46837334252496,1454.5510394354792,2.7546311049345307,True,True,False,4.574076783211536e-13,-4.574076783211536e-13,0.0,0,0.0,False,head_on,0.0,0.0,0.0,,,0.0
head_on_0004,head_on,head_on,both_give_way,no_action,No action (baseline),1216.8592447621345,1423.5297755634083,11.512169003516023,9.227069151460217,coastal_tanker,handysize_bulker,power_driven,restricted,15230.842066532292,3.1712176168112127,176.82783663341104,1216.9602659767108,6.8970437933894475,True,True,False,5.809577992874381e-13,-5.809577992874381e-13,0.0,0,0.0,True,head_on,0.0,0.0,0.0,,,0.0
head_on_0004,head_on,head_on,both_give_way,rule_based,Rule-based COLREGS,1216.8592447621345,1423.5297755634083,11.512169003516023,9.227069151460217,coastal_tanker,handysize_bulker,power_driven,restricted,15230.842066532292,3.1712176168112127,176.82783663341104,1216.9602659767108,6.8970437933894475,True,True,False,5.809577992874381e-13,-5.809577992874381e-13,0.0,0,0.0,True,head_on,0.0,0.0,0.0,,,0.0
head_on_0004,head_on,head_on,both_give_way,velocity_obstacle,Velocity obstacle,1216.8592447621345,1423.5297755634083,11.512169003516023,9.227069151460217,coastal_tanker,handysize_bulker,power_driven,restricted,15230.842066532292,3.1712176168112127,176.82783663341104,1216.9602659767108,6.8970437933894475,True,True,False,5.809577992874381e-13,-5.809577992874381e-13,0.0,0,0.0,True,head_on,0.0,0.0,0.0,,,0.0
head_on_0004,head_on,head_on,both_give_way,mpc,MPC,1216.8592447621345,1423.5297755634083,11.512169003516023,9.227069151460217,coastal_tanker,handysize_bulker,power_driven,restricted,15230.842066532292,3.1712176168112127,176.82783663341104,1216.9602659767108,6.8970437933894475,True,True,False,5.809577992874381e-13,-5.809577992874381e-13,0.0,0,0.0,True,head_on,0.0,0.0,0.0,,,0.0
head_on_0005,head_on,head_on,both_give_way,no_action,No action (baseline),954.3791381384757,995.3973426352595,10.257661535555092,8.677360319654618,handysize_bulker,container_feeder,power_driven,moderate,9740.74202735581,4.473377360955931,177.49189559236584,954.3869828957232,3.309101627305001,True,True,False,-7.670690366272594e-13,7.670690366272594e-13,0.0,0,0.0,True,head_on,0.0,0.0,0.0,,,0.0
head_on_0005,head_on,head_on,both_give_way,rule_based,Rule-based COLREGS,954.3791381384757,995.3973426352595,10.257661535555092,8.677360319654618,handysize_bulker,container_feeder,power_driven,moderate,9740.74202735581,4.473377360955931,177.49189559236584,954.3869828957232,3.309101627305001,True,True,False,-7.670690366272594e-13,7.670690366272594e-13,0.0,0,0.0,True,head_on,0.0,0.0,0.0,,,0.0
head_on_0005,head_on,head_on,both_give_way,velocity_obstacle,Velocity obstacle,954.3791381384757,995.3973426352595,10.257661535555092,8.677360319654618,handysize_bulker,container_feeder,power_driven,moderate,9740.74202735581,4.473377360955931,177.49189559236584,954.3869828957232,3.309101627305001,True,True,False,-7.670690366272594e-13,7.670690366272594e-13,0.0,0,0.0,True,head_on,0.0,0.0,0.0,,,0.0
head_on_0005,head_on,head_on,both_give_way,mpc,MPC,954.3791381384757,995.3973426352595,10.257661535555092,8.677360319654618,handysize_bulker,container_feeder,power_driven,moderate,9740.74202735581,4.473377360955931,177.49189559236584,954.3869828957232,3.309101627305001,True,True,False,-7.670690366272594e-13,7.670690366272594e-13,0.0,0,0.0,True,head_on,0.0,0.0,0.0,,,0.0
head_on_0006,head_on,head_on,both_give_way,no_action,No action (baseline),1175.9820153130559,840.9461416134332,14.617228328764373,9.235550067249873,container_feeder,vlcc,power_driven,good,10385.271492939128,5.965896121556185,178.6157268967917,1176.0393167768093,4.897219497724006,True,True,False,4.844626448763067e-13,-4.844626448763067e-13,0.0,0,0.0,True,head_on,0.0,0.0,0.0,,,0.0
head_on_0006,head_on,head_on,both_give_way,rule_based,Rule-based COLREGS,1175.9820153130559,840.9461416134332,14.617228328764373,9.235550067249873,container_feeder,vlcc,power_driven,good,10385.271492939128,5.965896121556185,178.6157268967917,1176.0393167768093,4.897219497724006,True,True,False,4.844626448763067e-13,-4.844626448763067e-13,0.0,0,0.0,True,head_on,0.0,0.0,0.0,,,0.0
head_on_0006,head_on,head_on,both_give_way,velocity_obstacle,Velocity obstacle,1175.9820153130559,840.9461416134332,14.617228328764373,9.235550067249873,container_feeder,vlcc,power_driven,good,10385.271492939128,5.965896121556185,178.6157268967917,1176.0393167768093,4.897219497724006,True,True,False,4.844626448763067e-13,-4.844626448763067e-13,0.0,0,0.0,True,head_on,0.0,0.0,0.0,,,0.0
head_on_0006,head_on,head_on,both_give_way,mpc,MPC,1175.9820153130559,840.9461416134332,14.617228328764373,9.235550067249873,container_feeder,vlcc,power_driven,good,10385.271492939128,5.965896121556185,178.6157268967917,1176.0393167768093,4.897219497724006,True,True,False,4.844626448763067e-13,-4.844626448763067e-13,0.0,0,0.0,True,head_on,0.0,0.0,0.0,,,0.0
head_on_0007,head_on,head_on,both_give_way,no_action,No action (baseline),51.4728442778612,1669.411347412297,13.393899609479133,15.320933157488954,coastal_tanker,container_feeder,power_driven,moderate,24650.6877702817,-1.8838542686043898,176.69352571697385,52.201589813698426,0.2941513250122837,False,False,True,-5.874565870687996e-14,5.874565870687996e-14,0.0,0,0.0,True,head_on,0.0,0.0,0.0,,,0.0
head_on_0007,head_on,head_on,both_give_way,rule_based,Rule-based COLREGS,51.4728442778612,1669.411347412297,13.393899609479133,15.320933157488954,coastal_tanker,container_feeder,power_driven,moderate,24650.6877702817,-1.8838542686043898,176.69352571697385,3563.8267767613784,16.57980017738233,True,True,False,-0.1805323579740207,4.548485369193351,3620.4987402049496,52,34.99999990402611,False,head_on,1.0,1.0,1.0,,,1.0
head_on_0007,head_on,head_on,both_give_way,velocity_obstacle,Velocity obstacle,51.4728442778612,1669.411347412297,13.393899609479133,15.320933157488954,coastal_tanker,container_feeder,power_driven,moderate,24650.6877702817,-1.8838542686043898,176.69352571697385,1083.4377783741552,6.120534537696678,True,True,False,-0.018160243221288213,0.3111713965278514,1045.5971221142215,28,9.999967408062886,True,head_on,1.0,0.0,1.0,,,0.6666666666666666
head_on_0007,head_on,head_on,both_give_way,mpc,MPC,51.4728442778612,1669.411347412297,13.393899609479133,15.320933157488954,coastal_tanker,container_feeder,power_driven,moderate,24650.6877702817,-1.8838542686043898,176.69352571697385,1048.0546494866853,5.941149235027451,True,True,False,-0.5984553898732683,0.9315036314022442,1003.8347434869137,43,9.999999840002847,True,head_on,1.0,0.0,1.0,,,0.6666666666666666
head_on_0008,head_on,head_on,both_give_way,no_action,No action (baseline),1151.0946804606024,1370.350704189305,13.327610997423024,13.779943199996039,handysize_bulker,container_feeder,power_driven,good,19142.398187715116,-4.338449928051592,178.2472723126483,1151.1050675742638,3.9945486526035054,True,True,False,-4.4278385040170343e-13,4.4278385040170343e-13,0.0,0,0.0,True,head_on,0.0,0.0,0.0,,,0.0
head_on_0008,head_on,head_on,both_give_way,rule_based,Rule-based COLREGS,1151.0946804606024,1370.350704189305,13.327610997423024,13.779943199996039,handysize_bulker,container_feeder,power_driven,good,19142.398187715116,-4.338449928051592,178.2472723126483,1151.1050675742638,3.9945486526035054,True,True,False,-4.4278385040170343e-13,4.4278385040170343e-13,0.0,0,0.0,True,head_on,0.0,0.0,0.0,,,0.0
head_on_0008,head_on,head_on,both_give_way,velocity_obstacle,Velocity obstacle,1151.0946804606024,1370.350704189305,13.327610997423024,13.779943199996039,handysize_bulker,container_feeder,power_driven,good,19142.398187715116,-4.338449928051592,178.2472723126483,1151.1050675742638,3.9945486526035054,True,True,False,-4.4278385040170343e-13,4.4278385040170343e-13,0.0,0,0.0,True,head_on,0.0,0.0,0.0,,,0.0
head_on_0008,head_on,head_on,both_give_way,mpc,MPC,1151.0946804606024,1370.350704189305,13.327610997423024,13.779943199996039,handysize_bulker,container_feeder,power_driven,good,19142.398187715116,-4.338449928051592,178.2472723126483,1151.1050675742638,3.9945486526035054,True,True,False,-4.4278385040170343e-13,4.4278385040170343e-13,0.0,0,0.0,True,head_on,0.0,0.0,0.0,,,0.0
head_on_0009,head_on,head_on,both_give_way,no_action,No action (baseline),696.8352405020408,1598.8869056740805,13.577901040996505,11.561565885800626,coastal_tanker,container_feeder,power_driven,moderate,20683.80414678495,-0.6448892089038231,182.79581541202614,696.9838305316222,3.952282614440328,False,True,False,-1.7384869417672384e-12,1.752974332948632e-12,0.0,0,0.0,True,head_on,0.0,0.0,0.0,,,0.0
head_on_0009,head_on,head_on,both_give_way,rule_based,Rule-based COLREGS,696.8352405020408,1598.8869056740805,13.577901040996505,11.561565885800626,coastal_tanker,container_feeder,power_driven,moderate,20683.80414678495,-0.6448892089038231,182.79581541202614,4185.784416658858,19.778085493081278,True,True,False,-0.18092758254675764,4.323517372756162,3489.833381405151,52,34.99999974653354,False,head_on,1.0,1.0,1.0,,,1.0
head_on_0009,head_on,head_on,both_give_way,velocity_obstacle,Velocity obstacle,696.8352405020408,1598.8869056740805,13.577901040996505,11.561565885800626,coastal_tanker,container_feeder,power_driven,moderate,20683.80414678495,-0.6448892089038231,182.79581541202614,1092.8293097085798,6.198011471730543,True,True,False,-0.008423502409436928,0.07234281712503818,395.6743028358803,14,4.999996191398279,True,head_on,0.0,0.0,1.0,,,0.3333333333333333
head_on_0009,head_on,head_on,both_give_way,mpc,MPC,696.8352405020408,1598.8869056740805,13.577901040996505,11.561565885800626,coastal_tanker,container_feeder,power_driven,moderate,20683.80414678495,-0.6448892089038231,182.79581541202614,1011.7250765333179,5.737972655171473,True,True,False,-0.2629005854252423,0.37228018977972277,312.84381229494994,31,13.938613117871824,True,head_on,1.0,0.0,1.0,,,0.6666666666666666
head_on_0010,head_on,head_on,give_way,no_action,No action (baseline),1345.1589704751234,1081.806663020126,11.558510484162873,11.512861303560841,coastal_tanker,container_feeder,restricted_manoeuvrability,good,12906.161119733943,7.414744730185767,182.87000666878077,1345.3297651810835,7.630525077901746,True,True,False,5.445915933827421e-13,-5.445915933827421e-13,0.0,0,0.0,True,head_on,0.0,0.0,0.0,,,0.0
head_on_0010,head_on,head_on,give_way,rule_based,Rule-based COLREGS,1345.1589704751234,1081.806663020126,11.558510484162873,11.512861303560841,coastal_tanker,container_feeder,restricted_manoeuvrability,good,12906.161119733943,7.414744730185767,182.87000666878077,1345.3297651810835,7.630525077901746,True,True,False,5.445915933827421e-13,-5.445915933827421e-13,0.0,0,0.0,True,head_on,0.0,0.0,0.0,,,0.0
head_on_0010,head_on,head_on,give_way,velocity_obstacle,Velocity obstacle,1345.1589704751234,1081.806663020126,11.558510484162873,11.512861303560841,coastal_tanker,container_feeder,restricted_manoeuvrability,good,12906.161119733943,7.414744730185767,182.87000666878077,1345.3297651810835,7.630525077901746,True,True,False,5.445915933827421e-13,-5.445915933827421e-13,0.0,0,0.0,True,head_on,0.0,0.0,0.0,,,0.0
head_on_0010,head_on,head_on,give_way,mpc,MPC,1345.1589704751234,1081.806663020126,11.558510484162873,11.512861303560841,coastal_tanker,container_feeder,restricted_manoeuvrability,good,12906.161119733943,7.414744730185767,182.87000666878077,1345.3297651810835,7.630525077901746,True,True,False,5.445915933827421e-13,-5.445915933827421e-13,0.0,0,0.0,True,head_on,0.0,0.0,0.0,,,0.0
head_on_0011,head_on,head_on,both_give_way,no_action,No action (baseline),593.6362035902241,1509.7657070470004,9.286529634231716,10.14082135204854,coastal_tanker,container_feeder,power_driven,good,15100.580502733492,2.002774049772225,179.52062693894248,593.6408216852464,3.372869819100626,False,True,False,0.0,0.0,0.0,0,0.0,True,head_on,0.0,0.0,0.0,,,0.0
head_on_0011,head_on,head_on,both_give_way,rule_based,Rule-based COLREGS,593.6362035902241,1509.7657070470004,9.286529634231716,10.14082135204854,coastal_tanker,container_feeder,power_driven,good,15100.580502733492,2.002774049772225,179.52062693894248,1850.607733489478,8.74562840955071,True,True,False,-0.32048559816751004,4.804702833280837,2571.6783112967296,56,34.9999999737396,True,head_on,1.0,1.0,1.0,,,1.0
head_on_0011,head_on,head_on,both_give_way,velocity_obstacle,Velocity obstacle,593.6362035902241,1509.7657070470004,9.286529634231716,10.14082135204854,coastal_tanker,container_feeder,power_driven,good,15100.580502733492,2.002774049772225,179.52062693894248,331.39237135012445,1.4693176041511395,False,True,False,-9.319810599992188,11.444981644090173,1188.2226286853274,283,60.25045016532306,True,head_on,1.0,1.0,1.0,,,1.0
head_on_0011,head_on,head_on,both_give_way,mpc,MPC,593.6362035902241,1509.7657070470004,9.286529634231716,10.14082135204854,coastal_tanker,container_feeder,power_driven,good,15100.580502733492,2.002774049772225,179.52062693894248,1021.1892254173148,4.172797071073195,True,True,False,-4.948049268025711,8.844361492778116,1744.7214280064534,264,57.38595687128795,True,head_on,1.0,1.0,1.0,,,1.0
head_on_0012,head_on,head_on,give_way,no_action,No action (baseline),663.0463514136849,696.8529135344999,13.369327221231115,8.844635072937514,vlcc,container_feeder,not_under_command,restricted,7990.066148698492,5.506691955140833,181.87516854909154,663.3842942422245,1.2545152095178254,False,True,False,1.0740787715052264e-12,-1.0740787715052264e-12,0.0,0,0.0,True,head_on,0.0,0.0,0.0,,,0.0
head_on_0012,head_on,head_on,give_way,rule_based,Rule-based COLREGS,663.0463514136849,696.8529135344999,13.369327221231115,8.844635072937514,vlcc,container_feeder,not_under_command,restricted,7990.066148698492,5.506691955140833,181.87516854909154,1855.6316581165377,2.767058630361902,True,True,False,-2.155398351758546,5.654839611378786,2882.3787391984565,90,38.55740013269439,True,head_on,1.0,1.0,1.0,,,1.0
head_on_0012,head_on,head_on,give_way,velocity_obstacle,Velocity obstacle,663.0463514136849,696.8529135344999,13.369327221231115,8.844635072937514,vlcc,container_feeder,not_under_command,restricted,7990.066148698492,5.506691955140833,181.87516854909154,1094.624723982399,1.9241870021990302,True,True,False,-0.994269823451938,2.494350778784568,1837.4236435392593,73,27.73887300446652,True,head_on,1.0,0.0,1.0,,,0.6666666666666666
head_on_0012,head_on,head_on,give_way,mpc,MPC,663.0463514136849,696.8529135344999,13.369327221231115,8.844635072937514,vlcc,container_feeder,not_under_command,restricted,7990.066148698492,5.506691955140833,181.87516854909154,1023.9227680621145,1.79211810287745,True,True,False,-2.4477912706019818,3.8802603397402335,1771.846458041159,105,31.55756278032385,True,head_on,1.0,1.0,1.0,,,1.0
head_on_0013,head_on,head_on,both_give_way,no_action,No action (baseline),993.9664702099832,630.7114782491599,8.440855953214655,8.395898394282858,container_feeder,container_feeder,power_driven,good,5549.672889374845,8.417955000478829,176.19063003980094,993.9855525210988,4.129517088291117,True,True,False,8.156510158769928e-14,-8.156510158769928e-14,0.0,0,0.0,True,head_on,0.0,0.0,0.0,,,0.0
head_on_0013,head_on,head_on,both_give_way,rule_based,Rule-based COLREGS,993.9664702099832,630.7114782491599,8.440855953214655,8.395898394282858,container_feeder,container_feeder,power_driven,good,5549.672889374845,8.417955000478829,176.19063003980094,993.9855525210988,4.129517088291117,True,True,False,8.156510158769928e-14,-8.156510158769928e-14,0.0,0,0.0,True,head_on,0.0,0.0,0.0,,,0.0
head_on_0013,head_on,head_on,both_give_way,velocity_obstacle,Velocity obstacle,993.9664702099832,630.7114782491599,8.440855953214655,8.395898394282858,container_feeder,container_feeder,power_driven,good,5549.672889374845,8.417955000478829,176.19063003980094,993.9855525210988,4.129517088291117,True,True,False,8.156510158769928e-14,-8.156510158769928e-14,0.0,0,0.0,True,head_on,0.0,0.0,0.0,,,0.0
head_on_0013,head_on,head_on,both_give_way,mpc,MPC,993.9664702099832,630.7114782491599,8.440855953214655,8.395898394282858,container_feeder,container_feeder,power_driven,good,5549.672889374845,8.417955000478829,176.19063003980094,993.9855525210988,4.129517088291117,True,True,False,8.156510158769928e-14,-8.156510158769928e-14,0.0,0,0.0,True,head_on,0.0,0.0,0.0,,,0.0
head_on_0014,head_on,head_on,both_give_way,no_action,No action (baseline),111.38047158665199,1261.4660052115653,9.14949693595672,13.65712674715989,vlcc,container_feeder,power_driven,good,14797.919860598853,-1.8293615893228454,177.66529448784644,112.70022325836794,0.2108798931908433,False,False,True,-1.0534688293600022e-12,1.0534688293600022e-12,0.0,0,0.0,True,head_on,0.0,0.0,0.0,,,0.0
head_on_0014,head_on,head_on,both_give_way,rule_based,Rule-based COLREGS,111.38047158665199,1261.4660052115653,9.14949693595672,13.65712674715989,vlcc,container_feeder,power_driven,good,14797.919860598853,-1.8293615893228454,177.66529448784644,2199.00377427257,3.6006421068498278,True,True,False,-3.8203299087951685,8.14440433045518,2424.8413816085963,128,40.186685911358445,False,head_on,1.0,1.0,1.0,,,1.0
head_on_0014,head_on,head_on,both_give_way,velocity_obstacle,Velocity obstacle,111.38047158665199,1261.4660052115653,9.14949693595672,13.65712674715989,vlcc,container_feeder,power_driven,good,14797.919860598853,-1.8293615893228454,177.66529448784644,1100.5571810463189,2.063737505376743,True,True,False,-0.7314758665462348,1.3331666016588946,1016.0667911191525,57,17.635609062522747,True,head_on,1.0,0.0,1.0,,,0.6666666666666666
head_on_0014,head_on,head_on,both_give_way,mpc,MPC,111.38047158665199,1261.4660052115653,9.14949693595672,13.65712674715989,vlcc,container_feeder,power_driven,good,14797.919860598853,-1.8293615893228454,177.66529448784644,1027.6775185919957,1.9272238340564054,True,True,False,-1.5882368554888437,2.1220290161517568,954.4501453828157,44,17.257779102644175,True,head_on,1.0,0.0,1.0,,,0.6666666666666666
head_on_0015,head_on,head_on,both_give_way,no_action,No action (baseline),1415.695476557393,907.9180453203644,12.900950452090466,12.722785734426292,vlcc,handysize_bulker,power_driven,good,12051.01228296086,7.314061299096136,181.14324518441094,1415.9614391028738,2.6806262016679514,True,True,False,-2.287138043049695e-13,2.287138043049695e-13,0.0,0,0.0,False,head_on,0.0,0.0,0.0,,,0.0
head_on_0015,head_on,head_on,both_give_way,rule_based,Rule-based COLREGS,1415.695476557393,907.9180453203644,12.900950452090466,12.722785734426292,vlcc,handysize_bulker,power_driven,good,12051.01228296086,7.314061299096136,181.14324518441094,1415.9614391028738,2.6806262016679514,True,True,False,-2.287138043049695e-13,2.287138043049695e-13,0.0,0,0.0,False,head_on,0.0,0.0,0.0,,,0.0
head_on_0015,head_on,head_on,both_give_way,velocity_obstacle,Velocity obstacle,1415.695476557393,907.9180453203644,12.900950452090466,12.722785734426292,vlcc,handysize_bulker,power_driven,good,12051.01228296086,7.314061299096136,181.14324518441094,1415.9614391028738,2.6806262016679514,True,True,False,-2.287138043049695e-13,2.287138043049695e-13,0.0,0,0.0,False,head_on,0.0,0.0,0.0,,,0.0
head_on_0015,head_on,head_on,both_give_way,mpc,MPC,1415.695476557393,907.9180453203644,12.900950452090466,12.722785734426292,vlcc,handysize_bulker,power_driven,good,12051.01228296086,7.314061299096136,181.14324518441094,1415.9614391028738,2.6806262016679514,True,True,False,-2.287138043049695e-13,2.287138043049695e-13,0.0,0,0.0,False,head_on,0.0,0.0,0.0,,,0.0
head_on_0016,head_on,head_on,both_give_way,no_action,No action (baseline),1107.608311838976,1790.5483539290076,13.061840550308615,9.359451210997296,handysize_bulker,container_feeder,power_driven,moderate,20677.9698733465,-2.0237575358518094,182.50762534875577,1107.6263627036883,3.839407838043884,True,True,False,1.0692439381902405e-12,-1.0692439381902405e-12,0.0,0,0.0,True,head_on,0.0,0.0,0.0,,,0.0
head_on_0016,head_on,head_on,both_give_way,rule_based,Rule-based COLREGS,1107.608311838976,1790.5483539290076,13.061840550308615,9.359451210997296,handysize_bulker,container_feeder,power_driven,moderate,20677.9698733465,-2.0237575358518094,182.50762534875577,1107.6263627036883,3.839407838043884,True,True,False,1.0692439381902405e-12,-1.0692439381902405e-12,0.0,0,0.0,True,head_on,0.0,0.0,0.0,,,0.0
head_on_0016,head_on,head_on,both_give_way,velocity_obstacle,Velocity obstacle,1107.608311838976,1790.5483539290076,13.061840550308615,9.359451210997296,handysize_bulker,container_feeder,power_driven,moderate,20677.9698733465,-2.0237575358518094,182.50762534875577,1107.6263627036883,3.839407838043884,True,True,False,1.0692439381902405e-12,-1.0692439381902405e-12,0.0,0,0.0,True,head_on,0.0,0.0,0.0,,,0.0
head_on_0016,head_on,head_on,both_give_way,mpc,MPC,1107.608311838976,1790.5483539290076,13.061840550308615,9.359451210997296,handysize_bulker,container_feeder,power_driven,moderate,20677.9698733465,-2.0237575358518094,182.50762534875577,1107.6263627036883,3.839407838043884,True,True,False,1.0692439381902405e-12,-1.0692439381902405e-12,0.0,0,0.0,True,head_on,0.0,0.0,0.0,,,0.0
head_on_0017,head_on,head_on,give_way,no_action,No action (baseline),1395.6266538069676,937.4559523056503,13.336151771817889,8.457613799129769,coastal_tanker,handysize_bulker,fishing,good,10602.442981948143,7.891061611229905,180.842934244348,1395.8982461155856,7.9281120774989295,True,True,False,-5.015003191131242e-13,5.015003191131242e-13,0.0,0,0.0,True,head_on,0.0,0.0,0.0,,,0.0
head_on_0017,head_on,head_on,give_way,rule_based,Rule-based COLREGS,1395.6266538069676,937.4559523056503,13.336151771817889,8.457613799129769,coastal_tanker,handysize_bulker,fishing,good,10602.442981948143,7.891061611229905,180.842934244348,1395.8982461155856,7.9281120774989295,True,True,False,-5.015003191131242e-13,5.015003191131242e-13,0.0,0,0.0,True,head_on,0.0,0.0,0.0,,,0.0
head_on_0017,head_on,head_on,give_way,velocity_obstacle,Velocity obstacle,1395.6266538069676,937.4559523056503,13.336151771817889,8.457613799129769,coastal_tanker,handysize_bulker,fishing,good,10602.442981948143,7.891061611229905,180.842934244348,1395.8982461155856,7.9281120774989295,True,True,False,-5.015003191131242e-13,5.015003191131242e-13,0.0,0,0.0,True,head_on,0.0,0.0,0.0,,,0.0
head_on_0017,head_on,head_on,give_way,mpc,MPC,1395.6266538069676,937.4559523056503,13.336151771817889,8.457613799129769,coastal_tanker,handysize_bulker,fishing,good,10602.442981948143,7.891061611229905,180.842934244348,1395.8982461155856,7.9281120774989295,True,True,False,-5.015003191131242e-13,5.015003191131242e-13,0.0,0,0.0,True,head_on,0.0,0.0,0.0,,,0.0
head_on_0018,head_on,head_on,both_give_way,no_action,No action (baseline),1379.7426573490156,1751.5784077214114,8.745785630140432,8.886695999631309,container_feeder,container_feeder,power_driven,moderate,15948.18835937804,-5.114991997639984,179.698615260493,1379.816942050014,5.748830084730755,True,True,False,-1.7656054254671662e-12,1.7656054254671662e-12,0.0,0,0.0,False,head_on,0.0,0.0,0.0,,,0.0
head_on_0018,head_on,head_on,both_give_way,rule_based,Rule-based COLREGS,1379.7426573490156,1751.5784077214114,8.745785630140432,8.886695999631309,container_feeder,container_feeder,power_driven,moderate,15948.18835937804,-5.114991997639984,179.698615260493,1379.816942050014,5.748830084730755,True,True,False,-1.7656054254671662e-12,1.7656054254671662e-12,0.0,0,0.0,False,head_on,0.0,0.0,0.0,,,0.0
head_on_0018,head_on,head_on,both_give_way,velocity_obstacle,Velocity obstacle,1379.7426573490156,1751.5784077214114,8.745785630140432,8.886695999631309,container_feeder,container_feeder,power_driven,moderate,15948.18835937804,-5.114991997639984,179.698615260493,1379.816942050014,5.748830084730755,True,True,False,-1.7656054254671662e-12,1.7656054254671662e-12,0.0,0,0.0,False,head_on,0.0,0.0,0.0,,,0.0
head_on_0018,head_on,head_on,both_give_way,mpc,MPC,1379.7426573490156,1751.5784077214114,8.745785630140432,8.886695999631309,container_feeder,container_feeder,power_driven,moderate,15948.18835937804,-5.114991997639984,179.698615260493,1379.816942050014,5.748830084730755,True,True,False,-1.7656054254671662e-12,1.7656054254671662e-12,0.0,0,0.0,False,head_on,0.0,0.0,0.0,,,0.0
head_on_0019,head_on,head_on,both_give_way,no_action,No action (baseline),349.29532129151585,626.6556809100106,9.517263582836536,13.653101405295292,handysize_bulker,container_feeder,power_driven,good,7474.656726867122,-0.6821582636228112,183.38770351706378,349.85194248152004,1.21097451225982,False,True,False,-4.547088526027676e-13,4.547088526027676e-13,0.0,0,0.0,True,head_on,0.0,0.0,0.0,,,0.0
head_on_0019,head_on,head_on,both_give_way,rule_based,Rule-based COLREGS,349.29532129151585,626.6556809100106,9.517263582836536,13.653101405295292,handysize_bulker,container_feeder,power_driven,good,7474.656726867122,-0.6821582636228112,183.38770351706378,1944.5201646676333,6.00984217410424,True,True,False,-1.0951765101857731,4.081354198172095,1775.8324929394698,70,36.35040549196736,False,head_on,1.0,1.0,1.0,,,1.0
head_on_0019,head_on,head_on,both_give_way,velocity_obstacle,Velocity obstacle,349.29532129151585,626.6556809100106,9.517263582836536,13.653101405295292,handysize_bulker,container_feeder,power_driven,good,7474.656726867122,-0.6821582636228112,183.38770351706378,1069.0458167304987,3.6466570508378156,True,True,False,-0.2699153611195837,0.8237856819078179,785.7574237347276,49,15.548664688635949,True,head_on,1.0,0.0,1.0,,,0.6666666666666666
head_on_0019,head_on,head_on,both_give_way,mpc,MPC,349.29532129151585,626.6556809100106,9.517263582836536,13.653101405295292,handysize_bulker,container_feeder,power_driven,good,7474.656726867122,-0.6821582636228112,183.38770351706378,1019.1118259891939,3.5182769230014848,True,True,False,-0.5884718599034594,1.0666041400751605,710.6246897401463,78,19.96781514588753,True,head_on,1.0,0.0,1.0,,,0.6666666666666666
head_on_0020,head_on,head_on,both_give_way,no_action,No action (baseline),892.9770836853598,656.4324519408901,9.581715045880639,9.079366020679622,vlcc,coastal_tanker,power_driven,good,6361.7080924982,6.323625318905309,176.41241747497125,893.0828601716499,1.6867415469673188,False,True,False,6.158867056511052e-13,-6.158867056511052e-13,0.0,0,0.0,True,head_on,0.0,0.0,0.0,,,0.0
head_on_0020,head_on,head_on,both_give_way,rule_based,Rule-based COLREGS,892.9770836853598,656.4324519408901,9.581715045880639,9.079366020679622,vlcc,coastal_tanker,power_driven,good,6361.7080924982,6.323625318905309,176.41241747497125,1068.8039790883793,1.5299112671908617,True,True,False,-5.196913568501027,10.69306333642027,2289.555657307456,197,61.62907592257155,True,head_on,1.0,1.0,1.0,,,1.0
head_on_0020,head_on,head_on,both_give_way,velocity_obstacle,Velocity obstacle,892.9770836853598,656.4324519408901,9.581715045880639,9.079366020679622,vlcc,coastal_tanker,power_driven,good,6361.7080924982,6.323625318905309,176.41241747497125,436.0259088596576,0.6850800950710573,False,False,False,-18.294150206918538,22.914150076025475,1977.1367542873609,258,64.59304138440804,True,head_on,1.0,1.0,1.0,,,1.0
head_on_0020,head_on,head_on,both_give_way,mpc,MPC,892.9770836853598,656.4324519408901,9.581715045880639,9.079366020679622,vlcc,coastal_tanker,power_driven,good,6361.7080924982,6.323625318905309,176.41241747497125,1040.3083683445832,1.964928112703581,True,True,False,-1.34073735427493,1.4104130035504736,167.70414264901714,49,10.872453471260945,True,head_on,0.0,0.0,1.0,,,0.3333333333333333
head_on_0021,head_on,head_on,both_give_way,no_action,No action (baseline),34.16385324097027,691.3000444806662,14.775744977763754,9.406799887161124,vlcc,handysize_bulker,power_driven,good,8600.178636076735,-0.058091142565773336,180.4357803933649,37.798689442892794,0.06597104346829662,False,False,True,-6.390203320889404e-13,6.390203320889404e-13,0.0,0,0.0,True,head_on,0.0,0.0,0.0,,,0.0
head_on_0021,head_on,head_on,both_give_way,rule_based,Rule-based COLREGS,34.16385324097027,691.3000444806662,14.775744977763754,9.406799887161124,vlcc,handysize_bulker,power_driven,good,8600.178636076735,-0.058091142565773336,180.4357803933649,2775.466599736784,4.049397935533205,True,True,False,-1.836288867882975,5.101353833821343,2982.1304855485305,84,38.00668431439538,False,head_on,1.0,1.0,1.0,,,1.0
head_on_0021,head_on,head_on,both_give_way,velocity_obstacle,Velocity obstacle,34.16385324097027,691.3000444806662,14.775744977763754,9.406799887161124,vlcc,handysize_bulker,power_driven,good,8600.178636076735,-0.058091142565773336,180.4357803933649,1095.4842963515148,2.0358738075422647,True,True,False,-0.3276553895739407,0.7757634612785539,1099.590049778504,50,16.36300668921689,True,head_on,1.0,0.0,1.0,,,0.6666666666666666
head_on_0021,head_on,head_on,both_give_way,mpc,MPC,34.16385324097027,691.3000444806662,14.775744977763754,9.406799887161124,vlcc,handysize_bulker,power_driven,good,8600.178636076735,-0.058091142565773336,180.4357803933649,1012.1274364332479,1.903552527602029,True,True,False,-0.8674724455565387,1.2529515209766517,1019.280771081592,60,18.208150224979615,True,head_on,1.0,0.0,1.0,,,0.6666666666666666
head_on_0022,head_on,head_on,both_give_way,no_action,No action (baseline),1111.845494816112,1130.897440956603,11.652842449358925,14.052643355987184,handysize_bulker,coastal_tanker,power_driven,moderate,14996.145752166802,3.956405910667934,179.45941931381037,1111.9088298350505,3.860603605852501,True,True,False,2.8697223009634307e-13,-2.8697223009634307e-13,0.0,0,0.0,True,head_on,0.0,0.0,0.0,,,0.0
head_on_0022,head_on,head_on,both_give_way,rule_based,Rule-based COLREGS,1111.845494816112,1130.897440956603,11.652842449358925,14.052643355987184,handysize_bulker,coastal_tanker,power_driven,moderate,14996.145752166802,3.956405910667934,179.45941931381037,1111.9088298350505,3.860603605852501,True,True,False,2.8697223009634307e-13,-2.8697223009634307e-13,0.0,0,0.0,True,head_on,0.0,0.0,0.0,,,0.0
head_on_0022,head_on,head_on,both_give_way,velocity_obstacle,Velocity obstacle,1111.845494816112,1130.897440956603,11.652842449358925,14.052643355987184,handysize_bulker,coastal_tanker,power_driven,moderate,14996.145752166802,3.956405910667934,179.45941931381037,1111.9088298350505,3.860603605852501,True,True,False,2.8697223009634307e-13,-2.8697223009634307e-13,0.0,0,0.0,True,head_on,0.0,0.0,0.0,,,0.0
head_on_0022,head_on,head_on,both_give_way,mpc,MPC,1111.845494816112,1130.897440956603,11.652842449358925,14.052643355987184,handysize_bulker,coastal_tanker,power_driven,moderate,14996.145752166802,3.956405910667934,179.45941931381037,1111.9088298350505,3.860603605852501,True,True,False,2.8697223009634307e-13,-2.8697223009634307e-13,0.0,0,0.0,True,head_on,0.0,0.0,0.0,,,0.0
head_on_0023,head_on,head_on,both_give_way,no_action,No action (baseline),1083.6394346125787,1543.2690553035986,14.553235171817208,12.654697898442642,vlcc,vlcc,power_driven,moderate,21627.382344601145,3.3519114634879283,181.03181120440456,1083.9102231510483,2.051859106199086,True,True,False,-9.731858261491728e-13,9.731858261491728e-13,0.0,0,0.0,True,head_on,0.0,0.0,0.0,,,0.0
head_on_0023,head_on,head_on,both_give_way,rule_based,Rule-based COLREGS,1083.6394346125787,1543.2690553035986,14.553235171817208,12.654697898442642,vlcc,vlcc,power_driven,moderate,21627.382344601145,3.3519114634879283,181.03181120440456,1083.9102231510483,2.051859106199086,True,True,False,-9.731858261491728e-13,9.731858261491728e-13,0.0,0,0.0,True,head_on,0.0,0.0,0.0,,,0.0
head_on_0023,head_on,head_on,both_give_way,velocity_obstacle,Velocity obstacle,1083.6394346125787,1543.2690553035986,14.553235171817208,12.654697898442642,vlcc,vlcc,power_driven,moderate,21627.382344601145,3.3519114634879283,181.03181120440456,1083.9102231510483,2.051859106199086,True,True,False,-9.731858261491728e-13,9.731858261491728e-13,0.0,0,0.0,True,head_on,0.0,0.0,0.0,,,0.0
head_on_0023,head_on,head_on,both_give_way,mpc,MPC,1083.6394346125787,1543.2690553035986,14.553235171817208,12.654697898442642,vlcc,vlcc,power_driven,moderate,21627.382344601145,3.3519114634879283,181.03181120440456,1083.9102231510483,2.051859106199086,True,True,False,-9.731858261491728e-13,9.731858261491728e-13,0.0,0,0.0,True,head_on,0.0,0.0,0.0,,,0.0
head_on_0024,head_on,head_on,give_way,no_action,No action (baseline),454.91463058947346,934.409224881477,13.068645275261286,9.309531749173276,coastal_tanker,vlcc,not_under_command,good,10763.71056722431,-1.255283017804921,182.80526831848317,454.9654387634789,2.5792273183918835,False,True,False,-1.0686871925786298e-12,1.0686871925786298e-12,0.0,0,0.0,True,head_on,0.0,0.0,0.0,,,0.0
head_on_0024,head_on,head_on,give_way,rule_based,Rule-based COLREGS,454.91463058947346,934.409224881477,13.068645275261286,9.309531749173276,coastal_tanker,vlcc,not_under_command,good,10763.71056722431,-1.255283017804921,182.80526831848317,3796.8805741978404,17.55692962876814,True,True,False,-0.1807405024499303,4.2954324294622985,3339.8853381122053,54,34.999999714415566,False,head_on,1.0,1.0,1.0,,,1.0
head_on_0024,head_on,head_on,give_way,velocity_obstacle,Velocity obstacle,454.91463058947346,934.409224881477,13.068645275261286,9.309531749173276,coastal_tanker,vlcc,not_under_command,good,10763.71056722431,-1.255283017804921,182.80526831848317,1082.9754877983985,6.151929904756962,True,True,False,-0.018670493029311806,0.16129475030215007,638.1110278192212,28,9.861793372483422,True,head_on,1.0,0.0,1.0,,,0.6666666666666666
head_on_0024,head_on,head_on,give_way,mpc,MPC,454.91463058947346,934.409224881477,13.068645275261286,9.309531749173276,coastal_tanker,vlcc,not_under_command,good,10763.71056722431,-1.255283017804921,182.80526831848317,1078.6745312397948,6.113825025363084,True,True,False,-0.0666462036729499,0.44151068776486585,621.3558312529858,42,19.936262731177827,True,head_on,1.0,0.0,1.0,,,0.6666666666666666
head_on_0025,head_on,head_on,both_give_way,no_action,No action (baseline),144.82027421947197,1421.601475243643,13.929978754519984,13.363993879945243,vlcc,vlcc,power_driven,good,19957.948919173745,-0.6518301772059473,177.81960553191578,146.55504028669012,0.27514843231086106,False,False,True,1.24266779725432e-12,-1.24266779725432e-12,0.0,0,0.0,True,head_on,0.0,0.0,0.0,,,0.0
head_on_0025,head_on,head_on,both_give_way,rule_based,Rule-based COLREGS,144.82027421947197,1421.601475243643,13.929978754519984,13.363993879945243,vlcc,vlcc,power_driven,good,19957.948919173745,-0.6518301772059473,177.81960553191578,3301.668448205879,5.012527419110789,True,True,False,-2.0190033179974884,6.381051340888341,3707.781820563221,86,38.33727374512466,False,head_on,1.0,1.0,1.0,,,1.0
head_on_0025,head_on,head_on,both_give_way,velocity_obstacle,Velocity obstacle,144.82027421947197,1421.601475243643,13.929978754519984,13.363993879945243,vlcc,vlcc,power_driven,good,19957.948919173745,-0.6518301772059473,177.81960553191578,1096.0076435402143,2.0629274788526466,True,True,False,-0.16944467715160522,0.5596042004792932,1256.5183210952734,23,11.033951196402407,True,head_on,1.0,0.0,1.0,,,0.6666666666666666
head_on_0025,head_on,head_on,both_give_way,mpc,MPC,144.82027421947197,1421.601475243643,13.929978754519984,13.363993879945243,vlcc,vlcc,power_driven,good,19957.948919173745,-0.6518301772059473,177.81960553191578,1016.3358948928897,1.9148073831869854,True,True,False,-1.1640875815526057,1.5492612825171412,1224.2191520759677,59,12.833485781199984,True,head_on,1.0,0.0,1.0,,,0.6666666666666666
head_on_0026,head_on,head_on,give_way,no_action,No action (baseline),168.4350852238838,657.7954743963224,13.931229669592806,15.93555332902793,vlcc,container_feeder,not_under_command,good,10103.649459411843,-2.814167852307733,176.51595788777857,171.80407783170332,0.31862669313108305,False,False,True,1.8214744521795273e-12,-1.8214744521795273e-12,0.0,0,0.0,True,head_on,0.0,0.0,0.0,,,0.0
head_on_0026,head_on,head_on,give_way,rule_based,Rule-based COLREGS,168.4350852238838,657.7954743963224,13.931229669592806,15.93555332902793,vlcc,container_feeder,not_under_command,good,10103.649459411843,-2.814167852307733,176.51595788777857,2558.85777037413,3.9663090134308527,True,True,False,-2.0208056704584227,5.2008608459270045,2742.414998140112,86,38.3367557568307,False,head_on,1.0,1.0,1.0,,,1.0
head_on_0026,head_on,head_on,give_way,velocity_obstacle,Velocity obstacle,168.4350852238838,657.7954743963224,13.931229669592806,15.93555332902793,vlcc,container_feeder,not_under_command,good,10103.649459411843,-2.814167852307733,176.51595788777857,1094.2130758242852,2.0213762781765086,True,True,False,-0.3640780266458375,0.7799907674895212,975.3237434310536,51,16.55572677835601,True,head_on,1.0,0.0,1.0,,,0.6666666666666666
head_on_0026,head_on,head_on,give_way,mpc,MPC,168.4350852238838,657.7954743963224,13.931229669592806,15.93555332902793,vlcc,container_feeder,not_under_command,good,10103.649459411843,-2.814167852307733,176.51595788777857,1000.3851395007915,1.8586157542487258,True,True,False,-3.7242357025412174,4.223203469893722,1048.0627745432027,147,21.931528779051217,True,head_on,1.0,0.0,1.0,,,0.6666666666666666
head_on_0027,head_on,head_on,both_give_way,no_action,No action (baseline),1265.8246264377613,1219.9017376219601,8.995342468231907,11.829718547814801,vlcc,vlcc,power_driven,good,13125.15740115864,-3.6732330796049943,183.27622212597518,1265.8250638308405,2.393566702626978,True,True,False,1.2245968857639988e-12,-1.2245968857639988e-12,0.0,0,0.0,True,head_on,0.0,0.0,0.0,,,0.0
head_on_0027,head_on,head_on,both_give_way,rule_based,Rule-based COLREGS,1265.8246264377613,1219.9017376219601,8.995342468231907,11.829718547814801,vlcc,vlcc,power_driven,good,13125.15740115864,-3.6732330796049943,183.27622212597518,1265.8250638308405,2.393566702626978,True,True,False,1.2245968857639988e-12,-1.2245968857639988e-12,0.0,0,0.0,True,head_on,0.0,0.0,0.0,,,0.0
head_on_0027,head_on,head_on,both_give_way,velocity_obstacle,Velocity obstacle,1265.8246264377613,1219.9017376219601,8.995342468231907,11.829718547814801,vlcc,vlcc,power_driven,good,13125.15740115864,-3.6732330796049943,183.27622212597518,1265.8250638308405,2.393566702626978,True,True,False,1.2245968857639988e-12,-1.2245968857639988e-12,0.0,0,0.0,True,head_on,0.0,0.0,0.0,,,0.0
head_on_0027,head_on,head_on,both_give_way,mpc,MPC,1265.8246264377613,1219.9017376219601,8.995342468231907,11.829718547814801,vlcc,vlcc,power_driven,good,13125.15740115864,-3.6732330796049943,183.27622212597518,1265.8250638308405,2.393566702626978,True,True,False,1.2245968857639988e-12,-1.2245968857639988e-12,0.0,0,0.0,True,head_on,0.0,0.0,0.0,,,0.0
head_on_0028,head_on,head_on,both_give_way,no_action,No action (baseline),1485.7417520713193,1470.8315284385903,11.709785319848393,10.28537890881346,handysize_bulker,handysize_bulker,power_driven,good,16709.026335865114,-5.224350724940348,179.7370561155019,1485.7715444764435,5.158762097454384,True,True,False,3.359726219228676e-13,-3.359726219228676e-13,0.0,0,0.0,False,head_on,0.0,0.0,0.0,,,0.0
head_on_0028,head_on,head_on,both_give_way,rule_based,Rule-based COLREGS,1485.7417520713193,1470.8315284385903,11.709785319848393,10.28537890881346,handysize_bulker,handysize_bulker,power_driven,good,16709.026335865114,-5.224350724940348,179.7370561155019,1485.7715444764435,5.158762097454384,True,True,False,3.359726219228676e-13,-3.359726219228676e-13,0.0,0,0.0,False,head_on,0.0,0.0,0.0,,,0.0
head_on_0028,head_on,head_on,both_give_way,velocity_obstacle,Velocity obstacle,1485.7417520713193,1470.8315284385903,11.709785319848393,10.28537890881346,handysize_bulker,handysize_bulker,power_driven,good,16709.026335865114,-5.224350724940348,179.7370561155019,1485.7715444764435,5.158762097454384,True,True,False,3.359726219228676e-13,-3.359726219228676e-13,0.0,0,0.0,False,head_on,0.0,0.0,0.0,,,0.0
head_on_0028,head_on,head_on,both_give_way,mpc,MPC,1485.7417520713193,1470.8315284385903,11.709785319848393,10.28537890881346,handysize_bulker,handysize_bulker,power_driven,good,16709.026335865114,-5.224350724940348,179.7370561155019,1485.7715444764435,5.158762097454384,True,True,False,3.359726219228676e-13,-3.359726219228676e-13,0.0,0,0.0,False,head_on,0.0,0.0,0.0,,,0.0
head_on_0029,head_on,head_on,both_give_way,no_action,No action (baseline),35.93359649825295,1171.9544414557474,12.087735828681353,13.700241610707844,coastal_tanker,vlcc,power_driven,restricted,15547.485881653125,0.22471136526051114,180.6722339580102,44.31129106390962,0.21315364043812676,False,False,True,-7.811224199778125e-13,7.811224199778125e-13,0.0,0,0.0,True,head_on,0.0,0.0,0.0,,,0.0
head_on_0029,head_on,head_on,both_give_way,rule_based,Rule-based COLREGS,35.93359649825295,1171.9544414557474,12.087735828681353,13.700241610707844,coastal_tanker,vlcc,power_driven,restricted,15547.485881653125,0.22471136526051114,180.6722339580102,3191.4686338439055,15.316339961549334,True,True,False,-0.197131227956721,4.485898108627824,3213.021499570058,54,34.999999873206484,False,head_on,1.0,1.0,1.0,,,1.0
head_on_0029,head_on,head_on,both_give_way,velocity_obstacle,Velocity obstacle,35.93359649825295,1171.9544414557474,12.087735828681353,13.700241610707844,coastal_tanker,vlcc,power_driven,restricted,15547.485881653125,0.22471136526051114,180.6722339580102,1081.7067711726568,6.14344837042074,True,True,False,-0.02065871778596952,0.38600087593576965,1053.6904156343114,28,9.999999835398269,True,head_on,1.0,0.0,1.0,,,0.6666666666666666
head_on_0029,head_on,head_on,both_give_way,mpc,MPC,35.93359649825295,1171.9544414557474,12.087735828681353,13.700241610707844,coastal_tanker,vlcc,power_driven,restricted,15547.485881653125,0.22471136526051114,180.6722339580102,1028.1227809562845,5.8397267469923175,True,True,False,-0.2436058016626869,0.6133435564784131,991.2883659451652,32,9.999999986974192,True,head_on,1.0,0.0,1.0,,,0.6666666666666666
head_on_0030,head_on,head_on,both_give_way,no_action,No action (baseline),1439.5753201341593,1229.316479523447,14.98193071952814,12.012851447061738,handysize_bulker,vlcc,power_driven,good,17132.430165422873,4.681013280210276,179.68759002707404,1439.606614582773,4.998439797597806,True,True,False,8.534309687162037e-13,-8.534309687162037e-13,0.0,0,0.0,False,head_on,0.0,0.0,0.0,,,0.0
head_on_0030,head_on,head_on,both_give_way,rule_based,Rule-based COLREGS,1439.5753201341593,1229.316479523447,14.98193071952814,12.012851447061738,handysize_bulker,vlcc,power_driven,good,17132.430165422873,4.681013280210276,179.68759002707404,1439.606614582773,4.998439797597806,True,True,False,8.534309687162037e-13,-8.534309687162037e-13,0.0,0,0.0,False,head_on,0.0,0.0,0.0,,,0.0
head_on_0030,head_on,head_on,both_give_way,velocity_obstacle,Velocity obstacle,1439.5753201341593,1229.316479523447,14.98193071952814,12.012851447061738,handysize_bulker,vlcc,power_driven,good,17132.430165422873,4.681013280210276,179.68759002707404,1439.606614582773,4.998439797597806,True,True,False,8.534309687162037e-13,-8.534309687162037e-13,0.0,0,0.0,False,head_on,0.0,0.0,0.0,,,0.0
head_on_0030,head_on,head_on,both_give_way,mpc,MPC,1439.5753201341593,1229.316479523447,14.98193071952814,12.012851447061738,handysize_bulker,vlcc,power_driven,good,17132.430165422873,4.681013280210276,179.68759002707404,1439.606614582773,4.998439797597806,True,True,False,8.534309687162037e-13,-8.534309687162037e-13,0.0,0,0.0,False,head_on,0.0,0.0,0.0,,,0.0
head_on_0031,head_on,head_on,both_give_way,no_action,No action (baseline),507.89802177836754,1650.952116390214,8.024427710641717,11.295122339213073,container_feeder,coastal_tanker,power_driven,good,16414.715302742443,0.7992653451651378,178.33432435652867,507.9861505379913,2.1154749847617205,False,True,False,-1.3727668526901721e-12,1.3727668526901721e-12,0.0,0,0.0,True,head_on,0.0,0.0,0.0,,,0.0
head_on_0031,head_on,head_on,both_give_way,rule_based,Rule-based COLREGS,507.89802177836754,1650.952116390214,8.024427710641717,11.295122339213073,container_feeder,coastal_tanker,power_driven,good,16414.715302742443,0.7992653451651378,178.33432435652867,1532.1525044504967,5.4797823205525855,True,True,False,-0.9328471850039612,5.370971359668305,2186.4784371381497,66,35.58707168674554,True,head_on,1.0,1.0,1.0,,,1.0
head_on_0031,head_on,head_on,both_give_way,velocity_obstacle,Velocity obstacle,507.89802177836754,1650.952116390214,8.024427710641717,11.295122339213073,container_feeder,coastal_tanker,power_driven,good,16414.715302742443,0.7992653451651378,178.33432435652867,36.556143953538246,0.12539683848807948,False,False,True,-13.551291879224275,15.866345958401473,1002.3521394633082,289,63.003712490256724,True,head_on,1.0,1.0,1.0,,,1.0
head_on_0031,head_on,head_on,both_give_way,mpc,MPC,507.89802177836754,1650.952116390214,8.024427710641717,11.295122339213073,container_feeder,coastal_tanker,power_driven,good,16414.715302742443,0.7992653451651378,178.33432435652867,1029.4200976431014,4.129805558772248,True,True,False,-6.42099137152764,7.505582043347635,538.7891935538823,187,28.599465404750365,True,head_on,0.0,0.0,1.0,,,0.3333333333333333
head_on_0032,head_on,head_on,both_give_way,no_action,No action (baseline),109.01653385790743,1491.731813677492,11.888328426255889,9.870219770056462,coastal_tanker,container_feeder,power_driven,good,16696.71940342951,0.3093748385677951,181.50670329678977,110.72635147224591,0.6222492285654377,False,False,True,-2.81287836670831e-13,2.81287836670831e-13,0.0,0,0.0,True,head_on,0.0,0.0,0.0,,,0.0
head_on_0032,head_on,head_on,both_give_way,rule_based,Rule-based COLREGS,109.01653385790743,1491.731813677492,11.888328426255889,9.870219770056462,coastal_tanker,container_feeder,power_driven,good,16696.71940342951,0.3093748385677951,181.50670329678977,3196.0254300688753,14.764369975952928,True,True,False,-0.20531396027118598,4.418329803853738,3106.8514878030587,54,34.99999982768394,False,head_on,1.0,1.0,1.0,,,1.0
head_on_0032,head_on,head_on,both_give_way,velocity_obstacle,Velocity obstacle,109.01653385790743,1491.731813677492,11.888328426255889,9.870219770056462,coastal_tanker,container_feeder,power_driven,good,16696.71940342951,0.3093748385677951,181.50670329678977,1082.0781255020443,6.147840532563046,True,True,False,-0.021133374389977366,0.3479569413087911,980.8559310782772,30,9.999997233509152,True,head_on,1.0,0.0,1.0,,,0.6666666666666666
head_on_0032,head_on,head_on,both_give_way,mpc,MPC,109.01653385790743,1491.731813677492,11.888328426255889,9.870219770056462,coastal_tanker,container_feeder,power_driven,good,16696.71940342951,0.3093748385677951,181.50670329678977,1024.1549547184388,5.814190432888261,True,True,False,-0.26541079149810626,0.6108798885059951,913.3269738089641,32,9.999999963031078,True,head_on,1.0,0.0,1.0,,,0.6666666666666666
head_on_0033,head_on,head_on,give_way,no_action,No action (baseline),1147.8408786940315,1727.4740226364856,9.971082661094883,13.62842648324807,coastal_tanker,coastal_tanker,not_under_command,good,21000.955066276998,-1.9871711453975691,181.9844021584295,1148.2336837442065,6.518164950162446,True,True,False,-1.163945166122267e-12,1.163945166122267e-12,0.0,0,0.0,True,head_on,0.0,0.0,0.0,,,0.0
head_on_0033,head_on,head_on,give_way,rule_based,Rule-based COLREGS,1147.8408786940315,1727.4740226364856,9.971082661094883,13.62842648324807,coastal_tanker,coastal_tanker,not_under_command,good,21000.955066276998,-1.9871711453975691,181.9844021584295,1148.2336837442065,6.518164950162446,True,True,False,-1.163945166122267e-12,1.163945166122267e-12,0.0,0,0.0,True,head_on,0.0,0.0,0.0,,,0.0
head_on_0033,head_on,head_on,give_way,velocity_obstacle,Velocity obstacle,1147.8408786940315,1727.4740226364856,9.971082661094883,13.62842648324807,coastal_tanker,coastal_tanker,not_under_command,good,21000.955066276998,-1.9871711453975691,181.9844021584295,1148.2336837442065,6.518164950162446,True,True,False,-1.163945166122267e-12,1.163945166122267e-12,0.0,0,0.0,True,head_on,0.0,0.0,0.0,,,0.0
head_on_0033,head_on,head_on,give_way,mpc,MPC,1147.8408786940315,1727.4740226364856,9.971082661094883,13.62842648324807,coastal_tanker,coastal_tanker,not_under_command,good,21000.955066276998,-1.9871711453975691,181.9844021584295,1148.2336837442065,6.518164950162446,True,True,False,-1.163945166122267e-12,1.163945166122267e-12,0.0,0,0.0,True,head_on,0.0,0.0,0.0,,,0.0
head_on_0034,head_on,head_on,both_give_way,no_action,No action (baseline),921.6233933616079,846.7046155368741,14.33701584327169,14.001293583092119,coastal_tanker,vlcc,power_driven,good,12375.14892287635,-5.495677339820863,177.52124344983392,921.9582138954485,5.2299556432206105,False,True,False,-1.2073876602990923e-12,1.2073876602990923e-12,0.0,0,0.0,True,head_on,0.0,0.0,0.0,,,0.0
head_on_0034,head_on,head_on,both_give_way,rule_based,Rule-based COLREGS,921.6233933616079,846.7046155368741,14.33701584327169,14.001293583092119,coastal_tanker,vlcc,power_driven,good,12375.14892287635,-5.495677339820863,177.52124344983392,4399.782760704328,20.148460186050997,True,True,False,-0.18649357236491404,4.157409331655984,3536.0442124529372,52,34.99999947652262,False,head_on,1.0,1.0,1.0,,,1.0
head_on_0034,head_on,head_on,both_give_way,velocity_obstacle,Velocity obstacle,921.6233933616079,846.7046155368741,14.33701584327169,14.001293583092119,coastal_tanker,vlcc,power_driven,good,12375.14892287635,-5.495677339820863,177.52124344983392,1095.511014627856,6.213458956455521,True,True,False,-0.008358352184609863,0.03206616402404956,173.52328000986122,14,4.985607879254142,True,head_on,0.0,0.0,1.0,,,0.3333333333333333
head_on_0034,head_on,head_on,both_give_way,mpc,MPC,921.6233933616079,846.7046155368741,14.33701584327169,14.001293583092119,coastal_tanker,vlcc,power_driven,good,12375.14892287635,-5.495677339820863,177.52124344983392,1033.0553302698756,5.860310520071662,True,True,False,-0.04713046776157626,0.07153219381009536,111.51810731080808,21,9.652353828198706,True,head_on,1.0,0.0,1.0,,,0.6666666666666666
head_on_0035,head_on,head_on,both_give_way,no_action,No action (baseline),493.1368947214415,999.0534363544616,8.623888362689843,9.372699289856872,container_feeder,vlcc,power_driven,moderate,9262.530970104111,3.309241491493989,180.49418335069873,493.21475519176056,2.054900998224553,False,True,False,1.2089144528670751e-12,-1.2089144528670751e-12,0.0,0,0.0,True,head_on,0.0,0.0,0.0,,,0.0
head_on_0035,head_on,head_on,both_give_way,rule_based,Rule-based COLREGS,493.1368947214415,999.0534363544616,8.623888362689843,9.372699289856872,container_feeder,vlcc,power_driven,moderate,9262.530970104111,3.309241491493989,180.49418335069873,1729.4718709417232,6.038081994779676,True,True,False,-0.8242808446060911,5.292189195473245,2365.6817755247444,64,35.302246893950944,True,head_on,1.0,1.0,1.0,,,1.0
head_on_0035,head_on,head_on,both_give_way,velocity_obstacle,Velocity obstacle,493.1368947214415,999.0534363544616,8.623888362689843,9.372699289856872,container_feeder,vlcc,power_driven,moderate,9262.530970104111,3.309241491493989,180.49418335069873,17.808075507006773,0.07017983883201367,False,False,True,-11.740623647806913,13.073072629916481,874.4215985488008,258,51.03097057422177,True,head_on,1.0,1.0,1.0,,,1.0
head_on_0035,head_on,head_on,both_give_way,mpc,MPC,493.1368947214415,999.0534363544616,8.623888362689843,9.372699289856872,container_feeder,vlcc,power_driven,moderate,9262.530970104111,3.309241491493989,180.49418335069873,1020.6807955092436,3.395426867981165,True,True,False,-5.293146952666543,8.933549611142475,1599.6797359765383,213,49.78912695985193,True,head_on,1.0,1.0,1.0,,,1.0
head_on_0036,head_on,head_on,both_give_way,no_action,No action (baseline),184.0402734408846,868.031067109901,13.413658520982764,15.206455925370555,vlcc,vlcc,power_driven,good,12781.743142291662,0.8077611629496401,179.96753158331094,186.30945571107875,0.3492400737978791,False,False,True,-7.039094850806079e-13,7.039094850806079e-13,0.0,0,0.0,True,head_on,0.0,0.0,0.0,,,0.0
head_on_0036,head_on,head_on,both_give_way,rule_based,Rule-based COLREGS,184.0402734408846,868.031067109901,13.413658520982764,15.206455925370555,vlcc,vlcc,power_driven,good,12781.743142291662,0.8077611629496401,179.96753158331094,3000.92687859083,4.772375503665003,True,True,False,-2.1426154363871825,6.346792976333397,3446.372749612382,90,38.53902678780822,False,head_on,1.0,1.0,1.0,,,1.0
head_on_0036,head_on,head_on,both_give_way,velocity_obstacle,Velocity obstacle,184.0402734408846,868.031067109901,13.413658520982764,15.206455925370555,vlcc,vlcc,power_driven,good,12781.743142291662,0.8077611629496401,179.96753158331094,1097.5171278230905,2.0607849655944186,True,True,False,-0.592865819249584,1.2131575308887432,1309.1086751629148,45,15.669569221163858,True,head_on,1.0,0.0,1.0,,,0.6666666666666666
head_on_0036,head_on,head_on,both_give_way,mpc,MPC,184.0402734408846,868.031067109901,13.413658520982764,15.206455925370555,vlcc,vlcc,power_driven,good,12781.743142291662,0.8077611629496401,179.96753158331094,1004.8304338101915,1.893636008281063,True,True,False,-1.43183572993556,1.989411787988832,1262.6907638232158,73,19.73718647900353,True,head_on,1.0,0.0,1.0,,,0.6666666666666666
head_on_0037,head_on,head_on,give_way,no_action,No action (baseline),855.9449875298503,1596.1843729547154,8.954326294277987,14.91847524490996,handysize_bulker,container_feeder,fishing,good,19621.493838799517,-2.0976924412793725,180.6440936884068,856.0685653595918,2.9721454070449584,False,True,False,3.734554755717112e-13,-3.734554755717112e-13,0.0,0,0.0,True,head_on,0.0,0.0,0.0,,,0.0
head_on_0037,head_on,head_on,give_way,rule_based,Rule-based COLREGS,855.9449875298503,1596.1843729547154,8.954326294277987,14.91847524490996,handysize_bulker,container_feeder,fishing,good,19621.493838799517,-2.0976924412793725,180.6440936884068,3072.0107300284385,9.51707013534028,True,True,False,-1.2124452539352528,5.5017893272524105,2355.046430740646,74,36.699682276237404,False,head_on,1.0,1.0,1.0,,,1.0
head_on_0037,head_on,head_on,give_way,velocity_obstacle,Velocity obstacle,855.9449875298503,1596.1843729547154,8.954326294277987,14.91847524490996,handysize_bulker,container_feeder,fishing,good,19621.493838799517,-2.0976924412793725,180.6440936884068,1089.0468809409401,3.779961078429717,True,True,False,-0.03601730379139676,0.09410044769156045,234.45398704013627,6,5.231787743347508,True,head_on,1.0,0.0,1.0,,,0.6666666666666666
head_on_0037,head_on,head_on,give_way,mpc,MPC,855.9449875298503,1596.1843729547154,8.954326294277987,14.91847524490996,handysize_bulker,container_feeder,fishing,good,19621.493838799517,-2.0976924412793725,180.6440936884068,1041.282903910494,3.615274606550609,True,True,False,-1.022511397101667,1.1121705335758567,185.9285575132705,61,15.02557567169856,True,head_on,1.0,0.0,1.0,,,0.6666666666666666
head_on_0038,head_on,head_on,both_give_way,no_action,No action (baseline),552.1554391557388,1726.0851006844077,15.576300853041896,10.835711166741824,coastal_tanker,handysize_bulker,power_driven,good,23459.687582470317,1.3982716140177067,180.12093277293766,552.3522507699647,3.137336132392939,False,True,False,-6.18806089924291e-13,6.061773942115504e-13,0.0,0,0.0,True,head_on,0.0,0.0,0.0,,,0.0
head_on_0038,head_on,head_on,both_give_way,rule_based,Rule-based COLREGS,552.1554391557388,1726.0851006844077,15.576300853041896,10.835711166741824,coastal_tanker,handysize_bulker,power_driven,good,23459.687582470317,1.3982716140177067,180.12093277293766,3534.3235050012677,15.807113336614261,True,True,False,-0.19623009864801835,4.474468525676801,4116.084120295671,50,34.99999986466489,False,head_on,1.0,1.0,1.0,,,1.0
head_on_0038,head_on,head_on,both_give_way,velocity_obstacle,Velocity obstacle,552.1554391557388,1726.0851006844077,15.576300853041896,10.835711166741824,coastal_tanker,handysize_bulker,power_driven,good,23459.687582470317,1.3982716140177067,180.12093277293766,1078.7504612987605,4.680063416466452,True,True,False,-2.3013381607423486,3.6680380966897883,1786.3270328969866,245,39.08921291514795,True,head_on,1.0,1.0,1.0,,,1.0
head_on_0038,head_on,head_on,both_give_way,mpc,MPC,552.1554391557388,1726.0851006844077,15.576300853041896,10.835711166741824,coastal_tanker,handysize_bulker,power_driven,good,23459.687582470317,1.3982716140177067,180.12093277293766,1028.7836065824586,4.830725004306588,True,True,False,-3.2652386747928195,4.383295927210695,1708.4819612676636,228,32.45995891190742,True,head_on,1.0,1.0,1.0,,,1.0
head_on_0039,head_on,head_on,both_give_way,no_action,No action (baseline),471.84471408521625,1618.2943836603858,8.149738906634632,13.507794499336892,coastal_tanker,vlcc,power_driven,good,18036.55530549179,-1.4735055501288916,180.04096496294898,472.2272325684092,2.681259257944488,False,True,False,-1.3033855154210666e-12,1.3033855154210666e-12,0.0,0,0.0,True,head_on,0.0,0.0,0.0,,,0.0
head_on_0039,head_on,head_on,both_give_way,rule_based,Rule-based COLREGS,471.84471408521625,1618.2943836603858,8.149738906634632,13.507794499336892,coastal_tanker,vlcc,power_driven,good,18036.55530549179,-1.4735055501288916,180.04096496294898,2564.441108281408,12.946445047910522,True,True,False,-0.4081341826453528,4.738189616061295,2180.7176325990054,54,34.99999997920608,False,head_on,1.0,1.0,1.0,,,1.0
head_on_0039,head_on,head_on,both_give_way,velocity_obstacle,Velocity obstacle,471.84471408521625,1618.2943836603858,8.149738906634632,13.507794499336892,coastal_tanker,vlcc,power_driven,good,18036.55530549179,-1.4735055501288916,180.04096496294898,1078.0167477138314,6.121515616052348,True,True,False,-0.0377515445652587,0.31267910116922015,612.305367075061,31,9.99995651240015,True,head_on,1.0,0.0,1.0,,,0.6666666666666666
head_on_0039,head_on,head_on,both_give_way,mpc,MPC,471.84471408521625,1618.2943836603858,8.149738906634632,13.507794499336892,coastal_tanker,vlcc,power_driven,good,18036.55530549179,-1.4735055501288916,180.04096496294898,1055.5635520610954,5.996794350190486,True,True,False,-0.28835150310961055,0.6183317725122589,583.5244875093382,50,13.63725955437912,True,head_on,1.0,0.0,1.0,,,0.6666666666666666
head_on_0040,head_on,head_on,both_give_way,no_action,No action (baseline),1358.8317527309994,1221.817692389474,8.266297994085384,13.266340558356479,handysize_bulker,coastal_tanker,power_driven,moderate,13599.238669639128,7.341163397737212,182.60762532243265,1358.9808534984968,4.714398944594468,True,True,False,-7.495874772762036e-13,7.495874772762036e-13,0.0,0,0.0,True,head_on,0.0,0.0,0.0,,,0.0
head_on_0040,head_on,head_on,both_give_way,rule_based,Rule-based COLREGS,1358.8317527309994,1221.817692389474,8.266297994085384,13.266340558356479,handysize_bulker,coastal_tanker,power_driven,moderate,13599.238669639128,7.341163397737212,182.60762532243265,1358.9808534984968,4.714398944594468,True,True,False,-7.495874772762036e-13,7.495874772762036e-13,0.0,0,0.0,True,head_on,0.0,0.0,0.0,,,0.0
head_on_0040,head_on,head_on,both_give_way,velocity_obstacle,Velocity obstacle,1358.8317527309994,1221.817692389474,8.266297994085384,13.266340558356479,handysize_bulker,coastal_tanker,power_driven,moderate,13599.238669639128,7.341163397737212,182.60762532243265,1358.9808534984968,4.714398944594468,True,True,False,-7.495874772762036e-13,7.495874772762036e-13,0.0,0,0.0,True,head_on,0.0,0.0,0.0,,,0.0
head_on_0040,head_on,head_on,both_give_way,mpc,MPC,1358.8317527309994,1221.817692389474,8.266297994085384,13.266340558356479,handysize_bulker,coastal_tanker,power_driven,moderate,13599.238669639128,7.341163397737212,182.60762532243265,1358.9808534984968,4.714398944594468,True,True,False,-7.495874772762036e-13,7.495874772762036e-13,0.0,0,0.0,True,head_on,0.0,0.0,0.0,,,0.0
head_on_0041,head_on,head_on,both_give_way,no_action,No action (baseline),205.9674407825368,968.5303261825454,13.644428039740434,14.448007759929155,vlcc,vlcc,power_driven,good,13998.575689280582,-0.5828493064122541,180.50592810950852,207.05966194502898,0.3902737627027358,False,False,True,1.1821738357137222e-12,-1.1821738357137222e-12,0.0,0,0.0,True,head_on,0.0,0.0,0.0,,,0.0
head_on_0041,head_on,head_on,both_give_way,rule_based,Rule-based COLREGS,205.9674407825368,968.5303261825454,13.644428039740434,14.448007759929155,vlcc,vlcc,power_driven,good,13998.575689280582,-0.5828493064122541,180.50592810950852,3568.716076594419,5.640276544271037,True,True,False,-2.085766276391797,6.393764899559236,3588.657714979951,88,38.448795710769694,False,head_on,1.0,1.0,1.0,,,1.0
head_on_0041,head_on,head_on,both_give_way,velocity_obstacle,Velocity obstacle,205.9674407825368,968.5303261825454,13.644428039740434,14.448007759929155,vlcc,vlcc,power_driven,good,13998.575689280582,-0.5828493064122541,180.50592810950852,1097.4035984145821,2.0750957172725153,True,True,False,-0.17801062678410048,0.44743953012803034,905.4612167871968,24,11.081110081810365,True,head_on,1.0,0.0,1.0,,,0.6666666666666666
head_on_0041,head_on,head_on,both_give_way,mpc,MPC,205.9674407825368,968.5303261825454,13.644428039740434,14.448007759929155,vlcc,vlcc,power_driven,good,13998.575689280582,-0.5828493064122541,180.50592810950852,1035.1784599559767,1.960429604048434,True,True,False,-1.5049414888953536,1.7914295007969454,827.1990757781584,69,15.581695245058922,True,head_on,1.0,0.0,1.0,,,0.6666666666666666
head_on_0042,head_on,head_on,both_give_way,no_action,No action (baseline),1309.172792830314,777.9561137376809,10.34520567879288,8.206860025739118,coastal_tanker,container_feeder,power_driven,moderate,7539.3341342878975,9.881322077564677,179.73205051920746,1309.3181115196412,7.438349861222363,True,True,False,-6.655056406683489e-13,6.655056406683489e-13,0.0,0,0.0,True,head_on,0.0,0.0,0.0,,,0.0
head_on_0042,head_on,head_on,both_give_way,rule_based,Rule-based COLREGS,1309.172792830314,777.9561137376809,10.34520567879288,8.206860025739118,coastal_tanker,container_feeder,power_driven,moderate,7539.3341342878975,9.881322077564677,179.73205051920746,1309.3181115196412,7.438349861222363,True,True,False,-6.655056406683489e-13,6.655056406683489e-13,0.0,0,0.0,True,head_on,0.0,0.0,0.0,,,0.0
head_on_0042,head_on,head_on,both_give_way,velocity_obstacle,Velocity obstacle,1309.172792830314,777.9561137376809,10.34520567879288,8.206860025739118,coastal_tanker,container_feeder,power_driven,moderate,7539.3341342878975,9.881322077564677,179.73205051920746,1309.3181115196412,7.438349861222363,True,True,False,-6.655056406683489e-13,6.655056406683489e-13,0.0,0,0.0,True,head_on,0.0,0.0,0.0,,,0.0
head_on_0042,head_on,head_on,both_give_way,mpc,MPC,1309.172792830314,777.9561137376809,10.34520567879288,8.206860025739118,coastal_tanker,container_feeder,power_driven,moderate,7539.3341342878975,9.881322077564677,179.73205051920746,1309.3181115196412,7.438349861222363,True,True,False,-6.655056406683489e-13,6.655056406683489e-13,0.0,0,0.0,True,head_on,0.0,0.0,0.0,,,0.0
head_on_0043,head_on,head_on,both_give_way,no_action,No action (baseline),703.8906110473715,1300.3943822611575,9.05075924879785,12.739094356152322,handysize_bulker,handysize_bulker,power_driven,good,14586.960260330268,-0.655752992279761,183.60912566174173,703.9044805946188,2.4397369434708027,False,True,False,1.7387125954481302e-13,-1.7387125954481302e-13,0.0,0,0.0,True,head_on,0.0,0.0,0.0,,,0.0
head_on_0043,head_on,head_on,both_give_way,rule_based,Rule-based COLREGS,703.8906110473715,1300.3943822611575,9.05075924879785,12.739094356152322,handysize_bulker,handysize_bulker,power_driven,good,14586.960260330268,-0.655752992279761,183.60912566174173,2953.442867064927,9.11945111446548,True,True,False,-1.191248872250815,5.4311859808480945,2354.1986485336847,72,36.638614494569026,False,head_on,1.0,1.0,1.0,,,1.0
head_on_0043,head_on,head_on,both_give_way,velocity_obstacle,Velocity obstacle,703.8906110473715,1300.3943822611575,9.05075924879785,12.739094356152322,handysize_bulker,handysize_bulker,power_driven,good,14586.960260330268,-0.655752992279761,183.60912566174173,1090.1248612578072,3.7776420670628346,True,True,False,-0.03542101319620735,0.1326329249934909,387.03819345419214,6,5.221657216636784,True,head_on,1.0,0.0,1.0,,,0.6666666666666666
head_on_0043,head_on,head_on,both_give_way,mpc,MPC,703.8906110473715,1300.3943822611575,9.05075924879785,12.739094356152322,handysize_bulker,handysize_bulker,power_driven,good,14586.960260330268,-0.655752992279761,183.60912566174173,1040.96996457269,3.60755082246372,True,True,False,-1.790905973692239,1.9512176138949824,328.67889168419197,104,15.771291259086892,True,head_on,1.0,0.0,1.0,,,0.6666666666666666
head_on_0044,head_on,head_on,both_give_way,no_action,No action (baseline),1112.5676886280205,1688.7192788241275,10.053661388726354,9.071643210827087,coastal_tanker,coastal_tanker,power_driven,restricted,16649.375563542086,4.8638813381738055,182.1764211994045,1112.6390192762683,6.314943958742978,True,True,False,-4.304485536505567e-13,4.304485536505567e-13,0.0,0,0.0,True,head_on,0.0,0.0,0.0,,,0.0
head_on_0044,head_on,head_on,both_give_way,rule_based,Rule-based COLREGS,1112.5676886280205,1688.7192788241275,10.053661388726354,9.071643210827087,coastal_tanker,coastal_tanker,power_driven,restricted,16649.375563542086,4.8638813381738055,182.1764211994045,1112.6390192762683,6.314943958742978,True,True,False,-4.304485536505567e-13,4.304485536505567e-13,0.0,0,0.0,True,head_on,0.0,0.0,0.0,,,0.0
head_on_0044,head_on,head_on,both_give_way,velocity_obstacle,Velocity obstacle,1112.5676886280205,1688.7192788241275,10.053661388726354,9.071643210827087,coastal_tanker,coastal_tanker,power_driven,restricted,16649.375563542086,4.8638813381738055,182.1764211994045,1112.6390192762683,6.314943958742978,True,True,False,-4.304485536505567e-13,4.304485536505567e-13,0.0,0,0.0,True,head_on,0.0,0.0,0.0,,,0.0
head_on_0044,head_on,head_on,both_give_way,mpc,MPC,1112.5676886280205,1688.7192788241275,10.053661388726354,9.071643210827087,coastal_tanker,coastal_tanker,power_driven,restricted,16649.375563542086,4.8638813381738055,182.1764211994045,1112.6390192762683,6.314943958742978,True,True,False,-4.304485536505567e-13,4.304485536505567e-13,0.0,0,0.0,True,head_on,0.0,0.0,0.0,,,0.0
head_on_0045,head_on,head_on,give_way,no_action,No action (baseline),990.8305370907932,925.155899650491,15.030704080952013,10.984179700734076,handysize_bulker,handysize_bulker,restricted_manoeuvrability,good,12415.035119949358,-6.11799201877087,176.3514790693097,990.8327316707871,3.4282750984343386,True,True,False,7.197906332867552e-13,-7.197906332867552e-13,0.0,0,0.0,True,head_on,0.0,0.0,0.0,,,0.0
head_on_0045,head_on,head_on,give_way,rule_based,Rule-based COLREGS,990.8305370907932,925.155899650491,15.030704080952013,10.984179700734076,handysize_bulker,handysize_bulker,restricted_manoeuvrability,good,12415.035119949358,-6.11799201877087,176.3514790693097,990.8327316707871,3.4282750984343386,True,True,False,7.197906332867552e-13,-7.197906332867552e-13,0.0,0,0.0,True,head_on,0.0,0.0,0.0,,,0.0
head_on_0045,head_on,head_on,give_way,velocity_obstacle,Velocity obstacle,990.8305370907932,925.155899650491,15.030704080952013,10.984179700734076,handysize_bulker,handysize_bulker,restricted_manoeuvrability,good,12415.035119949358,-6.11799201877087,176.3514790693097,990.8327316707871,3.4282750984343386,True,True,False,7.197906332867552e-13,-7.197906332867552e-13,0.0,0,0.0,True,head_on,0.0,0.0,0.0,,,0.0
head_on_0045,head_on,head_on,give_way,mpc,MPC,990.8305370907932,925.155899650491,15.030704080952013,10.984179700734076,handysize_bulker,handysize_bulker,restricted_manoeuvrability,good,12415.035119949358,-6.11799201877087,176.3514790693097,990.8327316707871,3.4282750984343386,True,True,False,7.197906332867552e-13,-7.197906332867552e-13,0.0,0,0.0,True,head_on,0.0,0.0,0.0,,,0.0
head_on_0046,head_on,head_on,both_give_way,no_action,No action (baseline),1022.7947848620047,884.8751474407077,12.91537881173905,9.338152444138299,handysize_bulker,container_feeder,power_driven,good,10178.494906134903,7.002240430347571,182.94343820672756,1022.795782956793,3.5431473863038283,True,True,False,-4.4168604215517947e-13,4.4168604215517947e-13,0.0,0,0.0,True,head_on,0.0,0.0,0.0,,,0.0
head_on_0046,head_on,head_on,both_give_way,rule_based,Rule-based COLREGS,1022.7947848620047,884.8751474407077,12.91537881173905,9.338152444138299,handysize_bulker,container_feeder,power_driven,good,10178.494906134903,7.002240430347571,182.94343820672756,1022.795782956793,3.5431473863038283,True,True,False,-4.4168604215517947e-13,4.4168604215517947e-13,0.0,0,0.0,True,head_on,0.0,0.0,0.0,,,0.0
head_on_0046,head_on,head_on,both_give_way,velocity_obstacle,Velocity obstacle,1022.7947848620047,884.8751474407077,12.91537881173905,9.338152444138299,handysize_bulker,container_feeder,power_driven,good,10178.494906134903,7.002240430347571,182.94343820672756,1022.795782956793,3.5431473863038283,True,True,False,-4.4168604215517947e-13,4.4168604215517947e-13,0.0,0,0.0,True,head_on,0.0,0.0,0.0,,,0.0
head_on_0046,head_on,head_on,both_give_way,mpc,MPC,1022.7947848620047,884.8751474407077,12.91537881173905,9.338152444138299,handysize_bulker,container_feeder,power_driven,good,10178.494906134903,7.002240430347571,182.94343820672756,1022.795782956793,3.5431473863038283,True,True,False,-4.4168604215517947e-13,4.4168604215517947e-13,0.0,0,0.0,True,head_on,0.0,0.0,0.0,,,0.0
head_on_0047,head_on,head_on,both_give_way,no_action,No action (baseline),305.97113015798476,1368.1395333868172,11.75741892253959,12.72591499678436,container_feeder,vlcc,power_driven,restricted,17229.766346392193,0.4324350672698089,182.78955755809918,306.86661711831766,1.2732693309532759,False,True,False,-8.365286849908366e-13,8.365286849908366e-13,0.0,0,0.0,True,head_on,0.0,0.0,0.0,,,0.0
head_on_0047,head_on,head_on,both_give_way,rule_based,Rule-based COLREGS,305.97113015798476,1368.1395333868172,11.75741892253959,12.72591499678436,container_feeder,vlcc,power_driven,restricted,17229.766346392193,0.4324350672698089,182.78955755809918,3332.7189106697797,11.852575396961736,True,True,False,-0.4761677388686845,4.705264409439808,3072.038785655917,56,34.9999999917967,False,head_on,1.0,1.0,1.0,,,1.0
head_on_0047,head_on,head_on,both_give_way,velocity_obstacle,Velocity obstacle,305.97113015798476,1368.1395333868172,11.75741892253959,12.72591499678436,container_feeder,vlcc,power_driven,restricted,17229.766346392193,0.4324350672698089,182.78955755809918,1085.3587529749166,4.521700277021337,True,True,False,-0.043092758073798115,0.26076182219042504,786.4258954564904,33,9.997935229071631,True,head_on,1.0,0.0,1.0,,,0.6666666666666666
head_on_0047,head_on,head_on,both_give_way,mpc,MPC,305.97113015798476,1368.1395333868172,11.75741892253959,12.72591499678436,container_feeder,vlcc,power_driven,restricted,17229.766346392193,0.4324350672698089,182.78955755809918,1053.0932278009197,4.381527471676918,True,True,False,-0.5184816000437522,0.8087309133752348,742.8831243862913,52,13.553424675787694,True,head_on,1.0,0.0,1.0,,,0.6666666666666666
head_on_0048,head_on,head_on,both_give_way,no_action,No action (baseline),1341.096390029197,1572.6036301712568,15.282226861301378,8.253045367918538,handysize_bulker,coastal_tanker,power_driven,good,19085.4510094796,4.664144042854605,181.81021944071395,1341.410139877785,4.651464171431331,True,True,False,7.723024880671776e-13,-7.723024880671776e-13,0.0,0,0.0,True,head_on,0.0,0.0,0.0,,,0.0
head_on_0048,head_on,head_on,both_give_way,rule_based,Rule-based COLREGS,1341.096390029197,1572.6036301712568,15.282226861301378,8.253045367918538,handysize_bulker,coastal_tanker,power_driven,good,19085.4510094796,4.664144042854605,181.81021944071395,1341.410139877785,4.651464171431331,True,True,False,7.723024880671776e-13,-7.723024880671776e-13,0.0,0,0.0,True,head_on,0.0,0.0,0.0,,,0.0
head_on_0048,head_on,head_on,both_give_way,velocity_obstacle,Velocity obstacle,1341.096390029197,1572.6036301712568,15.282226861301378,8.253045367918538,handysize_bulker,coastal_tanker,power_driven,good,19085.4510094796,4.664144042854605,181.81021944071395,1341.410139877785,4.651464171431331,True,True,False,7.723024880671776e-13,-7.723024880671776e-13,0.0,0,0.0,True,head_on,0.0,0.0,0.0,,,0.0
head_on_0048,head_on,head_on,both_give_way,mpc,MPC,1341.096390029197,1572.6036301712568,15.282226861301378,8.253045367918538,handysize_bulker,coastal_tanker,power_driven,good,19085.4510094796,4.664144042854605,181.81021944071395,1341.410139877785,4.651464171431331,True,True,False,7.723024880671776e-13,-7.723024880671776e-13,0.0,0,0.0,True,head_on,0.0,0.0,0.0,,,0.0
head_on_0049,head_on,head_on,both_give_way,no_action,No action (baseline),526.5849250170115,1278.6399055236168,10.099800324777409,9.663451899422018,coastal_tanker,coastal_tanker,power_driven,good,13009.797182728347,1.6541075543898962,178.6386787432856,526.7664336748912,2.991138377296308,False,True,False,-2.726704493838647e-13,2.726704493838647e-13,0.0,0,0.0,True,head_on,0.0,0.0,0.0,,,0.0
head_on_0049,head_on,head_on,both_give_way,rule_based,Rule-based COLREGS,526.5849250170115,1278.6399055236168,10.099800324777409,9.663451899422018,coastal_tanker,coastal_tanker,power_driven,good,13009.797182728347,1.6541075543898962,178.6386787432856,2132.184014182243,9.78138389238151,True,True,False,-0.2737044605395638,4.759718922424065,2799.5431213911943,54,34.9999999631898,False,head_on,1.0,1.0,1.0,,,1.0
head_on_0049,head_on,head_on,both_give_way,velocity_obstacle,Velocity obstacle,526.5849250170115,1278.6399055236168,10.099800324777409,9.663451899422018,coastal_tanker,coastal_tanker,power_driven,good,13009.797182728347,1.6541075543898962,178.6386787432856,389.4772384747102,1.6535234403588759,False,True,False,-8.773591447639081,11.011468251267678,1205.2644537684423,270,60.04568179803285,True,head_on,1.0,1.0,1.0,,,1.0
head_on_0049,head_on,head_on,both_give_way,mpc,MPC,526.5849250170115,1278.6399055236168,10.099800324777409,9.663451899422018,coastal_tanker,coastal_tanker,power_driven,good,13009.797182728347,1.6541075543898962,178.6386787432856,1026.252405774661,4.865087841443082,True,True,False,-4.291354744220416,5.747488373450768,560.0577840722009,253,39.28168706728924,True,head_on,0.0,1.0,1.0,,,0.6666666666666666
head_on_0050,head_on,head_on,both_give_way,no_action,No action (baseline),1434.0498275200152,1405.5449335448657,9.273902699649991,9.734652082095307,coastal_tanker,coastal_tanker,power_driven,good,13816.632591156096,7.098369307726457,182.22764083399431,1434.0597244933124,8.140354999116223,True,True,False,6.363287501730825e-13,-6.363287501730825e-13,0.0,0,0.0,False,head_on,0.0,0.0,0.0,,,0.0
head_on_0050,head_on,head_on,both_give_way,rule_based,Rule-based COLREGS,1434.0498275200152,1405.5449335448657,9.273902699649991,9.734652082095307,coastal_tanker,coastal_tanker,power_driven,good,13816.632591156096,7.098369307726457,182.22764083399431,1434.0597244933124,8.140354999116223,True,True,False,6.363287501730825e-13,-6.363287501730825e-13,0.0,0,0.0,False,head_on,0.0,0.0,0.0,,,0.0
head_on_0050,head_on,head_on,both_give_way,velocity_obstacle,Velocity obstacle,1434.0498275200152,1405.5449335448657,9.273902699649991,9.734652082095307,coastal_tanker,coastal_tanker,power_driven,good,13816.632591156096,7.098369307726457,182.22764083399431,1434.0597244933124,8.140354999116223,True,True,False,6.363287501730825e-13,-6.363287501730825e-13,0.0,0,0.0,False,head_on,0.0,0.0,0.0,,,0.0
head_on_0050,head_on,head_on,both_give_way,mpc,MPC,1434.0498275200152,1405.5449335448657,9.273902699649991,9.734652082095307,coastal_tanker,coastal_tanker,power_driven,good,13816.632591156096,7.098369307726457,182.22764083399431,1434.0597244933124,8.140354999116223,True,True,False,6.363287501730825e-13,-6.363287501730825e-13,0.0,0,0.0,False,head_on,0.0,0.0,0.0,,,0.0
head_on_0051,head_on,head_on,give_way,no_action,No action (baseline),192.02563236836068,1400.6635442283552,15.670682223427455,15.204724867119845,coastal_tanker,vlcc,fishing,good,22239.090755380785,2.138023162977717,183.33695589226406,192.31440640625104,1.0894317114719774,False,True,True,-8.410265862649664e-13,8.410265862649664e-13,0.0,0,0.0,True,head_on,0.0,0.0,0.0,,,0.0
head_on_0051,head_on,head_on,give_way,rule_based,Rule-based COLREGS,192.02563236836068,1400.6635442283552,15.670682223427455,15.204724867119845,coastal_tanker,vlcc,fishing,good,22239.090755380785,2.138023162977717,183.33695589226406,3931.185023672401,18.886726085572,True,True,False,-0.19422900816161517,4.470151147998661,4141.419196711459,50,34.99999986163812,False,head_on,1.0,1.0,1.0,,,1.0
head_on_0051,head_on,head_on,give_way,velocity_obstacle,Velocity obstacle,192.02563236836068,1400.6635442283552,15.670682223427455,15.204724867119845,coastal_tanker,vlcc,fishing,good,22239.090755380785,2.138023162977717,183.33695589226406,1084.7524219186262,6.158435651629251,True,True,False,-0.015855043648662505,0.33939290470510747,1285.7909861321461,28,9.999996178772133,True,head_on,1.0,0.0,1.0,,,0.6666666666666666
head_on_0051,head_on,head_on,give_way,mpc,MPC,192.02563236836068,1400.6635442283552,15.670682223427455,15.204724867119845,coastal_tanker,vlcc,fishing,good,22239.090755380785,2.138023162977717,183.33695589226406,1128.2143829928293,6.395756809479549,True,True,False,-0.21350030442647133,0.9361356298675221,1312.9841796877274,40,19.999345273060957,True,head_on,1.0,0.0,1.0,,,0.6666666666666666
head_on_0052,head_on,head_on,both_give_way,no_action,No action (baseline),1417.9212779056554,1045.994299376278,15.618814560453659,10.832403077704555,container_feeder,coastal_tanker,power_driven,moderate,14302.025267268415,-4.891413186898035,181.94940500756564,1417.9858119653584,5.9019242245351,True,True,False,1.6246674056082582e-12,-1.6246674056082582e-12,0.0,0,0.0,False,head_on,0.0,0.0,0.0,,,0.0
head_on_0052,head_on,head_on,both_give_way,rule_based,Rule-based COLREGS,1417.9212779056554,1045.994299376278,15.618814560453659,10.832403077704555,container_feeder,coastal_tanker,power_driven,moderate,14302.025267268415,-4.891413186898035,181.94940500756564,1417.9858119653584,5.9019242245351,True,True,False,1.6246674056082582e-12,-1.6246674056082582e-12,0.0,0,0.0,False,head_on,0.0,0.0,0.0,,,0.0
head_on_0052,head_on,head_on,both_give_way,velocity_obstacle,Velocity obstacle,1417.9212779056554,1045.994299376278,15.618814560453659,10.832403077704555,container_feeder,coastal_tanker,power_driven,moderate,14302.025267268415,-4.891413186898035,181.94940500756564,1417.9858119653584,5.9019242245351,True,True,False,1.6246674056082582e-12,-1.6246674056082582e-12,0.0,0,0.0,False,head_on,0.0,0.0,0.0,,,0.0
head_on_0052,head_on,head_on,both_give_way,mpc,MPC,1417.9212779056554,1045.994299376278,15.618814560453659,10.832403077704555,container_feeder,coastal_tanker,power_driven,moderate,14302.025267268415,-4.891413186898035,181.94940500756564,1417.9858119653584,5.9019242245351,True,True,False,1.6246674056082582e-12,-1.6246674056082582e-12,0.0,0,0.0,False,head_on,0.0,0.0,0.0,,,0.0
head_on_0053,head_on,head_on,both_give_way,no_action,No action (baseline),810.7487569718371,894.7917726454991,13.651200486625967,12.045383361435821,coastal_tanker,handysize_bulker,power_driven,good,11856.415360878374,-3.8757208559258998,180.0965505494961,810.7534298600029,4.60651796479647,False,True,False,6.916608888575317e-13,-6.916608888575317e-13,0.0,0,0.0,True,head_on,0.0,0.0,0.0,,,0.0
head_on_0053,head_on,head_on,both_give_way,rule_based,Rule-based COLREGS,810.7487569718371,894.7917726454991,13.651200486625967,12.045383361435821,coastal_tanker,handysize_bulker,power_driven,good,11856.415360878374,-3.8757208559258998,180.0965505494961,4296.3298367138195,19.90473615978672,True,True,False,-0.1811879375784121,4.324186544817055,3508.6197594336436,52,34.999999747120086,False,head_on,1.0,1.0,1.0,,,1.0
head_on_0053,head_on,head_on,both_give_way,velocity_obstacle,Velocity obstacle,810.7487569718371,894.7917726454991,13.651200486625967,12.045383361435821,coastal_tanker,handysize_bulker,power_driven,good,11856.415360878374,-3.8757208559258998,180.0965505494961,1092.3206914056573,6.206181441298397,True,True,False,-0.00841039730445362,0.052218108224255405,281.5160690844987,14,4.999765531930068,True,head_on,0.0,0.0,1.0,,,0.3333333333333333
head_on_0053,head_on,head_on,both_give_way,mpc,MPC,810.7487569718371,894.7917726454991,13.651200486625967,12.045383361435821,coastal_tanker,handysize_bulker,power_driven,good,11856.415360878374,-3.8757208559258998,180.0965505494961,1061.1799066510864,6.027811943789543,True,True,False,-0.04859871170885517,0.12172854653715855,250.04321604212984,21,9.964353388893523,True,head_on,1.0,0.0,1.0,,,0.6666666666666666
head_on_0054,head_on,head_on,both_give_way,no_action,No action (baseline),464.5160271926993,954.5302830049253,8.878093681583039,9.682302302874579,coastal_tanker,container_feeder,power_driven,good,9122.888168770103,-4.474035322727985,177.01840583623647,464.53766382165634,2.635306526561143,False,True,False,-1.8389977377161196e-12,1.8389977377161196e-12,0.0,0,0.0,True,head_on,0.0,0.0,0.0,,,0.0
head_on_0054,head_on,head_on,both_give_way,rule_based,Rule-based COLREGS,464.5160271926993,954.5302830049253,8.878093681583039,9.682302302874579,coastal_tanker,container_feeder,power_driven,good,9122.888168770103,-4.474035322727985,177.01840583623647,2752.6876790728033,12.733378819056592,True,True,False,-0.35216022479858333,4.70955231706698,2391.4948934427393,56,34.999999963786976,False,head_on,1.0,1.0,1.0,,,1.0
head_on_0054,head_on,head_on,both_give_way,velocity_obstacle,Velocity obstacle,464.5160271926993,954.5302830049253,8.878093681583039,9.682302302874579,coastal_tanker,container_feeder,power_driven,good,9122.888168770103,-4.474035322727985,177.01840583623647,1078.9218855160188,6.089996744664939,True,True,False,-0.03289304703656998,0.3234493109592659,622.9333673769596,31,9.999996885771958,True,head_on,1.0,0.0,1.0,,,0.6666666666666666
head_on_0054,head_on,head_on,both_give_way,mpc,MPC,464.5160271926993,954.5302830049253,8.878093681583039,9.682302302874579,coastal_tanker,container_feeder,power_driven,good,9122.888168770103,-4.474035322727985,177.01840583623647,1026.9774663648277,5.824771177331176,True,True,False,-0.14167281486152827,0.4246003913732382,564.5595554689827,32,9.99999970863716,True,head_on,1.0,0.0,1.0,,,0.6666666666666666
head_on_0055,head_on,head_on,give_way,no_action,No action (baseline),1378.5636739075644,1634.0420708716124,8.0912364161542,9.820212641500888,container_feeder,handysize_bulker,not_under_command,restricted,15119.742371412483,5.3469170753417385,180.21089992984926,1378.591931968435,5.744078846242195,True,True,False,2.4311286147867226e-13,-2.4311286147867226e-13,0.0,0,0.0,True,head_on,0.0,0.0,0.0,,,0.0
head_on_0055,head_on,head_on,give_way,rule_based,Rule-based COLREGS,1378.5636739075644,1634.0420708716124,8.0912364161542,9.820212641500888,container_feeder,handysize_bulker,not_under_command,restricted,15119.742371412483,5.3469170753417385,180.21089992984926,1378.591931968435,5.744078846242195,True,True,False,2.4311286147867226e-13,-2.4311286147867226e-13,0.0,0,0.0,True,head_on,0.0,0.0,0.0,,,0.0
head_on_0055,head_on,head_on,give_way,velocity_obstacle,Velocity obstacle,1378.5636739075644,1634.0420708716124,8.0912364161542,9.820212641500888,container_feeder,handysize_bulker,not_under_command,restricted,15119.742371412483,5.3469170753417385,180.21089992984926,1378.591931968435,5.744078846242195,True,True,False,2.4311286147867226e-13,-2.4311286147867226e-13,0.0,0,0.0,True,head_on,0.0,0.0,0.0,,,0.0
head_on_0055,head_on,head_on,give_way,mpc,MPC,1378.5636739075644,1634.0420708716124,8.0912364161542,9.820212641500888,container_feeder,handysize_bulker,not_under_command,restricted,15119.742371412483,5.3469170753417385,180.21089992984926,1378.591931968435,5.744078846242195,True,True,False,2.4311286147867226e-13,-2.4311286147867226e-13,0.0,0,0.0,True,head_on,0.0,0.0,0.0,,,0.0
head_on_0056,head_on,head_on,both_give_way,no_action,No action (baseline),754.0833889589906,1335.4139844714618,9.113886406440914,15.248351256941657,container_feeder,vlcc,power_driven,good,16750.645910782896,4.007205776762745,182.27982865442803,754.1012317924313,3.1402242327194703,False,True,False,3.885006231759409e-13,-3.885006231759409e-13,0.0,0,0.0,True,head_on,0.0,0.0,0.0,,,0.0
head_on_0056,head_on,head_on,both_give_way,rule_based,Rule-based COLREGS,754.0833889589906,1335.4139844714618,9.113886406440914,15.248351256941657,container_feeder,vlcc,power_driven,good,16750.645910782896,4.007205776762745,182.27982865442803,1583.2169329798671,5.943142552006373,True,True,False,-0.7476119367064061,5.168218024347836,2475.9148980615296,62,35.13597981851272,True,head_on,1.0,1.0,1.0,,,1.0
head_on_0056,head_on,head_on,both_give_way,velocity_obstacle,Velocity obstacle,754.0833889589906,1335.4139844714618,9.113886406440914,15.248351256941657,container_feeder,vlcc,power_driven,good,16750.645910782896,4.007205776762745,182.27982865442803,141.4079264629647,0.5174273296529539,False,False,True,-11.946897803717151,14.066600451478044,1270.2112427253828,283,61.784324373870966,True,head_on,1.0,1.0,1.0,,,1.0
head_on_0056,head_on,head_on,both_give_way,mpc,MPC,754.0833889589906,1335.4139844714618,9.113886406440914,15.248351256941657,container_feeder,vlcc,power_driven,good,16750.645910782896,4.007205776762745,182.27982865442803,1018.6122170903927,3.839572013337557,True,True,False,-6.390359568313782,9.74789405512564,1932.514043667889,200,44.03843299370784,True,head_on,1.0,1.0,1.0,,,1.0
head_on_0057,head_on,head_on,both_give_way,no_action,No action (baseline),292.2943174596054,625.3785467262073,11.70208407864053,13.90830553656352,vlcc,vlcc,power_driven,good,8244.418908109932,1.593820149343727,179.19357653595767,292.336862106755,0.55364202473558,False,False,True,-3.6981310120380335e-13,3.6981310120380335e-13,0.0,0,0.0,True,head_on,0.0,0.0,0.0,,,0.0
head_on_0057,head_on,head_on,both_give_way,rule_based,Rule-based COLREGS,292.2943174596054,625.3785467262073,11.70208407864053,13.90830553656352,vlcc,vlcc,power_driven,good,8244.418908109932,1.593820149343727,179.19357653595767,1558.7623156809477,2.492512418534193,True,True,False,-2.654006278876024,5.669973886058272,2194.7152890312377,102,39.207203384277705,True,head_on,1.0,1.0,1.0,,,1.0
head_on_0057,head_on,head_on,both_give_way,velocity_obstacle,Velocity obstacle,292.2943174596054,625.3785467262073,11.70208407864053,13.90830553656352,vlcc,vlcc,power_driven,good,8244.418908109932,1.593820149343727,179.19357653595767,27.142394568533803,0.051137346968339686,False,False,True,-8.672326195219105,8.806671304769553,415.7160051498289,115,10.792399934129557,True,head_on,1.0,0.0,1.0,,,0.6666666666666666
head_on_0057,head_on,head_on,both_give_way,mpc,MPC,292.2943174596054,625.3785467262073,11.70208407864053,13.90830553656352,vlcc,vlcc,power_driven,good,8244.418908109932,1.593820149343727,179.19357653595767,1002.4506887249355,1.6969955979261557,True,True,False,-6.543145643969823,8.217181278366878,1489.2623610530136,155,36.37566572540522,True,head_on,1.0,1.0,1.0,,,1.0
head_on_0058,head_on,head_on,give_way,no_action,No action (baseline),1367.6873956874783,1085.2047780542707,15.833643977099566,13.91840925467407,handysize_bulker,container_feeder,fishing,good,16664.4349677454,5.473307361208485,181.6365994807499,1367.69098632831,4.746211975622387,True,True,False,-1.5777771837698373e-12,1.5777771837698373e-12,0.0,0,0.0,True,head_on,0.0,0.0,0.0,,,0.0
head_on_0058,head_on,head_on,give_way,rule_based,Rule-based COLREGS,1367.6873956874783,1085.2047780542707,15.833643977099566,13.91840925467407,handysize_bulker,container_feeder,fishing,good,16664.4349677454,5.473307361208485,181.6365994807499,1367.69098632831,4.746211975622387,True,True,False,-1.5777771837698373e-12,1.5777771837698373e-12,0.0,0,0.0,True,head_on,0.0,0.0,0.0,,,0.0
head_on_0058,head_on,head_on,give_way,velocity_obstacle,Velocity obstacle,1367.6873956874783,1085.2047780542707,15.833643977099566,13.91840925467407,handysize_bulker,container_feeder,fishing,good,16664.4349677454,5.473307361208485,181.6365994807499,1367.69098632831,4.746211975622387,True,True,False,-1.5777771837698373e-12,1.5777771837698373e-12,0.0,0,0.0,True,head_on,0.0,0.0,0.0,,,0.0
head_on_0058,head_on,head_on,give_way,mpc,MPC,1367.6873956874783,1085.2047780542707,15.833643977099566,13.91840925467407,handysize_bulker,container_feeder,fishing,good,16664.4349677454,5.473307361208485,181.6365994807499,1367.69098632831,4.746211975622387,True,True,False,-1.5777771837698373e-12,1.5777771837698373e-12,0.0,0,0.0,True,head_on,0.0,0.0,0.0,,,0.0
head_on_0059,head_on,head_on,both_give_way,no_action,No action (baseline),830.3294957409713,1244.3743822009883,11.165514433359556,10.786854371155272,handysize_bulker,coastal_tanker,power_driven,good,14076.764342979002,-2.778562489114089,181.2272477432916,830.3595509491549,2.882277191887083,False,True,False,-5.285247669792718e-14,5.285247669792718e-14,0.0,0,0.0,True,head_on,0.0,0.0,0.0,,,0.0
head_on_0059,head_on,head_on,both_give_way,rule_based,Rule-based COLREGS,830.3294957409713,1244.3743822009883,11.165514433359556,10.786854371155272,handysize_bulker,coastal_tanker,power_driven,good,14076.764342979002,-2.778562489114089,181.2272477432916,3647.516278427623,10.487195103840687,True,True,False,-0.8334351621957289,5.010922572763113,2865.7243631048073,64,35.5199462105992,False,head_on,1.0,1.0,1.0,,,1.0
head_on_0059,head_on,head_on,both_give_way,velocity_obstacle,Velocity obstacle,830.3294957409713,1244.3743822009883,11.165514433359556,10.786854371155272,handysize_bulker,coastal_tanker,power_driven,good,14076.764342979002,-2.778562489114089,181.2272477432916,1093.1330404884968,3.7943968077299064,True,True,False,-0.02561425852663387,0.07725831344561067,263.10600845824496,16,5.0551533745581345,True,head_on,1.0,0.0,1.0,,,0.6666666666666666
head_on_0059,head_on,head_on,both_give_way,mpc,MPC,830.3294957409713,1244.3743822009883,11.165514433359556,10.786854371155272,handysize_bulker,coastal_tanker,power_driven,good,14076.764342979002,-2.778562489114089,181.2272477432916,1068.3425669446317,3.7079307001871205,True,True,False,-1.26362571461049,1.330356635092938,235.72168706600496,79,12.011800139322553,True,head_on,1.0,0.0,1.0,,,0.6666666666666666
head_on_0060,head_on,head_on,both_give_way,no_action,No action (baseline),1145.844190489959,650.6848686091789,14.216440826710308,10.183983321886931,coastal_tanker,container_feeder,power_driven,restricted,8246.990371968215,-7.296569945430947,181.65322271378298,1145.876433572849,6.505755284805241,True,True,False,-6.91834075071682e-13,6.91834075071682e-13,0.0,0,0.0,True,head_on,0.0,0.0,0.0,,,0.0
head_on_0060,head_on,head_on,both_give_way,rule_based,Rule-based COLREGS,1145.844190489959,650.6848686091789,14.216440826710308,10.183983321886931,coastal_tanker,container_feeder,power_driven,restricted,8246.990371968215,-7.296569945430947,181.65322271378298,1145.876433572849,6.505755284805241,True,True,False,-6.91834075071682e-13,6.91834075071682e-13,0.0,0,0.0,True,head_on,0.0,0.0,0.0,,,0.0
head_on_0060,head_on,head_on,both_give_way,velocity_obstacle,Velocity obstacle,1145.844190489959,650.6848686091789,14.216440826710308,10.183983321886931,coastal_tanker,container_feeder,power_driven,restricted,8246.990371968215,-7.296569945430947,181.65322271378298,1145.876433572849,6.505755284805241,True,True,False,-6.91834075071682e-13,6.91834075071682e-13,0.0,0,0.0,True,head_on,0.0,0.0,0.0,,,0.0
head_on_0060,head_on,head_on,both_give_way,mpc,MPC,1145.844190489959,650.6848686091789,14.216440826710308,10.183983321886931,coastal_tanker,container_feeder,power_driven,restricted,8246.990371968215,-7.296569945430947,181.65322271378298,1145.876433572849,6.505755284805241,True,True,False,-6.91834075071682e-13,6.91834075071682e-13,0.0,0,0.0,True,head_on,0.0,0.0,0.0,,,0.0
head_on_0061,head_on,head_on,both_give_way,no_action,No action (baseline),1329.6609028173664,1711.4370043738727,12.743860165086357,11.210985333914087,coastal_tanker,container_feeder,power_driven,good,21124.82674368263,-2.14290964350422,183.13217131575757,1329.7787356996748,7.538422759018803,True,True,False,-1.5435540036925345e-14,1.5435540036925345e-14,0.0,0,0.0,False,head_on,0.0,0.0,0.0,,,0.0
head_on_0061,head_on,head_on,both_give_way,rule_based,Rule-based COLREGS,1329.6609028173664,1711.4370043738727,12.743860165086357,11.210985333914087,coastal_tanker,container_feeder,power_driven,good,21124.82674368263,-2.14290964350422,183.13217131575757,1329.7787356996748,7.538422759018803,True,True,False,-1.5435540036925345e-14,1.5435540036925345e-14,0.0,0,0.0,False,head_on,0.0,0.0,0.0,,,0.0
head_on_0061,head_on,head_on,both_give_way,velocity_obstacle,Velocity obstacle,1329.6609028173664,1711.4370043738727,12.743860165086357,11.210985333914087,coastal_tanker,container_feeder,power_driven,good,21124.82674368263,-2.14290964350422,183.13217131575757,1329.7787356996748,7.538422759018803,True,True,False,-1.5435540036925345e-14,1.5435540036925345e-14,0.0,0,0.0,False,head_on,0.0,0.0,0.0,,,0.0
head_on_0061,head_on,head_on,both_give_way,mpc,MPC,1329.6609028173664,1711.4370043738727,12.743860165086357,11.210985333914087,coastal_tanker,container_feeder,power_driven,good,21124.82674368263,-2.14290964350422,183.13217131575757,1329.7787356996748,7.538422759018803,True,True,False,-1.5435540036925345e-14,1.5435540036925345e-14,0.0,0,0.0,False,head_on,0.0,0.0,0.0,,,0.0
head_on_0062,head_on,head_on,both_give_way,no_action,No action (baseline),1412.9349743042794,889.7318102461884,13.260747163181339,9.784660477253375,handysize_bulker,vlcc,power_driven,moderate,10642.114587899796,-8.050829654704488,179.00786393219872,1412.938551523079,4.904808327454479,True,True,False,4.895181188227434e-13,-4.895181188227434e-13,0.0,0,0.0,False,head_on,0.0,0.0,0.0,,,0.0
head_on_0062,head_on,head_on,both_give_way,rule_based,Rule-based COLREGS,1412.9349743042794,889.7318102461884,13.260747163181339,9.784660477253375,handysize_bulker,vlcc,power_driven,moderate,10642.114587899796,-8.050829654704488,179.00786393219872,1412.938551523079,4.904808327454479,True,True,False,4.895181188227434e-13,-4.895181188227434e-13,0.0,0,0.0,False,head_on,0.0,0.0,0.0,,,0.0
head_on_0062,head_on,head_on,both_give_way,velocity_obstacle,Velocity obstacle,1412.9349743042794,889.7318102461884,13.260747163181339,9.784660477253375,handysize_bulker,vlcc,power_driven,moderate,10642.114587899796,-8.050829654704488,179.00786393219872,1412.938551523079,4.904808327454479,True,True,False,4.895181188227434e-13,-4.895181188227434e-13,0.0,0,0.0,False,head_on,0.0,0.0,0.0,,,0.0
head_on_0062,head_on,head_on,both_give_way,mpc,MPC,1412.9349743042794,889.7318102461884,13.260747163181339,9.784660477253375,handysize_bulker,vlcc,power_driven,moderate,10642.114587899796,-8.050829654704488,179.00786393219872,1412.938551523079,4.904808327454479,True,True,False,4.895181188227434e-13,-4.895181188227434e-13,0.0,0,0.0,False,head_on,0.0,0.0,0.0,,,0.0
head_on_0063,head_on,head_on,both_give_way,no_action,No action (baseline),1030.8724774536213,1081.053288726157,15.266863632017632,9.238833863420432,vlcc,vlcc,power_driven,restricted,13667.561253449048,4.389104348337556,180.16836844888803,1030.9579943756687,1.952394488696852,True,True,False,-8.117336486591669e-13,8.117336486591669e-13,0.0,0,0.0,True,head_on,0.0,0.0,0.0,,,0.0
head_on_0063,head_on,head_on,both_give_way,rule_based,Rule-based COLREGS,1030.8724774536213,1081.053288726157,15.266863632017632,9.238833863420432,vlcc,vlcc,power_driven,restricted,13667.561253449048,4.389104348337556,180.16836844888803,1030.9579943756687,1.952394488696852,True,True,False,-8.117336486591669e-13,8.117336486591669e-13,0.0,0,0.0,True,head_on,0.0,0.0,0.0,,,0.0
head_on_0063,head_on,head_on,both_give_way,velocity_obstacle,Velocity obstacle,1030.8724774536213,1081.053288726157,15.266863632017632,9.238833863420432,vlcc,vlcc,power_driven,restricted,13667.561253449048,4.389104348337556,180.16836844888803,1030.9579943756687,1.952394488696852,True,True,False,-8.117336486591669e-13,8.117336486591669e-13,0.0,0,0.0,True,head_on,0.0,0.0,0.0,,,0.0
head_on_0063,head_on,head_on,both_give_way,mpc,MPC,1030.8724774536213,1081.053288726157,15.266863632017632,9.238833863420432,vlcc,vlcc,power_driven,restricted,13667.561253449048,4.389104348337556,180.16836844888803,1030.9579943756687,1.952394488696852,True,True,False,-8.117336486591669e-13,8.117336486591669e-13,0.0,0,0.0,True,head_on,0.0,0.0,0.0,,,0.0
head_on_0064,head_on,head_on,give_way,no_action,No action (baseline),990.8873433343666,745.1759259647883,9.058492820413147,13.558270175915318,vlcc,handysize_bulker,not_under_command,good,8725.370952461772,7.710192689293856,181.9840110190467,990.8894569104534,1.8757553328713326,True,True,False,5.863145147851777e-13,-5.863145147851777e-13,0.0,0,0.0,True,head_on,0.0,0.0,0.0,,,0.0
head_on_0064,head_on,head_on,give_way,rule_based,Rule-based COLREGS,990.8873433343666,745.1759259647883,9.058492820413147,13.558270175915318,vlcc,handysize_bulker,not_under_command,good,8725.370952461772,7.710192689293856,181.9840110190467,990.8894569104534,1.8757553328713326,True,True,False,5.863145147851777e-13,-5.863145147851777e-13,0.0,0,0.0,True,head_on,0.0,0.0,0.0,,,0.0
head_on_0064,head_on,head_on,give_way,velocity_obstacle,Velocity obstacle,990.8873433343666,745.1759259647883,9.058492820413147,13.558270175915318,vlcc,handysize_bulker,not_under_command,good,8725.370952461772,7.710192689293856,181.9840110190467,990.8894569104534,1.8757553328713326,True,True,False,5.863145147851777e-13,-5.863145147851777e-13,0.0,0,0.0,True,head_on,0.0,0.0,0.0,,,0.0
head_on_0064,head_on,head_on,give_way,mpc,MPC,990.8873433343666,745.1759259647883,9.058492820413147,13.558270175915318,vlcc,handysize_bulker,not_under_command,good,8725.370952461772,7.710192689293856,181.9840110190467,990.8894569104534,1.8757553328713326,True,True,False,5.863145147851777e-13,-5.863145147851777e-13,0.0,0,0.0,True,head_on,0.0,0.0,0.0,,,0.0
head_on_0065,head_on,head_on,both_give_way,no_action,No action (baseline),1210.0486212531957,701.7002849478974,14.21466981569347,10.771961598291671,handysize_bulker,vlcc,power_driven,good,9099.316095159671,-8.494960784346794,178.02136394812118,1210.2459273368738,4.197461706760288,True,True,False,-1.7989927044368954e-12,1.8128311098556408e-12,0.0,0,0.0,True,head_on,0.0,0.0,0.0,,,0.0
head_on_0065,head_on,head_on,both_give_way,rule_based,Rule-based COLREGS,1210.0486212531957,701.7002849478974,14.21466981569347,10.771961598291671,handysize_bulker,vlcc,power_driven,good,9099.316095159671,-8.494960784346794,178.02136394812118,1210.2459273368738,4.197461706760288,True,True,False,-1.7989927044368954e-12,1.8128311098556408e-12,0.0,0,0.0,True,head_on,0.0,0.0,0.0,,,0.0
head_on_0065,head_on,head_on,both_give_way,velocity_obstacle,Velocity obstacle,1210.0486212531957,701.7002849478974,14.21466981569347,10.771961598291671,handysize_bulker,vlcc,power_driven,good,9099.316095159671,-8.494960784346794,178.02136394812118,1210.2459273368738,4.197461706760288,True,True,False,-1.7989927044368954e-12,1.8128311098556408e-12,0.0,0,0.0,True,head_on,0.0,0.0,0.0,,,0.0
head_on_0065,head_on,head_on,both_give_way,mpc,MPC,1210.0486212531957,701.7002849478974,14.21466981569347,10.771961598291671,handysize_bulker,vlcc,power_driven,good,9099.316095159671,-8.494960784346794,178.02136394812118,1210.2459273368738,4.197461706760288,True,True,False,-1.7989927044368954e-12,1.8128311098556408e-12,0.0,0,0.0,True,head_on,0.0,0.0,0.0,,,0.0
head_on_0066,head_on,head_on,both_give_way,no_action,No action (baseline),1471.1940341944182,1059.7082634737944,11.214245153099274,14.934731845711047,vlcc,container_feeder,power_driven,good,14327.214936160693,-4.342696971194085,182.71577690708153,1471.1992657177889,2.7833697963091746,True,True,False,1.157701818871071e-12,-1.157701818871071e-12,0.0,0,0.0,False,head_on,0.0,0.0,0.0,,,0.0
head_on_0066,head_on,head_on,both_give_way,rule_based,Rule-based COLREGS,1471.1940341944182,1059.7082634737944,11.214245153099274,14.934731845711047,vlcc,container_feeder,power_driven,good,14327.214936160693,-4.342696971194085,182.71577690708153,1471.1992657177889,2.7833697963091746,True,True,False,1.157701818871071e-12,-1.157701818871071e-12,0.0,0,0.0,False,head_on,0.0,0.0,0.0,,,0.0
head_on_0066,head_on,head_on,both_give_way,velocity_obstacle,Velocity obstacle,1471.1940341944182,1059.7082634737944,11.214245153099274,14.934731845711047,vlcc,container_feeder,power_driven,good,14327.214936160693,-4.342696971194085,182.71577690708153,1471.1992657177889,2.7833697963091746,True,True,False,1.157701818871071e-12,-1.157701818871071e-12,0.0,0,0.0,False,head_on,0.0,0.0,0.0,,,0.0
head_on_0066,head_on,head_on,both_give_way,mpc,MPC,1471.1940341944182,1059.7082634737944,11.214245153099274,14.934731845711047,vlcc,container_feeder,power_driven,good,14327.214936160693,-4.342696971194085,182.71577690708153,1471.1992657177889,2.7833697963091746,True,True,False,1.157701818871071e-12,-1.157701818871071e-12,0.0,0,0.0,False,head_on,0.0,0.0,0.0,,,0.0
head_on_0067,head_on,head_on,give_way,no_action,No action (baseline),330.824319188127,1331.9100086281692,13.751628502478177,12.95364889100387,coastal_tanker,vlcc,fishing,moderate,18301.11823745432,-0.8043350418594505,180.47714058792548,331.86334258112765,1.8811517254763168,False,True,False,-1.5162630781785802e-12,1.5162630781785802e-12,0.0,0,0.0,True,head_on,0.0,0.0,0.0,,,0.0
head_on_0067,head_on,head_on,give_way,rule_based,Rule-based COLREGS,330.824319188127,1331.9100086281692,13.751628502478177,12.95364889100387,coastal_tanker,vlcc,fishing,moderate,18301.11823745432,-0.8043350418594505,180.47714058792548,3896.4261698645923,18.247130078548096,True,True,False,-0.18163995404584207,4.400662322320977,3595.2161276876072,52,34.99999981792776,False,head_on,1.0,1.0,1.0,,,1.0
head_on_0067,head_on,head_on,give_way,velocity_obstacle,Velocity obstacle,330.824319188127,1331.9100086281692,13.751628502478177,12.95364889100387,coastal_tanker,vlcc,fishing,moderate,18301.11823745432,-0.8043350418594505,180.47714058792548,1076.2505977571313,6.101964059989418,True,True,False,-0.017006226968525134,0.1490837511221017,761.0939350239793,22,7.536368459416548,True,head_on,1.0,0.0,1.0,,,0.6666666666666666
head_on_0067,head_on,head_on,give_way,mpc,MPC,330.824319188127,1331.9100086281692,13.751628502478177,12.95364889100387,coastal_tanker,vlcc,fishing,moderate,18301.11823745432,-0.8043350418594505,180.47714058792548,1049.2695477602335,5.9612184125007035,True,True,False,-0.2553616108149037,0.6755860571446253,717.7002652472058,42,19.966158665856963,True,head_on,1.0,0.0,1.0,,,0.6666666666666666
head_on_0068,head_on,head_on,give_way,no_action,No action (baseline),1340.5063531191033,1536.4603576117374,12.240039817561433,13.098686201534203,vlcc,container_feeder,fishing,good,20069.757640714444,-2.740374146179449,182.1073739847251,1340.641466200525,2.5367575394642476,True,True,False,-4.821267742632843e-13,4.821267742632843e-13,0.0,0,0.0,True,head_on,0.0,0.0,0.0,,,0.0
head_on_0068,head_on,head_on,give_way,rule_based,Rule-based COLREGS,1340.5063531191033,1536.4603576117374,12.240039817561433,13.098686201534203,vlcc,container_feeder,fishing,good,20069.757640714444,-2.740374146179449,182.1073739847251,1340.641466200525,2.5367575394642476,True,True,False,-4.821267742632843e-13,4.821267742632843e-13,0.0,0,0.0,True,head_on,0.0,0.0,0.0,,,0.0
head_on_0068,head_on,head_on,give_way,velocity_obstacle,Velocity obstacle,1340.5063531191033,1536.4603576117374,12.240039817561433,13.098686201534203,vlcc,container_feeder,fishing,good,20069.757640714444,-2.740374146179449,182.1073739847251,1340.641466200525,2.5367575394642476,True,True,False,-4.821267742632843e-13,4.821267742632843e-13,0.0,0,0.0,True,head_on,0.0,0.0,0.0,,,0.0
head_on_0068,head_on,head_on,give_way,mpc,MPC,1340.5063531191033,1536.4603576117374,12.240039817561433,13.098686201534203,vlcc,container_feeder,fishing,good,20069.757640714444,-2.740374146179449,182.1073739847251,1340.641466200525,2.5367575394642476,True,True,False,-4.821267742632843e-13,4.821267742632843e-13,0.0,0,0.0,True,head_on,0.0,0.0,0.0,,,0.0
head_on_0069,head_on,head_on,both_give_way,no_action,No action (baseline),506.175708528343,1412.3202582700164,12.477935759381447,11.933030070349455,handysize_bulker,handysize_bulker,power_driven,good,17736.922952925896,-3.1333472957644224,176.93553775403072,507.0130808932986,1.7543283250976665,False,True,False,1.0877501987629609e-12,-1.0877501987629609e-12,0.0,0,0.0,True,head_on,0.0,0.0,0.0,,,0.0
head_on_0069,head_on,head_on,both_give_way,rule_based,Rule-based COLREGS,506.175708528343,1412.3202582700164,12.477935759381447,11.933030070349455,handysize_bulker,handysize_bulker,power_driven,good,17736.922952925896,-3.1333472957644224,176.93553775403072,3681.679778523604,10.158922782913837,True,True,False,-0.6857876514219129,4.942942956443335,3264.325764061904,58,35.12048853682015,False,head_on,1.0,1.0,1.0,,,1.0
head_on_0069,head_on,head_on,both_give_way,velocity_obstacle,Velocity obstacle,506.175708528343,1412.3202582700164,12.477935759381447,11.933030070349455,handysize_bulker,handysize_bulker,power_driven,good,17736.922952925896,-3.1333472957644224,176.93553775403072,1095.261000047263,3.795014370103795,True,True,False,-0.02161128844738048,0.1291314541373301,590.1457615759332,16,5.0089367276720935,True,head_on,1.0,0.0,1.0,,,0.6666666666666666
head_on_0069,head_on,head_on,both_give_way,mpc,MPC,506.175708528343,1412.3202582700164,12.477935759381447,11.933030070349455,handysize_bulker,handysize_bulker,power_driven,good,17736.922952925896,-3.1333472957644224,176.93553775403072,1059.0210672929284,3.6691059020183667,True,True,False,-0.6201667691876032,0.7968774870518432,557.7406804556833,70,10.455383702943957,True,head_on,1.0,0.0,1.0,,,0.6666666666666666
head_on_0070,head_on,head_on,both_give_way,no_action,No action (baseline),299.036180775037,632.6796927440789,15.28290688126216,9.915689096985131,coastal_tanker,container_feeder,power_driven,good,8206.903699560491,2.3653845774618105,180.70451631772573,300.54506826344095,1.699627776621697,False,True,False,1.1326599153661286e-12,-1.1326599153661286e-12,0.0,0,0.0,True,head_on,0.0,0.0,0.0,,,0.0
head_on_0070,head_on,head_on,both_give_way,rule_based,Rule-based COLREGS,299.036180775037,632.6796927440789,15.28290688126216,9.915689096985131,coastal_tanker,container_feeder,power_driven,good,8206.903699560491,2.3653845774618105,180.70451631772573,2491.6501275035475,10.959819717901066,True,True,False,-0.19804295277225245,3.2943143693028563,2978.623564392154,50,34.99997829666314,False,head_on,1.0,1.0,1.0,,,1.0
head_on_0070,head_on,head_on,both_give_way,velocity_obstacle,Velocity obstacle,299.036180775037,632.6796927440789,15.28290688126216,9.915689096985131,coastal_tanker,container_feeder,power_driven,good,8206.903699560491,2.3653845774618105,180.70451631772573,686.5957574252926,2.695980911353237,False,True,False,-4.0320442157300125,5.474205957181335,1253.9246144591748,164,58.47675363868213,True,head_on,1.0,1.0,1.0,,,1.0
head_on_0070,head_on,head_on,both_give_way,mpc,MPC,299.036180775037,632.6796927440789,15.28290688126216,9.915689096985131,coastal_tanker,container_feeder,power_driven,good,8206.903699560491,2.3653845774618105,180.70451631772573,1037.1438852605245,4.720872724387156,True,True,False,-1.2594427013936205,2.50784511219388,1479.6877660029272,136,38.29281568704904,True,head_on,1.0,1.0,1.0,,,1.0
head_on_0071,head_on,head_on,both_give_way,no_action,No action (baseline),1465.1246976272867,994.9701714298067,15.059587694606783,13.833648604637148,vlcc,coastal_tanker,power_driven,good,14856.88372577267,7.049158365539722,182.90255347239327,1465.1247646699512,2.7698363970741067,True,True,False,1.3192621967489244e-12,-1.3192621967489244e-12,0.0,0,0.0,False,head_on,0.0,0.0,0.0,,,0.0
head_on_0071,head_on,head_on,both_give_way,rule_based,Rule-based COLREGS,1465.1246976272867,994.9701714298067,15.059587694606783,13.833648604637148,vlcc,coastal_tanker,power_driven,good,14856.88372577267,7.049158365539722,182.90255347239327,1465.1247646699512,2.7698363970741067,True,True,False,1.3192621967489244e-12,-1.3192621967489244e-12,0.0,0,0.0,False,head_on,0.0,0.0,0.0,,,0.0
head_on_0071,head_on,head_on,both_give_way,velocity_obstacle,Velocity obstacle,1465.1246976272867,994.9701714298067,15.059587694606783,13.833648604637148,vlcc,coastal_tanker,power_driven,good,14856.88372577267,7.049158365539722,182.90255347239327,1465.1247646699512,2.7698363970741067,True,True,False,1.3192621967489244e-12,-1.3192621967489244e-12,0.0,0,0.0,False,head_on,0.0,0.0,0.0,,,0.0
head_on_0071,head_on,head_on,both_give_way,mpc,MPC,1465.1246976272867,994.9701714298067,15.059587694606783,13.833648604637148,vlcc,coastal_tanker,power_driven,good,14856.88372577267,7.049158365539722,182.90255347239327,1465.1247646699512,2.7698363970741067,True,True,False,1.3192621967489244e-12,-1.3192621967489244e-12,0.0,0,0.0,False,head_on,0.0,0.0,0.0,,,0.0
head_on_0072,head_on,head_on,both_give_way,no_action,No action (baseline),1360.009289771897,865.8338511134359,8.642969879510833,9.664242042032887,vlcc,container_feeder,power_driven,good,8262.212078825649,-11.585430462534493,176.00100285489526,1360.0319359790603,2.568477954574857,True,True,False,-6.941601300982664e-13,6.941601300982664e-13,0.0,0,0.0,True,head_on,0.0,0.0,0.0,,,0.0
head_on_0072,head_on,head_on,both_give_way,rule_based,Rule-based COLREGS,1360.009289771897,865.8338511134359,8.642969879510833,9.664242042032887,vlcc,container_feeder,power_driven,good,8262.212078825649,-11.585430462534493,176.00100285489526,1360.0319359790603,2.568477954574857,True,True,False,-6.941601300982664e-13,6.941601300982664e-13,0.0,0,0.0,True,head_on,0.0,0.0,0.0,,,0.0
head_on_0072,head_on,head_on,both_give_way,velocity_obstacle,Velocity obstacle,1360.009289771897,865.8338511134359,8.642969879510833,9.664242042032887,vlcc,container_feeder,power_driven,good,8262.212078825649,-11.585430462534493,176.00100285489526,1360.0319359790603,2.568477954574857,True,True,False,-6.941601300982664e-13,6.941601300982664e-13,0.0,0,0.0,True,head_on,0.0,0.0,0.0,,,0.0
head_on_0072,head_on,head_on,both_give_way,mpc,MPC,1360.009289771897,865.8338511134359,8.642969879510833,9.664242042032887,vlcc,container_feeder,power_driven,good,8262.212078825649,-11.585430462534493,176.00100285489526,1360.0319359790603,2.568477954574857,True,True,False,-6.941601300982664e-13,6.941601300982664e-13,0.0,0,0.0,True,head_on,0.0,0.0,0.0,,,0.0
head_on_0073,head_on,head_on,both_give_way,no_action,No action (baseline),167.24508752730844,656.4777439293096,9.423784525905408,10.52121065717684,handysize_bulker,container_feeder,power_driven,good,6737.911928452624,1.3001582656943875,179.7684314170539,167.93099941986122,0.5811773355853134,False,False,False,-1.1689219275648796e-12,1.1689219275648796e-12,0.0,0,0.0,True,head_on,0.0,0.0,0.0,,,0.0
head_on_0073,head_on,head_on,both_give_way,rule_based,Rule-based COLREGS,167.24508752730844,656.4777439293096,9.423784525905408,10.52121065717684,handysize_bulker,container_feeder,power_driven,good,6737.911928452624,1.3001582656943875,179.7684314170539,1515.4906997135338,4.401206459824731,True,True,False,-1.1137286233428898,4.300415718416961,1869.1468669389974,70,36.40815467838959,True,head_on,1.0,1.0,1.0,,,1.0
head_on_0073,head_on,head_on,both_give_way,velocity_obstacle,Velocity obstacle,167.24508752730844,656.4777439293096,9.423784525905408,10.52121065717684,handysize_bulker,container_feeder,power_driven,good,6737.911928452624,1.3001582656943875,179.7684314170539,1080.7550908914875,2.860469976203385,True,True,False,-3.120436056765835,5.817506367603877,1406.4580847989112,132,48.622574369780374,True,head_on,1.0,1.0,1.0,,,1.0
head_on_0073,head_on,head_on,both_give_way,mpc,MPC,167.24508752730844,656.4777439293096,9.423784525905408,10.52121065717684,handysize_bulker,container_feeder,power_driven,good,6737.911928452624,1.3001582656943875,179.7684314170539,1014.8275959903613,3.31755752112543,True,True,False,-1.0037531511823707,2.4667319363232583,1245.0271815047915,109,29.85491762906512,True,head_on,1.0,0.0,1.0,,,0.6666666666666666
head_on_0074,head_on,head_on,both_give_way,no_action,No action (baseline),1269.8207848263348,1555.9701538704007,13.802743418549415,12.28337993794309,coastal_tanker,vlcc,power_driven,good,20919.411728642906,3.6149207013586855,180.28647209167605,1269.8875255131898,7.214765903510841,True,True,False,-9.975977273993907e-13,9.975977273993907e-13,0.0,0,0.0,True,head_on,0.0,0.0,0.0,,,0.0
head_on_0074,head_on,head_on,both_give_way,rule_based,Rule-based COLREGS,1269.8207848263348,1555.9701538704007,13.802743418549415,12.28337993794309,coastal_tanker,vlcc,power_driven,good,20919.411728642906,3.6149207013586855,180.28647209167605,1269.8875255131898,7.214765903510841,True,True,False,-9.975977273993907e-13,9.975977273993907e-13,0.0,0,0.0,True,head_on,0.0,0.0,0.0,,,0.0
head_on_0074,head_on,head_on,both_give_way,velocity_obstacle,Velocity obstacle,1269.8207848263348,1555.9701538704007,13.802743418549415,12.28337993794309,coastal_tanker,vlcc,power_driven,good,20919.411728642906,3.6149207013586855,180.28647209167605,1269.8875255131898,7.214765903510841,True,True,False,-9.975977273993907e-13,9.975977273993907e-13,0.0,0,0.0,True,head_on,0.0,0.0,0.0,,,0.0
head_on_0074,head_on,head_on,both_give_way,mpc,MPC,1269.8207848263348,1555.9701538704007,13.802743418549415,12.28337993794309,coastal_tanker,vlcc,power_driven,good,20919.411728642906,3.6149207013586855,180.28647209167605,1269.8875255131898,7.214765903510841,True,True,False,-9.975977273993907e-13,9.975977273993907e-13,0.0,0,0.0,True,head_on,0.0,0.0,0.0,,,0.0
head_on_0075,head_on,head_on,give_way,no_action,No action (baseline),716.1113962600472,1068.3618318807266,9.69617660778147,10.07949010847874,vlcc,handysize_bulker,fishing,good,10887.788004567228,2.0447025316308522,176.61272148922325,716.3051309478584,1.3533118539274787,False,True,False,1.09550929970133e-12,-1.09550929970133e-12,0.0,0,0.0,True,head_on,0.0,0.0,0.0,,,0.0
head_on_0075,head_on,head_on,give_way,rule_based,Rule-based COLREGS,716.1113962600472,1068.3618318807266,9.69617660778147,10.07949010847874,vlcc,handysize_bulker,fishing,good,10887.788004567228,2.0447025316308522,176.61272148922325,1586.692573480173,2.4173983334748366,True,True,False,-3.4995427292554413,7.995369750659918,2663.37659199596,122,39.98003178210685,True,head_on,1.0,1.0,1.0,,,1.0
head_on_0075,head_on,head_on,give_way,velocity_obstacle,Velocity obstacle,716.1113962600472,1068.3618318807266,9.69617660778147,10.07949010847874,vlcc,handysize_bulker,fishing,good,10887.788004567228,2.0447025316308522,176.61272148922325,1091.1284842831456,1.888170536645944,True,True,False,-1.8578189413255206,3.9007574300693353,1928.4061641022292,110,29.023866400790954,True,head_on,1.0,0.0,1.0,,,0.6666666666666666
head_on_0075,head_on,head_on,give_way,mpc,MPC,716.1113962600472,1068.3618318807266,9.69617660778147,10.07949010847874,vlcc,handysize_bulker,fishing,good,10887.788004567228,2.0447025316308522,176.61272148922325,990.3445711577538,1.8050875070479577,True,True,False,-3.749985840367631,5.6767528046198255,1870.1508235988053,120,30.558872202318746,True,head_on,1.0,1.0,1.0,,,1.0
head_on_0076,head_on,head_on,both_give_way,no_action,No action (baseline),136.16305748562507,1228.8274793032401,10.004845609027075,15.14936639988328,container_feeder,container_feeder,power_driven,good,15901.923807425484,-0.8712454962930742,179.36799093258037,137.00580117788368,0.5681375423484754,False,False,True,-6.48823206191966e-13,6.48823206191966e-13,0.0,0,0.0,True,head_on,0.0,0.0,0.0,,,0.0
head_on_0076,head_on,head_on,both_give_way,rule_based,Rule-based COLREGS,136.16305748562507,1228.8274793032401,10.004845609027075,15.14936639988328,container_feeder,container_feeder,power_driven,good,15901.923807425484,-0.8712454962930742,179.36799093258037,2695.656716950286,9.814681057963785,True,True,False,-0.6338739427181698,5.008406752392437,2693.8342100867826,58,35.0046158675302,False,head_on,1.0,1.0,1.0,,,1.0
head_on_0076,head_on,head_on,both_give_way,velocity_obstacle,Velocity obstacle,136.16305748562507,1228.8274793032401,10.004845609027075,15.14936639988328,container_feeder,container_feeder,power_driven,good,15901.923807425484,-0.8712454962930742,179.36799093258037,1083.1857289554982,4.508734475874684,True,True,False,-0.055917688761921824,0.4767441687421368,953.8468327617176,35,10.00031274494392,True,head_on,1.0,0.0,1.0,,,0.6666666666666666
head_on_0076,head_on,head_on,both_give_way,mpc,MPC,136.16305748562507,1228.8274793032401,10.004845609027075,15.14936639988328,container_feeder,container_feeder,power_driven,good,15901.923807425484,-0.8712454962930742,179.36799093258037,1029.869582736293,4.287211503151393,True,True,False,-0.3339345299801247,0.7452134948947543,900.1383613016989,44,13.4436390398643,True,head_on,1.0,0.0,1.0,,,0.6666666666666666
head_on_0077,head_on,head_on,both_give_way,no_action,No action (baseline),448.00251336070465,719.0603708156165,13.289244822206877,8.957731697343128,handysize_bulker,vlcc,power_driven,restricted,8239.820025340952,-4.12581854542139,177.49379174038725,448.1315042497389,1.5529200519868367,False,True,False,-5.180725334825742e-13,5.180725334825742e-13,0.0,0,0.0,True,head_on,0.0,0.0,0.0,,,0.0
head_on_0077,head_on,head_on,both_give_way,rule_based,Rule-based COLREGS,448.00251336070465,719.0603708156165,13.289244822206877,8.957731697343128,handysize_bulker,vlcc,power_driven,restricted,8239.820025340952,-4.12581854542139,177.49379174038725,3103.70009239758,8.097661091396793,True,True,False,-0.6111894898062552,3.8891824068608023,2716.5548251791965,58,35.015936736011675,False,head_on,1.0,1.0,1.0,,,1.0
head_on_0077,head_on,head_on,both_give_way,velocity_obstacle,Velocity obstacle,448.00251336070465,719.0603708156165,13.289244822206877,8.957731697343128,handysize_bulker,vlcc,power_driven,restricted,8239.820025340952,-4.12581854542139,177.49379174038725,1089.0760340891497,3.75039249736435,True,True,False,-0.054544823082125986,0.2477370650062323,649.862403205037,35,10.001422554805158,True,head_on,1.0,0.0,1.0,,,0.6666666666666666
head_on_0077,head_on,head_on,both_give_way,mpc,MPC,448.00251336070465,719.0603708156165,13.289244822206877,8.957731697343128,handysize_bulker,vlcc,power_driven,restricted,8239.820025340952,-4.12581854542139,177.49379174038725,1038.2460243642724,3.5923235645323124,True,True,False,-0.29327317709901113,0.47774765916423745,595.0936444627631,44,10.407494131842748,True,head_on,1.0,0.0,1.0,,,0.6666666666666666
head_on_0078,head_on,head_on,both_give_way,no_action,No action (baseline),640.3129084104461,1024.3201297661744,12.59932188522777,10.076517099801343,vlcc,container_feeder,power_driven,good,11963.501558934486,-4.179302402342159,177.49925489025253,640.3620006091134,1.211025479171532,False,True,False,9.679821395860755e-13,-9.679821395860755e-13,0.0,0,0.0,True,head_on,0.0,0.0,0.0,,,0.0
head_on_0078,head_on,head_on,both_give_way,rule_based,Rule-based COLREGS,640.3129084104461,1024.3201297661744,12.59932188522777,10.076517099801343,vlcc,container_feeder,power_driven,good,11963.501558934486,-4.179302402342159,177.49925489025253,3696.2019187953338,5.42243947064317,True,True,False,-2.361517794217589,6.577971229883661,3246.818788116075,96,38.85842245776405,False,head_on,1.0,1.0,1.0,,,1.0
head_on_0078,head_on,head_on,both_give_way,velocity_obstacle,Velocity obstacle,640.3129084104461,1024.3201297661744,12.59932188522777,10.076517099801343,vlcc,container_feeder,power_driven,good,11963.501558934486,-4.179302402342159,177.49925489025253,1108.414994244608,2.0971589416442877,True,True,False,-0.0676253816192753,0.15306822786906762,471.00472300634567,0,5.631851447669251,True,head_on,1.0,0.0,1.0,,,0.6666666666666666
head_on_0078,head_on,head_on,both_give_way,mpc,MPC,640.3129084104461,1024.3201297661744,12.59932188522777,10.076517099801343,vlcc,container_feeder,power_driven,good,11963.501558934486,-4.179302402342159,177.49925489025253,1059.25855121574,2.0026510751247057,True,True,False,-1.8079037701507283,1.9256092166891596,442.18300128832584,87,11.919048047131493,True,head_on,1.0,0.0,1.0,,,0.6666666666666666
head_on_0079,head_on,head_on,both_give_way,no_action,No action (baseline),830.7777239205187,1410.808591935584,15.681426548789151,10.036866056781149,handysize_bulker,handysize_bulker,power_driven,good,18679.876088390945,3.555100923711521,182.5780279709186,830.8465697904959,2.879154375428345,False,True,False,-1.0411549067213955e-12,1.0411549067213955e-12,0.0,0,0.0,True,head_on,0.0,0.0,0.0,,,0.0
head_on_0079,head_on,head_on,both_give_way,rule_based,Rule-based COLREGS,830.7777239205187,1410.808591935584,15.681426548789151,10.036866056781149,handysize_bulker,handysize_bulker,power_driven,good,18679.876088390945,3.555100923711521,182.5780279709186,3265.6572671584395,8.947578242159702,True,True,False,-0.45239629575137136,4.714887801047618,4121.879516569803,54,34.9999999968734,False,head_on,1.0,1.0,1.0,,,1.0
head_on_0079,head_on,head_on,both_give_way,velocity_obstacle,Velocity obstacle,830.7777239205187,1410.808591935584,15.681426548789151,10.036866056781149,handysize_bulker,handysize_bulker,power_driven,good,18679.876088390945,3.555100923711521,182.5780279709186,1091.5186736534354,3.4211530913050887,True,True,False,-2.6711082084914537,3.6397598179169544,1992.33635370863,204,24.98360777900622,True,head_on,1.0,0.0,1.0,,,0.6666666666666666
head_on_0079,head_on,head_on,both_give_way,mpc,MPC,830.7777239205187,1410.808591935584,15.681426548789151,10.036866056781149,handysize_bulker,handysize_bulker,power_driven,good,18679.876088390945,3.555100923711521,182.5780279709186,1019.6142219416972,3.0352692878462646,True,True,False,-4.84200097565059,6.303261180502483,1922.1587398530783,214,35.28161698149304,True,head_on,1.0,1.0,1.0,,,1.0
head_on_0080,head_on,head_on,both_give_way,no_action,No action (baseline),594.2505031596252,611.7114067270718,15.303464444777248,14.288643885174848,container_feeder,handysize_bulker,power_driven,good,9331.217676140974,3.919043293561398,180.5544965559982,594.821346474295,2.4759421413339298,False,True,False,-8.869153224354218e-13,8.869153224354218e-13,0.0,0,0.0,True,head_on,0.0,0.0,0.0,,,0.0
head_on_0080,head_on,head_on,both_give_way,rule_based,Rule-based COLREGS,594.2505031596252,611.7114067270718,15.303464444777248,14.288643885174848,container_feeder,handysize_bulker,power_driven,good,9331.217676140974,3.919043293561398,180.5544965559982,2064.652111771762,7.041566587088242,True,True,False,-0.28898315222320675,3.26659988148214,2885.8123215171713,54,34.99997467746177,False,head_on,1.0,1.0,1.0,,,1.0
head_on_0080,head_on,head_on,both_give_way,velocity_obstacle,Velocity obstacle,594.2505031596252,611.7114067270718,15.303464444777248,14.288643885174848,container_feeder,handysize_bulker,power_driven,good,9331.217676140974,3.919043293561398,180.5544965559982,242.2324386263509,0.7894541140582255,False,False,False,-5.434302283167069,6.696629192539239,1272.435074113483,170,57.47027987734516,True,head_on,1.0,1.0,1.0,,,1.0
head_on_0080,head_on,head_on,both_give_way,mpc,MPC,594.2505031596252,611.7114067270718,15.303464444777248,14.288643885174848,container_feeder,handysize_bulker,power_driven,good,9331.217676140974,3.919043293561398,180.5544965559982,1010.8352813706459,3.8289576649939665,True,True,False,-2.02546518143209,2.745819645239626,577.8506757388583,138,28.178650055565953,True,head_on,0.0,0.0,1.0,,,0.3333333333333333
head_on_0081,head_on,head_on,both_give_way,no_action,No action (baseline),1060.216108363753,892.4835187889653,10.156206249639002,8.512547263590516,coastal_tanker,handysize_bulker,power_driven,good,8636.333400876407,7.579720807091448,181.15832935948885,1060.4843456025424,6.022092446388474,True,True,False,-8.134682455889211e-13,8.134682455889211e-13,0.0,0,0.0,True,head_on,0.0,0.0,0.0,,,0.0
head_on_0081,head_on,head_on,both_give_way,rule_based,Rule-based COLREGS,1060.216108363753,892.4835187889653,10.156206249639002,8.512547263590516,coastal_tanker,handysize_bulker,power_driven,good,8636.333400876407,7.579720807091448,181.15832935948885,1060.4843456025424,6.022092446388474,True,True,False,-8.134682455889211e-13,8.134682455889211e-13,0.0,0,0.0,True,head_on,0.0,0.0,0.0,,,0.0
head_on_0081,head_on,head_on,both_give_way,velocity_obstacle,Velocity obstacle,1060.216108363753,892.4835187889653,10.156206249639002,8.512547263590516,coastal_tanker,handysize_bulker,power_driven,good,8636.333400876407,7.579720807091448,181.15832935948885,1060.4843456025424,6.022092446388474,True,True,False,-8.134682455889211e-13,8.134682455889211e-13,0.0,0,0.0,True,head_on,0.0,0.0,0.0,,,0.0
head_on_0081,head_on,head_on,both_give_way,mpc,MPC,1060.216108363753,892.4835187889653,10.156206249639002,8.512547263590516,coastal_tanker,handysize_bulker,power_driven,good,8636.333400876407,7.579720807091448,181.15832935948885,1060.4843456025424,6.022092446388474,True,True,False,-8.134682455889211e-13,8.134682455889211e-13,0.0,0,0.0,True,head_on,0.0,0.0,0.0,,,0.0
head_on_0082,head_on,head_on,both_give_way,no_action,No action (baseline),730.884788000116,912.8427021862021,8.938815977124165,8.696596191318328,container_feeder,container_feeder,power_driven,good,8313.210375785387,-5.773843795443141,178.5197194628436,731.1467504977052,3.044183817509293,False,True,False,-1.2983591444423948e-12,1.2983591444423948e-12,0.0,0,0.0,True,head_on,0.0,0.0,0.0,,,0.0
head_on_0082,head_on,head_on,both_give_way,rule_based,Rule-based COLREGS,730.884788000116,912.8427021862021,8.938815977124165,8.696596191318328,container_feeder,container_feeder,power_driven,good,8313.210375785387,-5.773843795443141,178.5197194628436,2979.0916580557055,10.0400358728734,True,True,False,-0.7738937405707695,4.941974116580414,2295.5193301171075,62,35.187816123981875,False,head_on,1.0,1.0,1.0,,,1.0
head_on_0082,head_on,head_on,both_give_way,velocity_obstacle,Velocity obstacle,730.884788000116,912.8427021862021,8.938815977124165,8.696596191318328,container_feeder,container_feeder,power_driven,good,8313.210375785387,-5.773843795443141,178.5197194628436,1073.8027036896692,4.438808157394984,True,True,False,-0.02389426720889681,0.11384248365352446,356.67189510435054,16,5.016563519504007,True,head_on,1.0,0.0,1.0,,,0.6666666666666666
head_on_0082,head_on,head_on,both_give_way,mpc,MPC,730.884788000116,912.8427021862021,8.938815977124165,8.696596191318328,container_feeder,container_feeder,power_driven,good,8313.210375785387,-5.773843795443141,178.5197194628436,1031.2247185321446,4.294691008313799,True,True,False,-0.5635437854677589,0.7070119267492458,301.8823747519167,56,13.304277547934285,True,head_on,1.0,0.0,1.0,,,0.6666666666666666
head_on_0083,head_on,head_on,give_way,no_action,No action (baseline),234.87088245804887,838.982952347409,8.763987970616986,12.415499928770092,coastal_tanker,container_feeder,not_under_command,good,9143.959761973867,-0.8856975957036977,180.99991835671594,235.1321332837495,1.3343202020346534,False,True,False,-6.957973126324276e-13,6.957973126324276e-13,0.0,0,0.0,True,head_on,0.0,0.0,0.0,,,0.0
head_on_0083,head_on,head_on,give_way,rule_based,Rule-based COLREGS,234.87088245804887,838.982952347409,8.763987970616986,12.415499928770092,coastal_tanker,container_feeder,not_under_command,good,9143.959761973867,-0.8856975957036977,180.99991835671594,2340.513348372541,11.634052518420036,True,True,False,-0.36090885863272704,4.4161250666578855,2205.167589523937,54,34.99999986601271,False,head_on,1.0,1.0,1.0,,,1.0
head_on_0083,head_on,head_on,give_way,velocity_obstacle,Velocity obstacle,234.87088245804887,838.982952347409,8.763987970616986,12.415499928770092,coastal_tanker,container_feeder,not_under_command,good,9143.959761973867,-0.8856975957036977,180.99991835671594,1077.6356862999592,6.09225923826505,True,True,False,-0.06400959218443893,0.6833022358102564,859.5871228671739,44,14.999981717608513,True,head_on,1.0,0.0,1.0,,,0.6666666666666666
head_on_0083,head_on,head_on,give_way,mpc,MPC,234.87088245804887,838.982952347409,8.763987970616986,12.415499928770092,coastal_tanker,container_feeder,not_under_command,good,9143.959761973867,-0.8856975957036977,180.99991835671594,1021.0755253147223,5.799534126904503,True,True,False,-0.14476593803325438,0.9222986676531085,784.5263175318005,42,19.99979643387352,True,head_on,1.0,0.0,1.0,,,0.6666666666666666
head_on_0084,head_on,head_on,both_give_way,no_action,No action (baseline),488.40529480708193,1235.6174901685204,9.859404046628395,9.088038955968159,handysize_bulker,container_feeder,power_driven,good,12052.732080906753,-3.109500616760739,178.35898060075525,488.4423733310204,1.6950205896957993,False,True,False,-8.77859145076746e-13,8.77859145076746e-13,0.0,0,0.0,True,head_on,0.0,0.0,0.0,,,0.0
head_on_0084,head_on,head_on,both_give_way,rule_based,Rule-based COLREGS,488.40529480708193,1235.6174901685204,9.859404046628395,9.088038955968159,handysize_bulker,container_feeder,power_driven,good,12052.732080906753,-3.109500616760739,178.35898060075525,2956.091972237966,8.21319374458934,True,True,False,-1.033555874740257,5.254654749967253,2553.9944373717713,68,36.15609379161267,False,head_on,1.0,1.0,1.0,,,1.0
head_on_0084,head_on,head_on,both_give_way,velocity_obstacle,Velocity obstacle,488.40529480708193,1235.6174901685204,9.859404046628395,9.088038955968159,handysize_bulker,container_feeder,power_driven,good,12052.732080906753,-3.109500616760739,178.35898060075525,1085.4539586890737,3.748707358084389,True,True,False,-0.08980942859425127,0.2715768532780982,604.800406142736,34,10.295393560021532,True,head_on,1.0,0.0,1.0,,,0.6666666666666666
head_on_0084,head_on,head_on,both_give_way,mpc,MPC,488.40529480708193,1235.6174901685204,9.859404046628395,9.088038955968159,handysize_bulker,container_feeder,power_driven,good,12052.732080906753,-3.109500616760739,178.35898060075525,1044.6037409647545,3.624479076343412,True,True,False,-0.9234123091794257,1.1667329790446095,560.5726845655727,79,12.356863797084262,True,head_on,1.0,0.0,1.0,,,0.6666666666666666
head_on_0085,head_on,head_on,both_give_way,no_action,No action (baseline),735.5479036675212,1778.7869079169318,14.22656074143098,13.283358532131757,handysize_bulker,container_feeder,power_driven,moderate,25183.851365265793,1.2157742449106315,179.05166725214397,735.748218568683,2.5535899325953877,False,True,False,-7.743029797003082e-13,7.743029797003082e-13,0.0,0,0.0,True,head_on,0.0,0.0,0.0,,,0.0
head_on_0085,head_on,head_on,both_give_way,rule_based,Rule-based COLREGS,735.5479036675212,1778.7869079169318,14.22656074143098,13.283358532131757,handysize_bulker,container_feeder,power_driven,moderate,25183.851365265793,1.2157742449106315,179.05166725214397,2977.308241819067,8.344447827166896,True,True,False,-0.5393971963283823,4.925751021884213,3837.353696773053,56,34.99999999999716,False,head_on,1.0,1.0,1.0,,,1.0
head_on_0085,head_on,head_on,both_give_way,velocity_obstacle,Velocity obstacle,735.5479036675212,1778.7869079169318,14.22656074143098,13.283358532131757,handysize_bulker,container_feeder,power_driven,moderate,25183.851365265793,1.2157742449106315,179.05166725214397,75.1724696773613,0.24058173464347074,False,False,True,-9.324521612954658,10.143753062900464,1180.7102985224597,273,44.973678868777206,True,head_on,1.0,1.0,1.0,,,1.0
head_on_0085,head_on,head_on,both_give_way,mpc,MPC,735.5479036675212,1778.7869079169318,14.22656074143098,13.283358532131757,handysize_bulker,container_feeder,power_driven,moderate,25183.851365265793,1.2157742449106315,179.05166725214397,1004.4772888379771,3.2644452100897463,True,True,False,-4.509044590575456,5.716404181356749,1835.9674958947535,222,29.02169048228419,True,head_on,1.0,0.0,1.0,,,0.6666666666666666
head_on_0086,head_on,head_on,give_way,no_action,No action (baseline),766.6055030471928,1706.066265249746,10.26171675681034,8.375318311694047,vlcc,container_feeder,fishing,good,16374.291659924753,3.2402191088071857,181.23898328411485,766.6736567662837,1.4513852821372406,False,True,False,-1.2843328935253977e-12,1.2843328935253977e-12,0.0,0,0.0,True,head_on,0.0,0.0,0.0,,,0.0
head_on_0086,head_on,head_on,give_way,rule_based,Rule-based COLREGS,766.6055030471928,1706.066265249746,10.26171675681034,8.375318311694047,vlcc,container_feeder,fishing,good,16374.291659924753,3.2402191088071857,181.23898328411485,1719.2410527402924,2.626551955612115,True,True,False,-3.215759230308415,7.729795401539253,2827.4162016476903,114,39.76276422889743,True,head_on,1.0,1.0,1.0,,,1.0
head_on_0086,head_on,head_on,give_way,velocity_obstacle,Velocity obstacle,766.6055030471928,1706.066265249746,10.26171675681034,8.375318311694047,vlcc,container_feeder,fishing,good,16374.291659924753,3.2402191088071857,181.23898328411485,1090.951380140041,1.9873477233274766,True,True,False,-1.1205763528312644,2.738518734457965,1926.3850579764169,76,23.21821763846964,True,head_on,1.0,0.0,1.0,,,0.6666666666666666
head_on_0086,head_on,head_on,give_way,mpc,MPC,766.6055030471928,1706.066265249746,10.26171675681034,8.375318311694047,vlcc,container_feeder,fishing,good,16374.291659924753,3.2402191088071857,181.23898328411485,980.7394471765283,1.809384366334676,True,True,False,-5.15386925885426,6.933655330012246,1928.848363703089,113,28.07240404374871,True,head_on,1.0,0.0,1.0,,,0.6666666666666666
head_on_0087,head_on,head_on,both_give_way,no_action,No action (baseline),592.432722943443,1101.6558939979473,9.068586568074227,8.844050921748556,vlcc,vlcc,power_driven,restricted,10166.965159809479,4.499890995040804,182.3481442602512,592.629121217515,1.1207684370625504,False,True,False,2.819853689707049e-13,-2.6029418674218915e-13,0.0,0,0.0,True,head_on,0.0,0.0,0.0,,,0.0
head_on_0087,head_on,head_on,both_give_way,rule_based,Rule-based COLREGS,592.432722943443,1101.6558939979473,9.068586568074227,8.844050921748556,vlcc,vlcc,power_driven,restricted,10166.965159809479,4.499890995040804,182.3481442602512,1545.2172695837364,2.4589174112618473,True,True,False,-3.8664760049993614,8.313179563373875,2468.562535481644,129,40.21658027232559,True,head_on,1.0,1.0,1.0,,,1.0
head_on_0087,head_on,head_on,both_give_way,velocity_obstacle,Velocity obstacle,592.432722943443,1101.6558939979473,9.068586568074227,8.844050921748556,vlcc,vlcc,power_driven,restricted,10166.965159809479,4.499890995040804,182.3481442602512,15.555376051994308,0.019557730497987348,False,False,True,-14.770024130917069,15.119723166653868,705.6035354427645,145,14.108039913633919,True,head_on,1.0,0.0,1.0,,,0.6666666666666666
head_on_0087,head_on,head_on,both_give_way,mpc,MPC,592.432722943443,1101.6558939979473,9.068586568074227,8.844050921748556,vlcc,vlcc,power_driven,restricted,10166.965159809479,4.499890995040804,182.3481442602512,1009.724410555514,1.8286931433597753,True,True,False,-5.2607790167172634,7.321239024403125,1919.2209786270557,131,25.72825788277601,True,head_on,1.0,0.0,1.0,,,0.6666666666666666
head_on_0088,head_on,head_on,give_way,no_action,No action (baseline),543.9328728919436,698.9485434438599,8.689183861277108,8.714739176054046,vlcc,coastal_tanker,restricted_manoeuvrability,good,6281.219753792038,-4.399087229327416,181.1358523859342,544.0143251960959,1.0300099757438876,False,True,False,1.1545533751068655e-12,-1.1545533751068655e-12,0.0,0,0.0,True,head_on,0.0,0.0,0.0,,,0.0
head_on_0088,head_on,head_on,give_way,rule_based,Rule-based COLREGS,543.9328728919436,698.9485434438599,8.689183861277108,8.714739176054046,vlcc,coastal_tanker,restricted_manoeuvrability,good,6281.219753792038,-4.399087229327416,181.1358523859342,1999.856497361213,3.1156166182290534,True,True,False,-3.99398005783895,7.299653909828293,1781.6827073098518,131,40.36176185789282,True,head_on,1.0,1.0,1.0,,,1.0
head_on_0088,head_on,head_on,give_way,velocity_obstacle,Velocity obstacle,543.9328728919436,698.9485434438599,8.689183861277108,8.714739176054046,vlcc,coastal_tanker,restricted_manoeuvrability,good,6281.219753792038,-4.399087229327416,181.1358523859342,1087.3441329209645,2.058136744510557,True,True,False,-0.6876220184762367,1.0734444418497002,548.7853119337083,39,17.803777321246898,True,head_on,1.0,0.0,1.0,,,0.6666666666666666
head_on_0088,head_on,head_on,give_way,mpc,MPC,543.9328728919436,698.9485434438599,8.689183861277108,8.714739176054046,vlcc,coastal_tanker,restricted_manoeuvrability,good,6281.219753792038,-4.399087229327416,181.1358523859342,1029.5255075418713,1.9046755904750645,True,True,False,-5.673308678610375,6.110061273506437,598.5604064768569,140,20.09925784400167,True,head_on,1.0,0.0,1.0,,,0.6666666666666666
head_on_0089,head_on,head_on,both_give_way,no_action,No action (baseline),441.3498654939454,608.413287473728,14.974174852831286,11.496299785436035,handysize_bulker,container_feeder,power_driven,moderate,8296.865200045313,3.0920880363449594,180.09857734941977,441.87846109054914,1.5328193382904218,False,True,False,5.254603094633298e-13,-5.254603094633298e-13,0.0,0,0.0,True,head_on,0.0,0.0,0.0,,,0.0
head_on_0089,head_on,head_on,both_give_way,rule_based,Rule-based COLREGS,441.3498654939454,608.413287473728,14.974174852831286,11.496299785436035,handysize_bulker,container_feeder,power_driven,moderate,8296.865200045313,3.0920880363449594,180.09857734941977,2115.3579543858255,5.800718021986336,True,True,False,-0.4917790777203424,3.470622945980696,2805.9030385297447,54,34.99999894990981,False,head_on,1.0,1.0,1.0,,,1.0
head_on_0089,head_on,head_on,both_give_way,velocity_obstacle,Velocity obstacle,441.3498654939454,608.413287473728,14.974174852831286,11.496299785436035,handysize_bulker,container_feeder,power_driven,moderate,8296.865200045313,3.0920880363449594,180.09857734941977,261.13361117404884,0.6727433195216158,False,False,False,-6.753701671970625,8.247173051758203,1263.1631044955827,173,60.70671543111701,True,head_on,1.0,1.0,1.0,,,1.0
head_on_0089,head_on,head_on,both_give_way,mpc,MPC,441.3498654939454,608.413287473728,14.974174852831286,11.496299785436035,handysize_bulker,container_feeder,power_driven,moderate,8296.865200045313,3.0920880363449594,180.09857734941977,1010.7364819005306,3.1672629086592865,True,True,False,-1.5218221292926393,2.731528280049334,1565.3005353224273,112,29.908604634087695,True,head_on,1.0,0.0,1.0,,,0.6666666666666666
head_on_0090,head_on,head_on,both_give_way,no_action,No action (baseline),692.9622350943768,1772.6281294123598,12.800134537496305,13.96864648139719,coastal_tanker,vlcc,power_driven,restricted,24417.06638047048,0.5815484133776878,177.9979274407846,693.7313712411488,3.9349198537072745,False,True,False,-5.378687788743785e-13,5.378687788743785e-13,0.0,0,0.0,True,head_on,0.0,0.0,0.0,,,0.0
head_on_0090,head_on,head_on,both_give_way,rule_based,Rule-based COLREGS,692.9622350943768,1772.6281294123598,12.800134537496305,13.96864648139719,coastal_tanker,vlcc,power_driven,restricted,24417.06638047048,0.5815484133776878,177.9979274407846,2684.6966069313194,12.52429305360075,True,True,False,-0.18042893761005133,4.646509660118088,3535.7309698216663,54,34.999999937890905,False,head_on,1.0,1.0,1.0,,,1.0
head_on_0090,head_on,head_on,both_give_way,velocity_obstacle,Velocity obstacle,692.9622350943768,1772.6281294123598,12.800134537496305,13.96864648139719,coastal_tanker,vlcc,power_driven,restricted,24417.06638047048,0.5815484133776878,177.9979274407846,202.39380354213324,0.9135568303504991,False,False,True,-6.772851082276926,7.9961224379797695,1242.8155996846965,275,57.424992906311864,True,head_on,1.0,1.0,1.0,,,1.0
head_on_0090,head_on,head_on,both_give_way,mpc,MPC,692.9622350943768,1772.6281294123598,12.800134537496305,13.96864648139719,coastal_tanker,vlcc,power_driven,restricted,24417.06638047048,0.5815484133776878,177.9979274407846,1017.1124791273814,4.038728764000561,True,True,False,-3.9357973167995897,6.710156131707847,1960.0329349002882,248,57.83638491878033,True,head_on,1.0,1.0,1.0,,,1.0
head_on_0091,head_on,head_on,give_way,no_action,No action (baseline),677.1178305267706,1239.9688724711352,9.112414375228951,14.938593386039376,vlcc,coastal_tanker,fishing,good,15351.67742532195,-0.602926936885337,183.0991645843607,677.1179399827247,1.2810334818588796,False,True,False,1.100929582530045e-12,-1.100929582530045e-12,0.0,0,0.0,True,head_on,0.0,0.0,0.0,,,0.0
head_on_0091,head_on,head_on,give_way,rule_based,Rule-based COLREGS,677.1178305267706,1239.9688724711352,9.112414375228951,14.938593386039376,vlcc,coastal_tanker,fishing,good,15351.67742532195,-0.602926936885337,183.0991645843607,2769.118120234092,4.749817324023868,True,True,False,-3.844728861661929,8.116660859948759,2387.683186887654,128,40.20146863200985,False,head_on,1.0,1.0,1.0,,,1.0
head_on_0091,head_on,head_on,give_way,velocity_obstacle,Velocity obstacle,677.1178305267706,1239.9688724711352,9.112414375228951,14.938593386039376,vlcc,coastal_tanker,fishing,good,15351.67742532195,-0.602926936885337,183.0991645843607,1108.1716303053488,2.0966239818938672,True,True,False,-0.11067011430364075,0.22062212480589993,430.21047190810896,0,5.993407105470725,True,head_on,1.0,0.0,1.0,,,0.6666666666666666
head_on_0091,head_on,head_on,give_way,mpc,MPC,677.1178305267706,1239.9688724711352,9.112414375228951,14.938593386039376,vlcc,coastal_tanker,fishing,good,15351.67742532195,-0.602926936885337,183.0991645843607,1061.135912083485,2.0057643782072763,True,True,False,-3.6942196824261644,3.832408104130642,366.3412122938119,68,12.932793295530155,True,head_on,1.0,0.0,1.0,,,0.6666666666666666
head_on_0092,head_on,head_on,both_give_way,no_action,No action (baseline),1165.26439044621,1683.4977883957913,14.643519445288696,14.563315415485782,handysize_bulker,coastal_tanker,power_driven,restricted,25321.820938085555,-2.5218616861765826,180.23207312194597,1165.4829707980844,4.046037659631622,True,True,False,-1.2761477615487666e-12,1.2761477615487666e-12,0.0,0,0.0,True,head_on,0.0,0.0,0.0,,,0.0
head_on_0092,head_on,head_on,both_give_way,rule_based,Rule-based COLREGS,1165.26439044621,1683.4977883957913,14.643519445288696,14.563315415485782,handysize_bulker,coastal_tanker,power_driven,restricted,25321.820938085555,-2.5218616861765826,180.23207312194597,1165.4829707980844,4.046037659631622,True,True,False,-1.2761477615487666e-12,1.2761477615487666e-12,0.0,0,0.0,True,head_on,0.0,0.0,0.0,,,0.0
head_on_0092,head_on,head_on,both_give_way,velocity_obstacle,Velocity obstacle,1165.26439044621,1683.4977883957913,14.643519445288696,14.563315415485782,handysize_bulker,coastal_tanker,power_driven,restricted,25321.820938085555,-2.5218616861765826,180.23207312194597,1165.4829707980844,4.046037659631622,True,True,False,-1.2761477615487666e-12,1.2761477615487666e-12,0.0,0,0.0,True,head_on,0.0,0.0,0.0,,,0.0
head_on_0092,head_on,head_on,both_give_way,mpc,MPC,1165.26439044621,1683.4977883957913,14.643519445288696,14.563315415485782,handysize_bulker,coastal_tanker,power_driven,restricted,25321.820938085555,-2.5218616861765826,180.23207312194597,1165.4829707980844,4.046037659631622,True,True,False,-1.2761477615487666e-12,1.2761477615487666e-12,0.0,0,0.0,True,head_on,0.0,0.0,0.0,,,0.0
head_on_0093,head_on,head_on,both_give_way,no_action,No action (baseline),132.1793525542298,1488.2721407122644,13.147615172697854,12.821430222617995,vlcc,vlcc,power_driven,good,19879.014689479194,-0.780611016737352,177.64727564893977,134.17901277030174,0.2501430135159689,False,False,True,1.047306700519765e-12,-1.047306700519765e-12,0.0,0,0.0,True,head_on,0.0,0.0,0.0,,,0.0
head_on_0093,head_on,head_on,both_give_way,rule_based,Rule-based COLREGS,132.1793525542298,1488.2721407122644,13.147615172697854,12.821430222617995,vlcc,vlcc,power_driven,good,19879.014689479194,-0.780611016737352,177.64727564893977,3105.1413374537833,4.719702969484894,True,True,False,-2.211063526192885,6.562212031226341,3491.530871112465,92,38.64366886372106,False,head_on,1.0,1.0,1.0,,,1.0
head_on_0093,head_on,head_on,both_give_way,velocity_obstacle,Velocity obstacle,132.1793525542298,1488.2721407122644,13.147615172697854,12.821430222617995,vlcc,vlcc,power_driven,good,19879.014689479194,-0.780611016737352,177.64727564893977,1095.2252877176845,2.0650581812737463,True,True,False,-0.1738611234778086,0.5952961820829178,1236.6890189833848,24,11.164279957059454,True,head_on,1.0,0.0,1.0,,,0.6666666666666666
head_on_0093,head_on,head_on,both_give_way,mpc,MPC,132.1793525542298,1488.2721407122644,13.147615172697854,12.821430222617995,vlcc,vlcc,power_driven,good,19879.014689479194,-0.780611016737352,177.64727564893977,1001.4931757072534,1.8932154018984433,True,True,False,-1.5718173924916126,1.9686016984750183,1198.4153132455094,56,12.180143216136488,True,head_on,1.0,0.0,1.0,,,0.6666666666666666
head_on_0094,head_on,head_on,give_way,no_action,No action (baseline),866.8144132137414,1778.1843030542204,14.830832073260094,14.20412939694096,container_feeder,handysize_bulker,restricted_manoeuvrability,restricted,26573.688597008044,2.3475766269956084,180.97770028225528,867.2385560755009,3.6110307785492775,False,True,False,-1.2467666079798891e-12,1.2467666079798891e-12,0.0,0,0.0,True,head_on,0.0,0.0,0.0,,,0.0
head_on_0094,head_on,head_on,give_way,rule_based,Rule-based COLREGS,866.8144132137414,1778.1843030542204,14.830832073260094,14.20412939694096,container_feeder,handysize_bulker,restricted_manoeuvrability,restricted,26573.688597008044,2.3475766269956084,180.97770028225528,3034.7428875245437,10.432835568741208,True,True,False,-0.30684344247178086,4.6672395961304,3998.645193735859,56,34.99999995604119,False,head_on,1.0,1.0,1.0,,,1.0
head_on_0094,head_on,head_on,give_way,velocity_obstacle,Velocity obstacle,866.8144132137414,1778.1843030542204,14.830832073260094,14.20412939694096,container_feeder,handysize_bulker,restricted_manoeuvrability,restricted,26573.688597008044,2.3475766269956084,180.97770028225528,1085.345313475469,4.487685649726541,True,True,False,-0.05680882878782646,0.8633861156045325,1981.0587008726752,44,14.999994506807964,True,head_on,1.0,0.0,1.0,,,0.6666666666666666
head_on_0094,head_on,head_on,give_way,mpc,MPC,866.8144132137414,1778.1843030542204,14.830832073260094,14.20412939694096,container_feeder,handysize_bulker,restricted_manoeuvrability,restricted,26573.688597008044,2.3475766269956084,180.97770028225528,1079.5335981037526,4.497015222167552,True,True,False,-0.5930681343684953,1.7341637103505472,1942.4006544348215,61,19.999998004197792,True,head_on,1.0,0.0,1.0,,,0.6666666666666666
head_on_0095,head_on,head_on,both_give_way,no_action,No action (baseline),469.0278213757658,1784.6363229274732,11.921734189086271,15.129150108063197,handysize_bulker,vlcc,power_driven,good,24828.5638127391,3.019232439418928,183.462907312413,469.0551010605815,1.6255455227363076,False,True,False,-6.104992231230969e-13,6.104992231230969e-13,0.0,0,0.0,True,head_on,0.0,0.0,0.0,,,0.0
head_on_0095,head_on,head_on,both_give_way,rule_based,Rule-based COLREGS,469.0278213757658,1784.6363229274732,11.921734189086271,15.129150108063197,handysize_bulker,vlcc,power_driven,good,24828.5638127391,3.019232439418928,183.462907312413,2608.403733280489,7.940719695981869,True,True,False,-0.7418825322194752,5.198678804347308,3256.9597843123397,60,35.25611566169496,False,head_on,1.0,1.0,1.0,,,1.0
head_on_0095,head_on,head_on,both_give_way,velocity_obstacle,Velocity obstacle,469.0278213757658,1784.6363229274732,11.921734189086271,15.129150108063197,handysize_bulker,vlcc,power_driven,good,24828.5638127391,3.019232439418928,183.462907312413,1086.125990361422,3.719504776830217,True,True,False,-1.152223579572687,1.9901019113679261,1587.1274067785164,101,15.058596005346894,True,head_on,1.0,0.0,1.0,,,0.6666666666666666
head_on_0095,head_on,head_on,both_give_way,mpc,MPC,469.0278213757658,1784.6363229274732,11.921734189086271,15.129150108063197,handysize_bulker,vlcc,power_driven,good,24828.5638127391,3.019232439418928,183.462907312413,1008.3372385616666,3.4821151797259633,True,True,False,-3.4139282245094433,4.317056194708973,1492.552377160777,160,20.543213870045008,True,head_on,1.0,0.0,1.0,,,0.6666666666666666
head_on_0096,head_on,head_on,both_give_way,no_action,No action (baseline),880.8710473795206,1624.9454028908972,13.722990530866568,12.97499225886514,coastal_tanker,vlcc,power_driven,good,22327.564940612145,-3.7376070205782392,176.96170200835388,880.8713663316823,4.99528242729327,False,True,False,-7.31045214335515e-13,7.31045214335515e-13,0.0,0,0.0,True,head_on,0.0,0.0,0.0,,,0.0
head_on_0096,head_on,head_on,both_give_way,rule_based,Rule-based COLREGS,880.8710473795206,1624.9454028908972,13.722990530866568,12.97499225886514,coastal_tanker,vlcc,power_driven,good,22327.564940612145,-3.7376070205782392,176.96170200835388,4412.425175219309,20.0507977780368,True,True,False,-0.18149981557000186,4.400360236950763,3587.7532098501047,52,34.99999981774596,False,head_on,1.0,1.0,1.0,,,1.0
head_on_0096,head_on,head_on,both_give_way,velocity_obstacle,Velocity obstacle,880.8710473795206,1624.9454028908972,13.722990530866568,12.97499225886514,coastal_tanker,vlcc,power_driven,good,22327.564940612145,-3.7376070205782392,176.96170200835388,1092.8778992055015,6.196892588017189,True,True,False,-0.008398651131513363,0.04003585968728251,212.23789536201033,14,4.997163584417659,True,head_on,0.0,0.0,1.0,,,0.3333333333333333
head_on_0096,head_on,head_on,both_give_way,mpc,MPC,880.8710473795206,1624.9454028908972,13.722990530866568,12.97499225886514,coastal_tanker,vlcc,power_driven,good,22327.564940612145,-3.7376070205782392,176.96170200835388,1050.152361704802,5.9542953250340345,True,True,False,-0.2822247119027453,0.32787903003229957,171.3247254479974,21,9.838698507987193,True,head_on,1.0,0.0,1.0,,,0.6666666666666666
head_on_0097,head_on,head_on,both_give_way,no_action,No action (baseline),1339.3118208038873,1646.7194566789892,10.561542750420983,14.735292698779194,handysize_bulker,vlcc,power_driven,good,21466.018809714027,-5.166101937431127,177.27220500775977,1339.498635206183,4.645609102409224,True,True,False,4.2837419441326755e-13,-4.2837419441326755e-13,0.0,0,0.0,True,head_on,0.0,0.0,0.0,,,0.0
head_on_0097,head_on,head_on,both_give_way,rule_based,Rule-based COLREGS,1339.3118208038873,1646.7194566789892,10.561542750420983,14.735292698779194,handysize_bulker,vlcc,power_driven,good,21466.018809714027,-5.166101937431127,177.27220500775977,1339.498635206183,4.645609102409224,True,True,False,4.2837419441326755e-13,-4.2837419441326755e-13,0.0,0,0.0,True,head_on,0.0,0.0,0.0,,,0.0
head_on_0097,head_on,head_on,both_give_way,velocity_obstacle,Velocity obstacle,1339.3118208038873,1646.7194566789892,10.561542750420983,14.735292698779194,handysize_bulker,vlcc,power_driven,good,21466.018809714027,-5.166101937431127,177.27220500775977,1339.498635206183,4.645609102409224,True,True,False,4.2837419441326755e-13,-4.2837419441326755e-13,0.0,0,0.0,True,head_on,0.0,0.0,0.0,,,0.0
head_on_0097,head_on,head_on,both_give_way,mpc,MPC,1339.3118208038873,1646.7194566789892,10.561542750420983,14.735292698779194,handysize_bulker,vlcc,power_driven,good,21466.018809714027,-5.166101937431127,177.27220500775977,1339.498635206183,4.645609102409224,True,True,False,4.2837419441326755e-13,-4.2837419441326755e-13,0.0,0,0.0,True,head_on,0.0,0.0,0.0,,,0.0
head_on_0098,head_on,head_on,both_give_way,no_action,No action (baseline),147.57198593741973,1327.602752944419,14.570742804191617,10.088830268162411,handysize_bulker,coastal_tanker,power_driven,moderate,16838.2535158671,-0.5794518660949184,177.35619472687375,150.67139722781044,0.5115722388736931,False,False,False,1.2285208342939689e-12,-1.2285208342939689e-12,0.0,0,0.0,True,head_on,0.0,0.0,0.0,,,0.0
head_on_0098,head_on,head_on,both_give_way,rule_based,Rule-based COLREGS,147.57198593741973,1327.602752944419,14.570742804191617,10.088830268162411,handysize_bulker,coastal_tanker,power_driven,moderate,16838.2535158671,-0.5794518660949184,177.35619472687375,3623.776346061941,9.483710857083643,True,True,False,-0.5160032451711204,4.777091052787753,3824.6500099866053,56,34.999999999836554,False,head_on,1.0,1.0,1.0,,,1.0
head_on_0098,head_on,head_on,both_give_way,velocity_obstacle,Velocity obstacle,147.57198593741973,1327.602752944419,14.570742804191617,10.088830268162411,handysize_bulker,coastal_tanker,power_driven,moderate,16838.2535158671,-0.5794518660949184,177.35619472687375,1089.8545248267055,3.7497175947020724,True,True,False,-0.04684051602743529,0.39766089256642645,1250.0682780822513,32,9.999999997795534,True,head_on,1.0,0.0,1.0,,,0.6666666666666666
head_on_0098,head_on,head_on,both_give_way,mpc,MPC,147.57198593741973,1327.602752944419,14.570742804191617,10.088830268162411,handysize_bulker,coastal_tanker,power_driven,moderate,16838.2535158671,-0.5794518660949184,177.35619472687375,1034.1005455248676,3.567221235834193,True,True,False,-1.1347867398316813,1.4842529686312138,1196.9827160089274,70,10.069707770765364,True,head_on,1.0,0.0,1.0,,,0.6666666666666666
head_on_0099,head_on,head_on,both_give_way,no_action,No action (baseline),581.3021470402464,1258.493033945901,14.75445167025602,11.330745612651095,coastal_tanker,container_feeder,power_driven,good,16895.19261107499,2.9199314226397175,182.18295449365206,581.6536702172898,3.2991096139167224,False,True,False,-9.865781017656674e-13,9.865781017656674e-13,0.0,0,0.0,True,head_on,0.0,0.0,0.0,,,0.0
head_on_0099,head_on,head_on,both_give_way,rule_based,Rule-based COLREGS,581.3021470402464,1258.493033945901,14.75445167025602,11.330745612651095,coastal_tanker,container_feeder,power_driven,good,16895.19261107499,2.9199314226397175,182.18295449365206,3319.0698877338955,15.289529898809832,True,True,False,-0.19363939512155068,4.492778534183476,3921.2649553029623,50,34.999999873449404,False,head_on,1.0,1.0,1.0,,,1.0
head_on_0099,head_on,head_on,both_give_way,velocity_obstacle,Velocity obstacle,581.3021470402464,1258.493033945901,14.75445167025602,11.330745612651095,coastal_tanker,container_feeder,power_driven,good,16895.19261107499,2.9199314226397175,182.18295449365206,1081.535534031618,6.103076439822018,True,True,False,-0.7347854503998587,1.386943291312238,1688.9703469096246,133,14.999942815266754,True,head_on,1.0,0.0,1.0,,,0.6666666666666666
head_on_0099,head_on,head_on,both_give_way,mpc,MPC,581.3021470402464,1258.493033945901,14.75445167025602,11.330745612651095,coastal_tanker,container_feeder,power_driven,good,16895.19261107499,2.9199314226397175,182.18295449365206,1042.929109609936,5.497734399408524,True,True,False,-2.2626145372217508,3.275781372191878,1677.3409329032188,218,29.683703301199543,True,head_on,1.0,0.0,1.0,,,0.6666666666666666
crossing_0000,crossing,crossing,stand_on,no_action,No action (baseline),1312.0307804082004,1700.1146017023875,11.270418718269614,10.397923212626043,vlcc,handysize_bulker,power_driven,good,8222.98981437758,-69.040443360525,50.52782784528925,1312.030894515024,1.048908372985737,True,True,False,1.0123035697058331e-12,-1.0123035697058331e-12,0.0,0,0.0,True,crossing,,,,,1.0,1.0
crossing_0000,crossing,crossing,stand_on,rule_based,Rule-based COLREGS,1312.0307804082004,1700.1146017023875,11.270418718269614,10.397923212626043,vlcc,handysize_bulker,power_driven,good,8222.98981437758,-69.040443360525,50.52782784528925,1312.030894515024,1.048908372985737,True,True,False,1.0123035697058331e-12,-1.0123035697058331e-12,0.0,0,0.0,True,crossing,,,,,1.0,1.0
crossing_0000,crossing,crossing,stand_on,velocity_obstacle,Velocity obstacle,1312.0307804082004,1700.1146017023875,11.270418718269614,10.397923212626043,vlcc,handysize_bulker,power_driven,good,8222.98981437758,-69.040443360525,50.52782784528925,1312.030894515024,1.048908372985737,True,True,False,1.0123035697058331e-12,-1.0123035697058331e-12,0.0,0,0.0,True,crossing,,,,,1.0,1.0
crossing_0000,crossing,crossing,stand_on,mpc,MPC,1312.0307804082004,1700.1146017023875,11.270418718269614,10.397923212626043,vlcc,handysize_bulker,power_driven,good,8222.98981437758,-69.040443360525,50.52782784528925,1312.030894515024,1.048908372985737,True,True,False,1.0123035697058331e-12,-1.0123035697058331e-12,0.0,0,0.0,True,crossing,,,,,1.0,1.0
crossing_0001,crossing,crossing,give_way,no_action,No action (baseline),1094.1709972757496,837.2857421093943,13.220695408176466,10.463450479020835,vlcc,coastal_tanker,power_driven,good,9105.832819932433,17.39973312276824,235.63184384551795,1094.4492629232832,1.332266082030482,True,True,False,1.11591159388737e-12,-1.11591159388737e-12,0.0,0,0.0,False,crossing,0.0,0.0,0.0,1.0,,0.25
crossing_0001,crossing,crossing,give_way,rule_based,Rule-based COLREGS,1094.1709972757496,837.2857421093943,13.220695408176466,10.463450479020835,vlcc,coastal_tanker,power_driven,good,9105.832819932433,17.39973312276824,235.63184384551795,1094.4492629232832,1.332266082030482,True,True,False,1.11591159388737e-12,-1.11591159388737e-12,0.0,0,0.0,False,crossing,0.0,0.0,0.0,1.0,,0.25
crossing_0001,crossing,crossing,give_way,velocity_obstacle,Velocity obstacle,1094.1709972757496,837.2857421093943,13.220695408176466,10.463450479020835,vlcc,coastal_tanker,power_driven,good,9105.832819932433,17.39973312276824,235.63184384551795,1094.4492629232832,1.332266082030482,True,True,False,1.11591159388737e-12,-1.11591159388737e-12,0.0,0,0.0,False,crossing,0.0,0.0,0.0,1.0,,0.25
crossing_0001,crossing,crossing,give_way,mpc,MPC,1094.1709972757496,837.2857421093943,13.220695408176466,10.463450479020835,vlcc,coastal_tanker,power_driven,good,9105.832819932433,17.39973312276824,235.63184384551795,1094.4492629232832,1.332266082030482,True,True,False,1.11591159388737e-12,-1.11591159388737e-12,0.0,0,0.0,False,crossing,0.0,0.0,0.0,1.0,,0.25
crossing_0002,crossing,crossing,stand_on,no_action,No action (baseline),703.4806535910515,748.2792414164551,14.776525311241134,14.356942605611787,container_feeder,container_feeder,power_driven,good,4535.578229857769,-55.64811127589921,47.070457343536226,703.5561101311904,1.2462693678790402,False,True,False,-7.055476887815279e-13,7.055476887815279e-13,0.0,0,0.0,False,crossing,,,,,1.0,1.0
crossing_0002,crossing,crossing,stand_on,rule_based,Rule-based COLREGS,703.4806535910515,748.2792414164551,14.776525311241134,14.356942605611787,container_feeder,container_feeder,power_driven,good,4535.578229857769,-55.64811127589921,47.070457343536226,676.9758335974315,1.1408835362104335,False,True,False,-1.490930377560014,6.6699945898958575,5331.380930015744,222,31.319350218124587,False,crossing,,,,,1.0,1.0
crossing_0002,crossing,crossing,stand_on,velocity_obstacle,Velocity obstacle,703.4806535910515,748.2792414164551,14.776525311241134,14.356942605611787,container_feeder,container_feeder,power_driven,good,4535.578229857769,-55.64811127589921,47.070457343536226,1087.4855973352376,1.9404453822243033,True,True,False,-0.4117709887007067,0.6395869410995557,662.7287622763929,43,12.777859191255024,False,crossing,,,,,1.0,1.0
crossing_0002,crossing,crossing,stand_on,mpc,MPC,703.4806535910515,748.2792414164551,14.776525311241134,14.356942605611787,container_feeder,container_feeder,power_driven,good,4535.578229857769,-55.64811127589921,47.070457343536226,1028.9796132609204,1.8236210293926227,True,True,False,-0.03627662306706542,0.21993870874060442,633.2017924939408,30,9.999786322095519,False,crossing,,,,,1.0,1.0
crossing_0003,crossing,crossing,stand_on,no_action,No action (baseline),1242.2768463961518,1734.5664495102792,14.747617295139241,11.39654929567558,vlcc,container_feeder,power_driven,good,6234.771475071584,-36.75103116171378,26.62704908968866,1242.2777850312275,0.969259797399455,True,False,False,-1.1470950831256139e-12,1.1470950831256139e-12,0.0,0,0.0,False,crossing,,,,,1.0,1.0
crossing_0003,crossing,crossing,stand_on,rule_based,Rule-based COLREGS,1242.2768463961518,1734.5664495102792,14.747617295139241,11.39654929567558,vlcc,container_feeder,power_driven,good,6234.771475071584,-36.75103116171378,26.62704908968866,1242.2777850312275,0.969259797399455,True,False,False,-1.1470950831256139e-12,1.1470950831256139e-12,0.0,0,0.0,False,crossing,,,,,1.0,1.0
crossing_0003,crossing,crossing,stand_on,velocity_obstacle,Velocity obstacle,1242.2768463961518,1734.5664495102792,14.747617295139241,11.39654929567558,vlcc,container_feeder,power_driven,good,6234.771475071584,-36.75103116171378,26.62704908968866,1242.2777850312275,0.969259797399455,True,False,False,-1.1470950831256139e-12,1.1470950831256139e-12,0.0,0,0.0,False,crossing,,,,,1.0,1.0
crossing_0003,crossing,crossing,stand_on,mpc,MPC,1242.2768463961518,1734.5664495102792,14.747617295139241,11.39654929567558,vlcc,container_feeder,power_driven,good,6234.771475071584,-36.75103116171378,26.62704908968866,1242.2777850312275,0.969259797399455,True,False,False,-1.1470950831256139e-12,1.1470950831256139e-12,0.0,0,0.0,False,crossing,,,,,1.0,1.0
crossing_0004,crossing,crossing,give_way,no_action,No action (baseline),1056.6865047002877,1764.4829566382177,8.510638216320453,13.499286623546574,coastal_tanker,vlcc,restricted_manoeuvrability,good,12745.950031707418,-73.5868309523709,75.1598912650588,1056.6930599720733,3.5787582884920046,True,True,False,-4.969345088195531e-13,4.969345088195531e-13,0.0,0,0.0,True,crossing,0.0,0.0,0.0,0.0,,0.0
crossing_0004,crossing,crossing,give_way,rule_based,Rule-based COLREGS,1056.6865047002877,1764.4829566382177,8.510638216320453,13.499286623546574,coastal_tanker,vlcc,restricted_manoeuvrability,good,12745.950031707418,-73.5868309523709,75.1598912650588,1056.6930599720733,3.5787582884920046,True,True,False,-4.969345088195531e-13,4.969345088195531e-13,0.0,0,0.0,True,crossing,0.0,0.0,0.0,0.0,,0.0
crossing_0004,crossing,crossing,give_way,velocity_obstacle,Velocity obstacle,1056.6865047002877,1764.4829566382177,8.510638216320453,13.499286623546574,coastal_tanker,vlcc,restricted_manoeuvrability,good,12745.950031707418,-73.5868309523709,75.1598912650588,1056.6930599720733,3.5787582884920046,True,True,False,-4.969345088195531e-13,4.969345088195531e-13,0.0,0,0.0,True,crossing,0.0,0.0,0.0,0.0,,0.0
crossing_0004,crossing,crossing,give_way,mpc,MPC,1056.6865047002877,1764.4829566382177,8.510638216320453,13.499286623546574,coastal_tanker,vlcc,restricted_manoeuvrability,good,12745.950031707418,-73.5868309523709,75.1598912650588,1056.6930599720733,3.5787582884920046,True,True,False,-4.969345088195531e-13,4.969345088195531e-13,0.0,0,0.0,True,crossing,0.0,0.0,0.0,0.0,,0.0
crossing_0005,crossing,crossing,give_way,no_action,No action (baseline),729.610337768599,661.6577027666755,8.369863412628135,9.982249296443232,vlcc,handysize_bulker,power_driven,good,2192.438265833875,66.44392681781454,322.6342915295086,729.6287243424777,0.6393857975055005,False,False,False,2.1151782137297972e-13,-2.1151782137297972e-13,0.0,0,0.0,False,crossing,0.0,0.0,0.0,1.0,,0.25
crossing_0005,crossing,crossing,give_way,rule_based,Rule-based COLREGS,729.610337768599,661.6577027666755,8.369863412628135,9.982249296443232,vlcc,handysize_bulker,power_driven,good,2192.438265833875,66.44392681781454,322.6342915295086,1243.2867293966906,1.2535382422704275,True,True,False,-4.304462009437039,8.203299220477419,2014.96754280568,137,40.48235570051124,False,crossing,1.0,1.0,1.0,1.0,,1.0
crossing_0005,crossing,crossing,give_way,velocity_obstacle,Velocity obstacle,729.610337768599,661.6577027666755,8.369863412628135,9.982249296443232,vlcc,handysize_bulker,power_driven,good,2192.438265833875,66.44392681781454,322.6342915295086,1262.3744656985396,1.2711958746855112,True,True,False,-3.883668687707114,4.556854965611558,551.7833635124321,112,27.717866913832864,False,crossing,1.0,0.0,1.0,1.0,,0.75
crossing_0005,crossing,crossing,give_way,mpc,MPC,729.610337768599,661.6577027666755,8.369863412628135,9.982249296443232,vlcc,handysize_bulker,power_driven,good,2192.438265833875,66.44392681781454,322.6342915295086,1055.849160516318,0.9271209090009146,True,False,False,-2.1279554937411604,2.1279554937411604,0.0,0,0.0,False,crossing,0.0,0.0,1.0,1.0,,0.5
crossing_0006,crossing,crossing,give_way,no_action,No action (baseline),992.0939488670473,1731.071953258938,11.190690795018957,9.199132654309647,container_feeder,container_feeder,power_driven,good,12856.592007729936,44.146712526512665,270.74420366007774,992.1257022242818,2.0238912611828694,True,True,False,-5.273357134236732e-14,5.273357134236732e-14,0.0,0,0.0,True,crossing,0.0,0.0,0.0,0.0,,0.0
crossing_0006,crossing,crossing,give_way,rule_based,Rule-based COLREGS,992.0939488670473,1731.071953258938,11.190690795018957,9.199132654309647,container_feeder,container_feeder,power_driven,good,12856.592007729936,44.146712526512665,270.74420366007774,992.1257022242818,2.0238912611828694,True,True,False,-5.273357134236732e-14,5.273357134236732e-14,0.0,0,0.0,True,crossing,0.0,0.0,0.0,0.0,,0.0
crossing_0006,crossing,crossing,give_way,velocity_obstacle,Velocity obstacle,992.0939488670473,1731.071953258938,11.190690795018957,9.199132654309647,container_feeder,container_feeder,power_driven,good,12856.592007729936,44.146712526512665,270.74420366007774,992.1257022242818,2.0238912611828694,True,True,False,-5.273357134236732e-14,5.273357134236732e-14,0.0,0,0.0,True,crossing,0.0,0.0,0.0,0.0,,0.0
crossing_0006,crossing,crossing,give_way,mpc,MPC,992.0939488670473,1731.071953258938,11.190690795018957,9.199132654309647,container_feeder,container_feeder,power_driven,good,12856.592007729936,44.146712526512665,270.74420366007774,992.1257022242818,2.0238912611828694,True,True,False,-5.273357134236732e-14,5.273357134236732e-14,0.0,0,0.0,True,crossing,0.0,0.0,0.0,0.0,,0.0
crossing_0007,crossing,crossing,give_way,no_action,No action (baseline),946.7745996628452,1102.9968915658785,15.08105042484627,9.20284237760137,handysize_bulker,container_feeder,fishing,good,8118.185275460453,-29.773225181581186,66.60287806034535,946.8878209950536,1.345043768817147,True,True,False,9.391257104010712e-13,-9.391257104010712e-13,0.0,0,0.0,False,crossing,0.0,0.0,0.0,1.0,,0.25
crossing_0007,crossing,crossing,give_way,rule_based,Rule-based COLREGS,946.7745996628452,1102.9968915658785,15.08105042484627,9.20284237760137,handysize_bulker,container_feeder,fishing,good,8118.185275460453,-29.773225181581186,66.60287806034535,946.8878209950536,1.345043768817147,True,True,False,9.391257104010712e-13,-9.391257104010712e-13,0.0,0,0.0,False,crossing,0.0,0.0,0.0,1.0,,0.25
crossing_0007,crossing,crossing,give_way,velocity_obstacle,Velocity obstacle,946.7745996628452,1102.9968915658785,15.08105042484627,9.20284237760137,handysize_bulker,container_feeder,fishing,good,8118.185275460453,-29.773225181581186,66.60287806034535,946.8878209950536,1.345043768817147,True,True,False,9.391257104010712e-13,-9.391257104010712e-13,0.0,0,0.0,False,crossing,0.0,0.0,0.0,1.0,,0.25
crossing_0007,crossing,crossing,give_way,mpc,MPC,946.7745996628452,1102.9968915658785,15.08105042484627,9.20284237760137,handysize_bulker,container_feeder,fishing,good,8118.185275460453,-29.773225181581186,66.60287806034535,946.8878209950536,1.345043768817147,True,True,False,9.391257104010712e-13,-9.391257104010712e-13,0.0,0,0.0,False,crossing,0.0,0.0,0.0,1.0,,0.25
crossing_0008,crossing,crossing,stand_on,no_action,No action (baseline),1031.587500615544,842.6889216095076,15.047120648438813,14.181570979062368,coastal_tanker,handysize_bulker,power_driven,good,11282.838859511861,-31.911492204297506,124.89857783474086,1032.0476013711216,3.9603402035584705,True,True,False,-1.2157726558531125e-12,1.2157726558531125e-12,0.0,0,0.0,True,crossing,,,,,1.0,1.0
crossing_0008,crossing,crossing,stand_on,rule_based,Rule-based COLREGS,1031.587500615544,842.6889216095076,15.047120648438813,14.181570979062368,coastal_tanker,handysize_bulker,power_driven,good,11282.838859511861,-31.911492204297506,124.89857783474086,1032.0476013711216,3.9603402035584705,True,True,False,-1.2157726558531125e-12,1.2157726558531125e-12,0.0,0,0.0,True,crossing,,,,,1.0,1.0
crossing_0008,crossing,crossing,stand_on,velocity_obstacle,Velocity obstacle,1031.587500615544,842.6889216095076,15.047120648438813,14.181570979062368,coastal_tanker,handysize_bulker,power_driven,good,11282.838859511861,-31.911492204297506,124.89857783474086,1032.0476013711216,3.9603402035584705,True,True,False,-1.2157726558531125e-12,1.2157726558531125e-12,0.0,0,0.0,True,crossing,,,,,1.0,1.0
crossing_0008,crossing,crossing,stand_on,mpc,MPC,1031.587500615544,842.6889216095076,15.047120648438813,14.181570979062368,coastal_tanker,handysize_bulker,power_driven,good,11282.838859511861,-31.911492204297506,124.89857783474086,1032.0476013711216,3.9603402035584705,True,True,False,-1.2157726558531125e-12,1.2157726558531125e-12,0.0,0,0.0,True,crossing,,,,,1.0,1.0
crossing_0009,crossing,crossing,give_way,no_action,No action (baseline),378.66238137700725,797.5300044610756,12.52320465088825,15.75333384396621,vlcc,vlcc,power_driven,good,10301.040106437944,28.97872809075111,235.31831760636814,380.0021303000348,0.5230360617377267,False,False,False,8.796205667848853e-13,-8.796205667848853e-13,0.0,0,0.0,False,crossing,0.0,0.0,0.0,1.0,,0.25
crossing_0009,crossing,crossing,give_way,rule_based,Rule-based COLREGS,378.66238137700725,797.5300044610756,12.52320465088825,15.75333384396621,vlcc,vlcc,power_driven,good,10301.040106437944,28.97872809075111,235.31831760636814,2828.132881957088,4.439374478109834,True,True,False,-2.390722453951373,5.7007623811581984,2562.18256932758,96,38.8859102487029,False,crossing,1.0,1.0,1.0,1.0,,1.0
crossing_0009,crossing,crossing,give_way,velocity_obstacle,Velocity obstacle,378.66238137700725,797.5300044610756,12.52320465088825,15.75333384396621,vlcc,vlcc,power_driven,good,10301.040106437944,28.97872809075111,235.31831760636814,1097.3553260092744,1.564772257979121,True,True,False,-0.23851028029195606,0.5331676932178201,811.4056666599669,47,11.274613091404136,False,crossing,1.0,0.0,1.0,1.0,,0.75
crossing_0009,crossing,crossing,give_way,mpc,MPC,378.66238137700725,797.5300044610756,12.52320465088825,15.75333384396621,vlcc,vlcc,power_driven,good,10301.040106437944,28.97872809075111,235.31831760636814,1032.7922151577297,1.4214437915465417,True,True,False,-3.2143245200750683,3.3168792722147167,309.71454969468664,75,13.554461360327027,False,crossing,1.0,0.0,1.0,1.0,,0.75
crossing_0010,crossing,crossing,stand_on,no_action,No action (baseline),452.6717847983778,1451.7018002368773,13.872290356775324,12.226675230365325,vlcc,handysize_bulker,power_driven,good,5787.490524459236,-56.904979126383374,33.6921821618631,452.72231374262935,0.34407278924623974,False,False,False,-4.253984570913225e-13,4.253984570913225e-13,0.0,0,0.0,False,crossing,,,,,1.0,1.0
crossing_0010,crossing,crossing,stand_on,rule_based,Rule-based COLREGS,452.6717847983778,1451.7018002368773,13.872290356775324,12.226675230365325,vlcc,handysize_bulker,power_driven,good,5787.490524459236,-56.904979126383374,33.6921821618631,179.72232535125622,0.13692514565490466,False,False,True,-2.033050271852777,8.381438593971785,5308.710569405893,88,38.360701380539915,True,crossing,,,,,1.0,1.0
crossing_0010,crossing,crossing,stand_on,velocity_obstacle,Velocity obstacle,452.6717847983778,1451.7018002368773,13.872290356775324,12.226675230365325,vlcc,handysize_bulker,power_driven,good,5787.490524459236,-56.904979126383374,33.6921821618631,1153.734597251204,0.8787453092160421,True,False,False,-0.9520556491857832,1.293550987275668,975.5008626258992,56,11.043676833979381,False,crossing,,,,,0.0,0.0
crossing_0010,crossing,crossing,stand_on,mpc,MPC,452.6717847983778,1451.7018002368773,13.872290356775324,12.226675230365325,vlcc,handysize_bulker,power_driven,good,5787.490524459236,-56.904979126383374,33.6921821618631,1048.8222698247332,0.797257121533547,True,False,False,-2.032472812434227,2.0981199160321484,263.9667001311946,46,10.521753668422107,False,crossing,,,,,0.0,0.0
crossing_0011,crossing,crossing,give_way,no_action,No action (baseline),1137.9186998750395,1586.8153481078214,13.746584246250402,14.87574094656909,container_feeder,handysize_bulker,fishing,good,11690.279082655286,-58.56988410463737,59.573596474050696,1137.9965440688702,2.2037670151736934,True,True,False,1.0875309372303602e-12,-1.0875309372303602e-12,0.0,0,0.0,False,crossing,0.0,0.0,0.0,1.0,,0.25
crossing_0011,crossing,crossing,give_way,rule_based,Rule-based COLREGS,1137.9186998750395,1586.8153481078214,13.746584246250402,14.87574094656909,container_feeder,handysize_bulker,fishing,good,11690.279082655286,-58.56988410463737,59.573596474050696,1137.9965440688702,2.2037670151736934,True,True,False,1.0875309372303602e-12,-1.0875309372303602e-12,0.0,0,0.0,False,crossing,0.0,0.0,0.0,1.0,,0.25
crossing_0011,crossing,crossing,give_way,velocity_obstacle,Velocity obstacle,1137.9186998750395,1586.8153481078214,13.746584246250402,14.87574094656909,container_feeder,handysize_bulker,fishing,good,11690.279082655286,-58.56988410463737,59.573596474050696,1137.9965440688702,2.2037670151736934,True,True,False,1.0875309372303602e-12,-1.0875309372303602e-12,0.0,0,0.0,False,crossing,0.0,0.0,0.0,1.0,,0.25
crossing_0011,crossing,crossing,give_way,mpc,MPC,1137.9186998750395,1586.8153481078214,13.746584246250402,14.87574094656909,container_feeder,handysize_bulker,fishing,good,11690.279082655286,-58.56988410463737,59.573596474050696,1137.9965440688702,2.2037670151736934,True,True,False,1.0875309372303602e-12,-1.0875309372303602e-12,0.0,0,0.0,False,crossing,0.0,0.0,0.0,1.0,,0.25
crossing_0012,crossing,crossing,give_way,no_action,No action (baseline),1433.7147979610615,1438.689063620432,11.628358518913323,12.623299916150165,coastal_tanker,container_feeder,fishing,good,15067.52199718194,29.435501645035085,246.69809259718608,1433.7799398521074,5.1958495086408325,True,True,False,-8.28896856824466e-13,8.28896856824466e-13,0.0,0,0.0,False,crossing,0.0,0.0,0.0,1.0,,0.25
crossing_0012,crossing,crossing,give_way,rule_based,Rule-based COLREGS,1433.7147979610615,1438.689063620432,11.628358518913323,12.623299916150165,coastal_tanker,container_feeder,fishing,good,15067.52199718194,29.435501645035085,246.69809259718608,1433.7799398521074,5.1958495086408325,True,True,False,-8.28896856824466e-13,8.28896856824466e-13,0.0,0,0.0,False,crossing,0.0,0.0,0.0,1.0,,0.25
crossing_0012,crossing,crossing,give_way,velocity_obstacle,Velocity obstacle,1433.7147979610615,1438.689063620432,11.628358518913323,12.623299916150165,coastal_tanker,container_feeder,fishing,good,15067.52199718194,29.435501645035085,246.69809259718608,1433.7799398521074,5.1958495086408325,True,True,False,-8.28896856824466e-13,8.28896856824466e-13,0.0,0,0.0,False,crossing,0.0,0.0,0.0,1.0,,0.25
crossing_0012,crossing,crossing,give_way,mpc,MPC,1433.7147979610615,1438.689063620432,11.628358518913323,12.623299916150165,coastal_tanker,container_feeder,fishing,good,15067.52199718194,29.435501645035085,246.69809259718608,1433.7799398521074,5.1958495086408325,True,True,False,-8.28896856824466e-13,8.28896856824466e-13,0.0,0,0.0,False,crossing,0.0,0.0,0.0,1.0,,0.25
crossing_0013,crossing,crossing,give_way,no_action,No action (baseline),386.80265696941234,1521.5903493926103,8.464478296803332,11.630081202695862,handysize_bulker,container_feeder,power_driven,good,10952.464191078368,58.15674570018657,273.31298032804597,386.97180108154566,0.7863283874216819,False,False,False,1.0225282296025374e-12,-1.0225282296025374e-12,0.0,0,0.0,True,crossing,0.0,0.0,0.0,0.0,,0.0
crossing_0013,crossing,crossing,give_way,rule_based,Rule-based COLREGS,386.80265696941234,1521.5903493926103,8.464478296803332,11.630081202695862,handysize_bulker,container_feeder,power_driven,good,10952.464191078368,58.15674570018657,273.31298032804597,1033.0210047085689,2.61730968287436,True,True,False,-1.359746066855615,5.75276550641599,2245.02093012231,76,38.752399919347525,False,crossing,1.0,1.0,1.0,1.0,,1.0
crossing_0013,crossing,crossing,give_way,velocity_obstacle,Velocity obstacle,386.80265696941234,1521.5903493926103,8.464478296803332,11.630081202695862,handysize_bulker,container_feeder,power_driven,good,10952.464191078368,58.15674570018657,273.31298032804597,1082.7445938716435,2.342339195295866,True,True,False,-0.8531495287923969,3.715592510265394,1903.9541128882852,70,31.772719645782363,False,crossing,1.0,1.0,1.0,1.0,,1.0
crossing_0013,crossing,crossing,give_way,mpc,MPC,386.80265696941234,1521.5903493926103,8.464478296803332,11.630081202695862,handysize_bulker,container_feeder,power_driven,good,10952.464191078368,58.15674570018657,273.31298032804597,1040.4576927531798,2.1483103719517134,True,True,False,-10.674184658238918,10.727057400103686,102.08216619961757,49,12.299202070862833,False,crossing,1.0,0.0,1.0,1.0,,0.75
crossing_0014,crossing,crossing,give_way,no_action,No action (baseline),1103.8371248205328,1039.2183351784133,11.128484261656912,10.053452874158175,container_feeder,coastal_tanker,restricted_manoeuvrability,good,5269.338240295172,45.28073007636463,306.16170511668116,1103.8439280375276,1.950063546642235,True,True,False,-3.5352229320380185e-14,3.5352229320380185e-14,0.0,0,0.0,False,crossing,0.0,0.0,0.0,1.0,,0.25
crossing_0014,crossing,crossing,give_way,rule_based,Rule-based COLREGS,1103.8371248205328,1039.2183351784133,11.128484261656912,10.053452874158175,container_feeder,coastal_tanker,restricted_manoeuvrability,good,5269.338240295172,45.28073007636463,306.16170511668116,1103.8439280375276,1.950063546642235,True,True,False,-3.5352229320380185e-14,3.5352229320380185e-14,0.0,0,0.0,False,crossing,0.0,0.0,0.0,1.0,,0.25
crossing_0014,crossing,crossing,give_way,velocity_obstacle,Velocity obstacle,1103.8371248205328,1039.2183351784133,11.128484261656912,10.053452874158175,container_feeder,coastal_tanker,restricted_manoeuvrability,good,5269.338240295172,45.28073007636463,306.16170511668116,1103.8439280375276,1.950063546642235,True,True,False,-3.5352229320380185e-14,3.5352229320380185e-14,0.0,0,0.0,False,crossing,0.0,0.0,0.0,1.0,,0.25
crossing_0014,crossing,crossing,give_way,mpc,MPC,1103.8371248205328,1039.2183351784133,11.128484261656912,10.053452874158175,container_feeder,coastal_tanker,restricted_manoeuvrability,good,5269.338240295172,45.28073007636463,306.16170511668116,1103.8439280375276,1.950063546642235,True,True,False,-3.5352229320380185e-14,3.5352229320380185e-14,0.0,0,0.0,False,crossing,0.0,0.0,0.0,1.0,,0.25
crossing_0015,crossing,crossing,give_way,no_action,No action (baseline),747.8271397570038,1435.880424789976,14.2137854463585,12.833761827644931,handysize_bulker,coastal_tanker,power_driven,restricted,19333.350782454316,16.239352333973372,209.58920285412728,747.9209507005583,2.212066510932008,False,True,False,5.812491901550191e-13,-5.812491901550191e-13,0.0,0,0.0,True,crossing,0.0,0.0,0.0,0.0,,0.0
crossing_0015,crossing,crossing,give_way,rule_based,Rule-based COLREGS,747.8271397570038,1435.880424789976,14.2137854463585,12.833761827644931,handysize_bulker,coastal_tanker,power_driven,restricted,19333.350782454316,16.239352333973372,209.58920285412728,2837.557479046715,8.808630077532879,True,True,False,-0.5403169290702461,4.574513694789319,3540.2456850850426,56,34.999999999975586,False,crossing,1.0,1.0,1.0,1.0,,1.0
crossing_0015,crossing,crossing,give_way,velocity_obstacle,Velocity obstacle,747.8271397570038,1435.880424789976,14.2137854463585,12.833761827644931,handysize_bulker,coastal_tanker,power_driven,restricted,19333.350782454316,16.239352333973372,209.58920285412728,1087.5504295041321,3.2912860925433294,True,True,False,-0.10630023319123788,0.9080309848476579,1860.8996773230647,46,14.999690526732683,False,crossing,1.0,0.0,1.0,1.0,,0.75
crossing_0015,crossing,crossing,give_way,mpc,MPC,747.8271397570038,1435.880424789976,14.2137854463585,12.833761827644931,handysize_bulker,coastal_tanker,power_driven,restricted,19333.350782454316,16.239352333973372,209.58920285412728,1015.5094657802608,3.121256244687448,True,True,False,-2.2396729888965257,2.9228207329998157,1672.2047220205443,122,18.534004732048473,False,crossing,1.0,0.0,1.0,1.0,,0.75
crossing_0016,crossing,crossing,stand_on,no_action,No action (baseline),1058.0416105994045,1176.9104987727658,15.421155088561477,14.686371559069176,handysize_bulker,coastal_tanker,power_driven,good,11923.14271204148,-42.64476937661454,81.27042142219236,1058.2172354442519,1.7994932277297737,True,True,False,-1.836827671142926e-12,1.836827671142926e-12,0.0,0,0.0,False,crossing,,,,,1.0,1.0
crossing_0016,crossing,crossing,stand_on,rule_based,Rule-based COLREGS,1058.0416105994045,1176.9104987727658,15.421155088561477,14.686371559069176,handysize_bulker,coastal_tanker,power_driven,good,11923.14271204148,-42.64476937661454,81.27042142219236,1058.2172354442519,1.7994932277297737,True,True,False,-1.836827671142926e-12,1.836827671142926e-12,0.0,0,0.0,False,crossing,,,,,1.0,1.0
crossing_0016,crossing,crossing,stand_on,velocity_obstacle,Velocity obstacle,1058.0416105994045,1176.9104987727658,15.421155088561477,14.686371559069176,handysize_bulker,coastal_tanker,power_driven,good,11923.14271204148,-42.64476937661454,81.27042142219236,1058.2172354442519,1.7994932277297737,True,True,False,-1.836827671142926e-12,1.836827671142926e-12,0.0,0,0.0,False,crossing,,,,,1.0,1.0
crossing_0016,crossing,crossing,stand_on,mpc,MPC,1058.0416105994045,1176.9104987727658,15.421155088561477,14.686371559069176,handysize_bulker,coastal_tanker,power_driven,good,11923.14271204148,-42.64476937661454,81.27042142219236,1058.2172354442519,1.7994932277297737,True,True,False,-1.836827671142926e-12,1.836827671142926e-12,0.0,0,0.0,False,crossing,,,,,1.0,1.0
crossing_0017,crossing,crossing,give_way,no_action,No action (baseline),752.5118813773948,1050.401309085465,11.12651314994288,8.758088577654846,handysize_bulker,handysize_bulker,not_under_command,good,8830.401673506656,25.60889276884592,250.64381923608897,752.5193889137557,1.4650411809888948,False,True,False,1.219867978360166e-12,-1.219867978360166e-12,0.0,0,0.0,False,crossing,0.0,0.0,0.0,1.0,,0.25
crossing_0017,crossing,crossing,give_way,rule_based,Rule-based COLREGS,752.5118813773948,1050.401309085465,11.12651314994288,8.758088577654846,handysize_bulker,handysize_bulker,not_under_command,good,8830.401673506656,25.60889276884592,250.64381923608897,3112.919189220202,6.220903205124215,True,True,False,-0.8383029892920143,4.210744031197364,2330.2516391851295,64,35.53565566446741,False,crossing,1.0,1.0,1.0,1.0,,1.0
crossing_0017,crossing,crossing,give_way,velocity_obstacle,Velocity obstacle,752.5118813773948,1050.401309085465,11.12651314994288,8.758088577654846,handysize_bulker,handysize_bulker,not_under_command,good,8830.401673506656,25.60889276884592,250.64381923608897,1089.7358606544933,2.1210209234551187,True,True,False,-0.02575220250296334,0.1022788869840622,379.4399763258234,16,5.057189428117515,False,crossing,1.0,0.0,1.0,1.0,,0.75
crossing_0017,crossing,crossing,give_way,mpc,MPC,752.5118813773948,1050.401309085465,11.12651314994288,8.758088577654846,handysize_bulker,handysize_bulker,not_under_command,good,8830.401673506656,25.60889276884592,250.64381923608897,1053.2147817292882,2.0500963918526143,True,True,False,-2.878998609178725,2.878998609178725,0.0,0,0.0,False,crossing,0.0,0.0,1.0,1.0,,0.5
crossing_0018,crossing,crossing,give_way,no_action,No action (baseline),979.9828787831469,1102.959134752945,15.908918535959225,8.823994099430372,coastal_tanker,container_feeder,power_driven,good,6704.342819887686,24.60985523321662,313.8008554519858,980.0597169517711,2.2617676012302868,True,True,False,1.1004547128021616e-12,-1.1004547128021616e-12,0.0,0,0.0,False,crossing,0.0,0.0,0.0,1.0,,0.25
crossing_0018,crossing,crossing,give_way,rule_based,Rule-based COLREGS,979.9828787831469,1102.959134752945,15.908918535959225,8.823994099430372,coastal_tanker,container_feeder,power_driven,good,6704.342819887686,24.60985523321662,313.8008554519858,980.0597169517711,2.2617676012302868,True,True,False,1.1004547128021616e-12,-1.1004547128021616e-12,0.0,0,0.0,False,crossing,0.0,0.0,0.0,1.0,,0.25
crossing_0018,crossing,crossing,give_way,velocity_obstacle,Velocity obstacle,979.9828787831469,1102.959134752945,15.908918535959225,8.823994099430372,coastal_tanker,container_feeder,power_driven,good,6704.342819887686,24.60985523321662,313.8008554519858,980.0597169517711,2.2617676012302868,True,True,False,1.1004547128021616e-12,-1.1004547128021616e-12,0.0,0,0.0,False,crossing,0.0,0.0,0.0,1.0,,0.25
crossing_0018,crossing,crossing,give_way,mpc,MPC,979.9828787831469,1102.959134752945,15.908918535959225,8.823994099430372,coastal_tanker,container_feeder,power_driven,good,6704.342819887686,24.60985523321662,313.8008554519858,980.0597169517711,2.2617676012302868,True,True,False,1.1004547128021616e-12,-1.1004547128021616e-12,0.0,0,0.0,False,crossing,0.0,0.0,0.0,1.0,,0.25
crossing_0019,crossing,crossing,give_way,no_action,No action (baseline),1361.098004342248,636.2254814331043,11.996444578172753,15.476349072726311,handysize_bulker,coastal_tanker,fishing,good,6171.996608353268,-69.37585851233348,83.01860386180476,1361.1473971490848,2.641776920279717,True,True,False,5.575055447241876e-13,-5.575055447241876e-13,0.0,0,0.0,True,crossing,0.0,0.0,0.0,0.0,,0.0
crossing_0019,crossing,crossing,give_way,rule_based,Rule-based COLREGS,1361.098004342248,636.2254814331043,11.996444578172753,15.476349072726311,handysize_bulker,coastal_tanker,fishing,good,6171.996608353268,-69.37585851233348,83.01860386180476,1361.1473971490848,2.641776920279717,True,True,False,5.575055447241876e-13,-5.575055447241876e-13,0.0,0,0.0,True,crossing,0.0,0.0,0.0,0.0,,0.0
crossing_0019,crossing,crossing,give_way,velocity_obstacle,Velocity obstacle,1361.098004342248,636.2254814331043,11.996444578172753,15.476349072726311,handysize_bulker,coastal_tanker,fishing,good,6171.996608353268,-69.37585851233348,83.01860386180476,1361.1473971490848,2.641776920279717,True,True,False,5.575055447241876e-13,-5.575055447241876e-13,0.0,0,0.0,True,crossing,0.0,0.0,0.0,0.0,,0.0
crossing_0019,crossing,crossing,give_way,mpc,MPC,1361.098004342248,636.2254814331043,11.996444578172753,15.476349072726311,handysize_bulker,coastal_tanker,fishing,good,6171.996608353268,-69.37585851233348,83.01860386180476,1361.1473971490848,2.641776920279717,True,True,False,5.575055447241876e-13,-5.575055447241876e-13,0.0,0,0.0,True,crossing,0.0,0.0,0.0,0.0,,0.0
crossing_0020,crossing,crossing,give_way,no_action,No action (baseline),1247.695313707649,1764.784642915497,13.237286934420355,11.8019350268235,container_feeder,container_feeder,fishing,good,20427.93543275701,-21.164537269409248,127.42356875404334,1247.6977946787363,3.5454032113809055,True,True,False,7.578687841143247e-13,-7.578687841143247e-13,0.0,0,0.0,False,crossing,0.0,0.0,0.0,1.0,,0.25
crossing_0020,crossing,crossing,give_way,rule_based,Rule-based COLREGS,1247.695313707649,1764.784642915497,13.237286934420355,11.8019350268235,container_feeder,container_feeder,fishing,good,20427.93543275701,-21.164537269409248,127.42356875404334,1247.6977946787363,3.5454032113809055,True,True,False,7.578687841143247e-13,-7.578687841143247e-13,0.0,0,0.0,False,crossing,0.0,0.0,0.0,1.0,,0.25
crossing_0020,crossing,crossing,give_way,velocity_obstacle,Velocity obstacle,1247.695313707649,1764.784642915497,13.237286934420355,11.8019350268235,container_feeder,container_feeder,fishing,good,20427.93543275701,-21.164537269409248,127.42356875404334,1247.6977946787363,3.5454032113809055,True,True,False,7.578687841143247e-13,-7.578687841143247e-13,0.0,0,0.0,False,crossing,0.0,0.0,0.0,1.0,,0.25
crossing_0020,crossing,crossing,give_way,mpc,MPC,1247.695313707649,1764.784642915497,13.237286934420355,11.8019350268235,container_feeder,container_feeder,fishing,good,20427.93543275701,-21.164537269409248,127.42356875404334,1247.6977946787363,3.5454032113809055,True,True,False,7.578687841143247e-13,-7.578687841143247e-13,0.0,0,0.0,False,crossing,0.0,0.0,0.0,1.0,,0.25
crossing_0021,crossing,crossing,give_way,no_action,No action (baseline),1055.3724786809225,1459.1009073069195,9.329622621683505,10.277594654340966,container_feeder,handysize_bulker,power_driven,good,13604.10504354671,19.593549729130803,225.7487049280776,1055.4055699991457,3.354995665818634,True,True,False,-6.325283619060457e-13,6.325283619060457e-13,0.0,0,0.0,False,crossing,0.0,0.0,0.0,1.0,,0.25
crossing_0021,crossing,crossing,give_way,rule_based,Rule-based COLREGS,1055.3724786809225,1459.1009073069195,9.329622621683505,10.277594654340966,container_feeder,handysize_bulker,power_driven,good,13604.10504354671,19.593549729130803,225.7487049280776,1055.4055699991457,3.354995665818634,True,True,False,-6.325283619060457e-13,6.325283619060457e-13,0.0,0,0.0,False,crossing,0.0,0.0,0.0,1.0,,0.25
crossing_0021,crossing,crossing,give_way,velocity_obstacle,Velocity obstacle,1055.3724786809225,1459.1009073069195,9.329622621683505,10.277594654340966,container_feeder,handysize_bulker,power_driven,good,13604.10504354671,19.593549729130803,225.7487049280776,1055.4055699991457,3.354995665818634,True,True,False,-6.325283619060457e-13,6.325283619060457e-13,0.0,0,0.0,False,crossing,0.0,0.0,0.0,1.0,,0.25
crossing_0021,crossing,crossing,give_way,mpc,MPC,1055.3724786809225,1459.1009073069195,9.329622621683505,10.277594654340966,container_feeder,handysize_bulker,power_driven,good,13604.10504354671,19.593549729130803,225.7487049280776,1055.4055699991457,3.354995665818634,True,True,False,-6.325283619060457e-13,6.325283619060457e-13,0.0,0,0.0,False,crossing,0.0,0.0,0.0,1.0,,0.25
crossing_0022,crossing,crossing,stand_on,no_action,No action (baseline),742.4012360142461,1570.7912805814642,13.19683944894073,15.5928557464281,container_feeder,container_feeder,power_driven,moderate,10989.418957577056,-67.37559879631378,55.4848543485768,742.4217813028716,1.4802253514987318,False,True,False,5.664172738814663e-13,-5.664172738814663e-13,0.0,0,0.0,False,crossing,,,,,1.0,1.0
crossing_0022,crossing,crossing,stand_on,rule_based,Rule-based COLREGS,742.4012360142461,1570.7912805814642,13.19683944894073,15.5928557464281,container_feeder,container_feeder,power_driven,moderate,10989.418957577056,-67.37559879631378,55.4848543485768,750.4032741159837,1.4932830423615704,False,True,False,-0.38320460012088764,4.841639246899852,3630.295267459093,54,34.999999987214714,False,crossing,,,,,1.0,1.0
crossing_0022,crossing,crossing,stand_on,velocity_obstacle,Velocity obstacle,742.4012360142461,1570.7912805814642,13.19683944894073,15.5928557464281,container_feeder,container_feeder,power_driven,moderate,10989.418957577056,-67.37559879631378,55.4848543485768,1073.8299814956479,2.1450297199825963,True,True,False,-0.0357111975948131,0.2631412408340807,850.0193639950523,31,9.999444079677453,False,crossing,,,,,1.0,1.0
crossing_0022,crossing,crossing,stand_on,mpc,MPC,742.4012360142461,1570.7912805814642,13.19683944894073,15.5928557464281,container_feeder,container_feeder,power_driven,moderate,10989.418957577056,-67.37559879631378,55.4848543485768,1034.8422262757433,2.062325262063842,True,True,False,-0.0866881160783077,0.3067009742220157,689.2202894367856,44,9.999974696184351,False,crossing,,,,,1.0,1.0
crossing_0023,crossing,crossing,give_way,no_action,No action (baseline),558.3000969588023,1740.44887582418,12.410752066584045,8.260649431434715,container_feeder,coastal_tanker,power_driven,good,12157.071867300932,39.381755457234746,280.7648347026701,558.3088825268743,1.01644271222001,False,True,False,-9.668398923463433e-13,9.668398923463433e-13,0.0,0,0.0,True,crossing,0.0,0.0,0.0,0.0,,0.0
crossing_0023,crossing,crossing,give_way,rule_based,Rule-based COLREGS,558.3000969588023,1740.44887582418,12.410752066584045,8.260649431434715,container_feeder,coastal_tanker,power_driven,good,12157.071867300932,39.381755457234746,280.7648347026701,1847.4424504749977,4.307064562508093,True,True,False,-0.4286623745071513,4.7598414806592855,3319.3180795359117,54,34.99999998806708,False,crossing,1.0,1.0,1.0,1.0,,1.0
crossing_0023,crossing,crossing,give_way,velocity_obstacle,Velocity obstacle,558.3000969588023,1740.44887582418,12.410752066584045,8.260649431434715,container_feeder,coastal_tanker,power_driven,good,12157.071867300932,39.381755457234746,280.7648347026701,1081.4107016266998,2.0192818707015903,True,True,False,-0.12068852082196774,1.2796408090595746,1870.4507561837006,54,19.995483255156696,False,crossing,1.0,0.0,1.0,1.0,,0.75
crossing_0023,crossing,crossing,give_way,mpc,MPC,558.3000969588023,1740.44887582418,12.410752066584045,8.260649431434715,container_feeder,coastal_tanker,power_driven,good,12157.071867300932,39.381755457234746,280.7648347026701,1034.0409914397874,1.9003170649985275,True,True,False,-2.130867296923571,3.1487295211827036,1466.5977325984843,64,19.999993350977643,False,crossing,1.0,0.0,1.0,1.0,,0.75
crossing_0024,crossing,crossing,give_way,no_action,No action (baseline),1170.6760106930767,1417.63545310786,9.313276801151247,9.259698915868327,coastal_tanker,vlcc,power_driven,moderate,8276.496173482179,60.69360571247165,285.5593522140233,1170.7557736534534,3.1898045110166464,True,True,False,-7.814875060749348e-13,7.814875060749348e-13,0.0,0,0.0,True,crossing,0.0,0.0,0.0,0.0,,0.0
crossing_0024,crossing,crossing,give_way,rule_based,Rule-based COLREGS,1170.6760106930767,1417.63545310786,9.313276801151247,9.259698915868327,coastal_tanker,vlcc,power_driven,moderate,8276.496173482179,60.69360571247165,285.5593522140233,1170.7557736534534,3.1898045110166464,True,True,False,-7.814875060749348e-13,7.814875060749348e-13,0.0,0,0.0,True,crossing,0.0,0.0,0.0,0.0,,0.0
crossing_0024,crossing,crossing,give_way,velocity_obstacle,Velocity obstacle,1170.6760106930767,1417.63545310786,9.313276801151247,9.259698915868327,coastal_tanker,vlcc,power_driven,moderate,8276.496173482179,60.69360571247165,285.5593522140233,1170.7557736534534,3.1898045110166464,True,True,False,-7.814875060749348e-13,7.814875060749348e-13,0.0,0,0.0,True,crossing,0.0,0.0,0.0,0.0,,0.0
crossing_0024,crossing,crossing,give_way,mpc,MPC,1170.6760106930767,1417.63545310786,9.313276801151247,9.259698915868327,coastal_tanker,vlcc,power_driven,moderate,8276.496173482179,60.69360571247165,285.5593522140233,1170.7557736534534,3.1898045110166464,True,True,False,-7.814875060749348e-13,7.814875060749348e-13,0.0,0,0.0,True,crossing,0.0,0.0,0.0,0.0,,0.0
crossing_0025,crossing,crossing,stand_on,no_action,No action (baseline),1292.7030584403487,1518.442159539536,15.875293958724946,12.78194744791838,vlcc,vlcc,power_driven,good,8765.04948754555,-61.531652176747706,43.93774918410154,1292.7336550626771,0.9854684049627721,True,False,False,-3.717254577734461e-14,3.717254577734461e-14,0.0,0,0.0,True,crossing,,,,,1.0,1.0
crossing_0025,crossing,crossing,stand_on,rule_based,Rule-based COLREGS,1292.7030584403487,1518.442159539536,15.875293958724946,12.78194744791838,vlcc,vlcc,power_driven,good,8765.04948754555,-61.531652176747706,43.93774918410154,1292.7336550626771,0.9854684049627721,True,False,False,-3.717254577734461e-14,3.717254577734461e-14,0.0,0,0.0,True,crossing,,,,,1.0,1.0
crossing_0025,crossing,crossing,stand_on,velocity_obstacle,Velocity obstacle,1292.7030584403487,1518.442159539536,15.875293958724946,12.78194744791838,vlcc,vlcc,power_driven,good,8765.04948754555,-61.531652176747706,43.93774918410154,1292.7336550626771,0.9854684049627721,True,False,False,-3.717254577734461e-14,3.717254577734461e-14,0.0,0,0.0,True,crossing,,,,,1.0,1.0
crossing_0025,crossing,crossing,stand_on,mpc,MPC,1292.7030584403487,1518.442159539536,15.875293958724946,12.78194744791838,vlcc,vlcc,power_driven,good,8765.04948754555,-61.531652176747706,43.93774918410154,1292.7336550626771,0.9854684049627721,True,False,False,-3.717254577734461e-14,3.717254577734461e-14,0.0,0,0.0,True,crossing,,,,,1.0,1.0
crossing_0026,crossing,crossing,stand_on,no_action,No action (baseline),1487.069118550869,654.4238905911296,9.643145007069919,8.895429654360312,coastal_tanker,container_feeder,power_driven,good,5354.165035736555,-49.06917465583426,110.93279701107059,1487.0760121954293,5.027710602988072,True,True,False,-4.0797553839323327e-14,4.0797553839323327e-14,0.0,0,0.0,True,crossing,,,,,1.0,1.0
crossing_0026,crossing,crossing,stand_on,rule_based,Rule-based COLREGS,1487.069118550869,654.4238905911296,9.643145007069919,8.895429654360312,coastal_tanker,container_feeder,power_driven,good,5354.165035736555,-49.06917465583426,110.93279701107059,1487.0760121954293,5.027710602988072,True,True,False,-4.0797553839323327e-14,4.0797553839323327e-14,0.0,0,0.0,True,crossing,,,,,1.0,1.0
crossing_0026,crossing,crossing,stand_on,velocity_obstacle,Velocity obstacle,1487.069118550869,654.4238905911296,9.643145007069919,8.895429654360312,coastal_tanker,container_feeder,power_driven,good,5354.165035736555,-49.06917465583426,110.93279701107059,1487.0760121954293,5.027710602988072,True,True,False,-4.0797553839323327e-14,4.0797553839323327e-14,0.0,0,0.0,True,crossing,,,,,1.0,1.0
crossing_0026,crossing,crossing,stand_on,mpc,MPC,1487.069118550869,654.4238905911296,9.643145007069919,8.895429654360312,coastal_tanker,container_feeder,power_driven,good,5354.165035736555,-49.06917465583426,110.93279701107059,1487.0760121954293,5.027710602988072,True,True,False,-4.0797553839323327e-14,4.0797553839323327e-14,0.0,0,0.0,True,crossing,,,,,1.0,1.0
crossing_0027,crossing,crossing,stand_on,no_action,No action (baseline),112.40214812613158,1655.7345076252461,12.252081009053125,13.354124534855167,coastal_tanker,container_feeder,power_driven,good,5365.819716282665,-86.94654997141807,28.05540536531116,112.42733878266246,0.276549253794658,False,False,True,6.743141245661391e-13,-6.743141245661391e-13,0.0,0,0.0,True,crossing,,,,,1.0,1.0
crossing_0027,crossing,crossing,stand_on,rule_based,Rule-based COLREGS,112.40214812613158,1655.7345076252461,12.252081009053125,13.354124534855167,coastal_tanker,container_feeder,power_driven,good,5365.819716282665,-86.94654997141807,28.05540536531116,20.62812203528946,0.04741639978183106,False,False,True,-0.19020882072389245,0.5510322574130584,419.3251827218509,48,31.50579844102607,True,crossing,,,,,1.0,1.0
crossing_0027,crossing,crossing,stand_on,velocity_obstacle,Velocity obstacle,112.40214812613158,1655.7345076252461,12.252081009053125,13.354124534855167,coastal_tanker,container_feeder,power_driven,good,5365.819716282665,-86.94654997141807,28.05540536531116,1521.3402470564074,8.54129604830637,True,True,False,-0.06450972871195283,6.658013061560919,7461.234909922511,30,24.99999999999987,False,crossing,,,,,0.0,0.0
crossing_0027,crossing,crossing,stand_on,mpc,MPC,112.40214812613158,1655.7345076252461,12.252081009053125,13.354124534855167,coastal_tanker,container_feeder,power_driven,good,5365.819716282665,-86.94654997141807,28.05540536531116,1023.103759178482,2.6480900091247643,True,True,False,-5.281637668637406,5.528736620912279,686.3709405881208,29,9.999998318532684,False,crossing,,,,,1.0,1.0
crossing_0028,crossing,crossing,stand_on,no_action,No action (baseline),713.9636835148558,1448.7749544951373,15.596747294907246,15.670640109758395,handysize_bulker,handysize_bulker,power_driven,good,14969.720272150596,-47.514497024105495,79.82734468293006,714.0756275027608,1.2300266475540635,False,True,False,1.463008265102704e-12,-1.463008265102704e-12,0.0,0,0.0,False,crossing,,,,,1.0,1.0
crossing_0028,crossing,crossing,stand_on,rule_based,Rule-based COLREGS,713.9636835148558,1448.7749544951373,15.596747294907246,15.670640109758395,handysize_bulker,handysize_bulker,power_driven,good,14969.720272150596,-47.514497024105495,79.82734468293006,693.7966833896201,1.0629656241484842,False,True,False,-0.4574363907231008,2.858539159856268,2396.3696713332843,54,34.99994388379779,False,crossing,,,,,1.0,1.0
crossing_0028,crossing,crossing,stand_on,velocity_obstacle,Velocity obstacle,713.9636835148558,1448.7749544951373,15.596747294907246,15.670640109758395,handysize_bulker,handysize_bulker,power_driven,good,14969.720272150596,-47.514497024105495,79.82734468293006,1090.5336063762804,1.876239928952966,True,True,False,-0.015518655900607338,0.09519963123085859,555.8106977854047,18,4.999999995504802,False,crossing,,,,,1.0,1.0
crossing_0028,crossing,crossing,stand_on,mpc,MPC,713.9636835148558,1448.7749544951373,15.596747294907246,15.670640109758395,handysize_bulker,handysize_bulker,power_driven,good,14969.720272150596,-47.514497024105495,79.82734468293006,1016.5108266021685,1.7481894261209692,True,True,False,-0.10335217301621184,0.20057798556977022,403.12079744288667,40,9.9836885792477,False,crossing,,,,,1.0,1.0
crossing_0029,crossing,crossing,stand_on,no_action,No action (baseline),344.6828182091762,1169.9575125233187,8.326850155912464,11.382516276974307,coastal_tanker,coastal_tanker,power_driven,good,11614.364773267936,-12.19948870454799,155.9781710836395,344.68307604315413,1.8173957301483639,False,True,False,-7.44136539481274e-13,7.44136539481274e-13,0.0,0,0.0,True,crossing,,,,,1.0,1.0
crossing_0029,crossing,crossing,stand_on,rule_based,Rule-based COLREGS,344.6828182091762,1169.9575125233187,8.326850155912464,11.382516276974307,coastal_tanker,coastal_tanker,power_driven,good,11614.364773267936,-12.19948870454799,155.9781710836395,259.5426746770036,1.068674655706634,False,True,False,-0.4571502479772301,1.9180981466050038,821.1970006370284,52,34.98351217195003,True,crossing,,,,,1.0,1.0
crossing_0029,crossing,crossing,stand_on,velocity_obstacle,Velocity obstacle,344.6828182091762,1169.9575125233187,8.326850155912464,11.382516276974307,coastal_tanker,coastal_tanker,power_driven,good,11614.364773267936,-12.19948870454799,155.9781710836395,724.9015140951409,3.110573630109408,False,True,False,-8.566666037083891,11.022280637005085,413.3265403047639,192,60.96868253781353,True,crossing,,,,,1.0,1.0
crossing_0029,crossing,crossing,stand_on,mpc,MPC,344.6828182091762,1169.9575125233187,8.326850155912464,11.382516276974307,coastal_tanker,coastal_tanker,power_driven,good,11614.364773267936,-12.19948870454799,155.9781710836395,1022.5948983754258,5.4565558526713005,True,True,False,-5.122559183253968,5.49154752708968,505.83704346743923,134,19.49334271424306,True,crossing,,,,,0.0,0.0
crossing_0030,crossing,crossing,stand_on,no_action,No action (baseline),245.60341951905667,719.9922598276346,9.958549136017613,8.746965946800952,coastal_tanker,handysize_bulker,power_driven,restricted,6792.663917064345,-8.739679348608531,156.85678325637096,245.60343036065976,1.2543432253549383,False,True,False,-1.7777441774379624e-13,1.7777441774379624e-13,0.0,0,0.0,True,crossing,,,,,1.0,1.0
crossing_0030,crossing,crossing,stand_on,rule_based,Rule-based COLREGS,245.60341951905667,719.9922598276346,9.958549136017613,8.746965946800952,coastal_tanker,handysize_bulker,power_driven,restricted,6792.663917064345,-8.739679348608531,156.85678325637096,1029.4412869481691,3.0885613294471526,True,True,False,-0.5839127822942193,4.849861867444933,1557.6575407573694,76,62.95922738476424,True,crossing,,,,,1.0,1.0
crossing_0030,crossing,crossing,stand_on,velocity_obstacle,Velocity obstacle,245.60341951905667,719.9922598276346,9.958549136017613,8.746965946800952,coastal_tanker,handysize_bulker,power_driven,restricted,6792.663917064345,-8.739679348608531,156.85678325637096,354.86551126425627,1.2966123924441277,False,True,False,-9.138982863613004,11.80633736284069,890.7090334617955,204,60.15834974441527,True,crossing,,,,,1.0,1.0
crossing_0030,crossing,crossing,stand_on,mpc,MPC,245.60341951905667,719.9922598276346,9.958549136017613,8.746965946800952,coastal_tanker,handysize_bulker,power_driven,restricted,6792.663917064345,-8.739679348608531,156.85678325637096,1019.4482150001414,3.2455010245105225,True,True,False,-2.2630652142534555,6.530423523168753,1602.8062481656152,166,59.70595363206548,True,crossing,,,,,0.0,0.0
crossing_0031,crossing,crossing,stand_on,no_action,No action (baseline),1147.184888292087,1254.5475416190102,14.133786231204564,10.297737312810622,handysize_bulker,container_feeder,power_driven,moderate,14814.25167104357,-12.917285727540218,138.4685307073819,1147.1972552979628,2.904968696269828,True,True,False,-8.35055917439345e-13,8.35055917439345e-13,0.0,0,0.0,False,crossing,,,,,1.0,1.0
crossing_0031,crossing,crossing,stand_on,rule_based,Rule-based COLREGS,1147.184888292087,1254.5475416190102,14.133786231204564,10.297737312810622,handysize_bulker,container_feeder,power_driven,moderate,14814.25167104357,-12.917285727540218,138.4685307073819,1147.1972552979628,2.904968696269828,True,True,False,-8.35055917439345e-13,8.35055917439345e-13,0.0,0,0.0,False,crossing,,,,,1.0,1.0
crossing_0031,crossing,crossing,stand_on,velocity_obstacle,Velocity obstacle,1147.184888292087,1254.5475416190102,14.133786231204564,10.297737312810622,handysize_bulker,container_feeder,power_driven,moderate,14814.25167104357,-12.917285727540218,138.4685307073819,1147.1972552979628,2.904968696269828,True,True,False,-8.35055917439345e-13,8.35055917439345e-13,0.0,0,0.0,False,crossing,,,,,1.0,1.0
crossing_0031,crossing,crossing,stand_on,mpc,MPC,1147.184888292087,1254.5475416190102,14.133786231204564,10.297737312810622,handysize_bulker,container_feeder,power_driven,moderate,14814.25167104357,-12.917285727540218,138.4685307073819,1147.1972552979628,2.904968696269828,True,True,False,-8.35055917439345e-13,8.35055917439345e-13,0.0,0,0.0,False,crossing,,,,,1.0,1.0
crossing_0032,crossing,crossing,stand_on,no_action,No action (baseline),1085.6054056709297,1184.2214902429082,10.860072892606485,11.475185186158349,coastal_tanker,vlcc,power_driven,restricted,6057.414588250113,-56.988422394387115,51.858437533744066,1085.6124746249,2.75779917645694,True,True,False,-4.890506606361133e-13,4.890506606361133e-13,0.0,0,0.0,False,crossing,,,,,1.0,1.0
crossing_0032,crossing,crossing,stand_on,rule_based,Rule-based COLREGS,1085.6054056709297,1184.2214902429082,10.860072892606485,11.475185186158349,coastal_tanker,vlcc,power_driven,restricted,6057.414588250113,-56.988422394387115,51.858437533744066,1085.6124746249,2.75779917645694,True,True,False,-4.890506606361133e-13,4.890506606361133e-13,0.0,0,0.0,False,crossing,,,,,1.0,1.0
crossing_0032,crossing,crossing,stand_on,velocity_obstacle,Velocity obstacle,1085.6054056709297,1184.2214902429082,10.860072892606485,11.475185186158349,coastal_tanker,vlcc,power_driven,restricted,6057.414588250113,-56.988422394387115,51.858437533744066,1085.6124746249,2.75779917645694,True,True,False,-4.890506606361133e-13,4.890506606361133e-13,0.0,0,0.0,False,crossing,,,,,1.0,1.0
crossing_0032,crossing,crossing,stand_on,mpc,MPC,1085.6054056709297,1184.2214902429082,10.860072892606485,11.475185186158349,coastal_tanker,vlcc,power_driven,restricted,6057.414588250113,-56.988422394387115,51.858437533744066,1085.6124746249,2.75779917645694,True,True,False,-4.890506606361133e-13,4.890506606361133e-13,0.0,0,0.0,False,crossing,,,,,1.0,1.0
crossing_0033,crossing,crossing,give_way,no_action,No action (baseline),418.9099446608903,1204.7590373048324,9.271356290960881,15.007815010586093,vlcc,container_feeder,fishing,good,5724.782582788378,-112.77230779244512,35.57978025611245,418.91150110689864,0.4741637067502632,False,False,False,-6.789370879682818e-13,6.789370879682818e-13,0.0,0,0.0,True,crossing,0.0,0.0,0.0,0.0,,0.0
crossing_0033,crossing,crossing,give_way,rule_based,Rule-based COLREGS,418.9099446608903,1204.7590373048324,9.271356290960881,15.007815010586093,vlcc,container_feeder,fishing,good,5724.782582788378,-112.77230779244512,35.57978025611245,1805.7444314452607,3.4179362038527623,True,True,False,-3.7206468808669175,12.5998563320338,4931.825903401268,126,40.13950378579157,False,crossing,1.0,1.0,1.0,1.0,,1.0
crossing_0033,crossing,crossing,give_way,velocity_obstacle,Velocity obstacle,418.9099446608903,1204.7590373048324,9.271356290960881,15.007815010586093,vlcc,container_feeder,fishing,good,5724.782582788378,-112.77230779244512,35.57978025611245,1098.1556626927284,1.3402503940639365,True,True,False,-1.8756265317573202,4.77276345516754,2650.4398217806574,103,29.171291212288775,False,crossing,1.0,0.0,1.0,1.0,,0.75
crossing_0033,crossing,crossing,give_way,mpc,MPC,418.9099446608903,1204.7590373048324,9.271356290960881,15.007815010586093,vlcc,container_feeder,fishing,good,5724.782582788378,-112.77230779244512,35.57978025611245,1047.884231768895,1.2166248672320545,True,True,False,-8.972726332522985,9.010147189122458,115.79071307249484,15,7.756579553944192,False,crossing,1.0,0.0,1.0,1.0,,0.75
crossing_0034,crossing,crossing,stand_on,no_action,No action (baseline),122.55114528260458,1025.7227874920904,13.147071673649798,11.097098021348778,handysize_bulker,handysize_bulker,power_driven,good,11947.83704866241,-19.75671266774503,137.9378818632096,122.83997062757926,0.31772453718153054,False,False,True,5.535992836568076e-13,-5.535992836568076e-13,0.0,0,0.0,True,crossing,,,,,1.0,1.0
crossing_0034,crossing,crossing,stand_on,rule_based,Rule-based COLREGS,122.55114528260458,1025.7227874920904,13.147071673649798,11.097098021348778,handysize_bulker,handysize_bulker,power_driven,good,11947.83704866241,-19.75671266774503,137.9378818632096,1048.967560990707,1.9755662593659145,True,True,False,-0.6969910400553305,2.307519877280594,1326.0161124935714,65,39.49407900232736,True,crossing,,,,,1.0,1.0
crossing_0034,crossing,crossing,stand_on,velocity_obstacle,Velocity obstacle,122.55114528260458,1025.7227874920904,13.147071673649798,11.097098021348778,handysize_bulker,handysize_bulker,power_driven,good,11947.83704866241,-19.75671266774503,137.9378818632096,1085.7730383809965,2.6928551187418264,True,True,False,-0.05549995251899577,0.4024522652100735,1062.7022477869564,35,10.00274153873127,True,crossing,,,,,0.0,0.0
crossing_0034,crossing,crossing,stand_on,mpc,MPC,122.55114528260458,1025.7227874920904,13.147071673649798,11.097098021348778,handysize_bulker,handysize_bulker,power_driven,good,11947.83704866241,-19.75671266774503,137.9378818632096,1014.605005952375,2.610645534747134,True,True,False,-0.1500162091497346,0.4759829315119656,984.2027708056793,51,10.00274153873127,True,crossing,,,,,0.0,0.0
crossing_0035,crossing,crossing,give_way,no_action,No action (baseline),1177.7014015105167,1376.459889642986,10.988650635479237,11.027693516198898,coastal_tanker,vlcc,power_driven,good,7522.32354214883,70.73408805276577,303.0786305010266,1177.7277629515452,2.979758626193579,True,True,False,-8.234482135350118e-13,8.234482135350118e-13,0.0,0,0.0,True,crossing,0.0,0.0,0.0,0.0,,0.0
crossing_0035,crossing,crossing,give_way,rule_based,Rule-based COLREGS,1177.7014015105167,1376.459889642986,10.988650635479237,11.027693516198898,coastal_tanker,vlcc,power_driven,good,7522.32354214883,70.73408805276577,303.0786305010266,1177.7277629515452,2.979758626193579,True,True,False,-8.234482135350118e-13,8.234482135350118e-13,0.0,0,0.0,True,crossing,0.0,0.0,0.0,0.0,,0.0
crossing_0035,crossing,crossing,give_way,velocity_obstacle,Velocity obstacle,1177.7014015105167,1376.459889642986,10.988650635479237,11.027693516198898,coastal_tanker,vlcc,power_driven,good,7522.32354214883,70.73408805276577,303.0786305010266,1177.7277629515452,2.979758626193579,True,True,False,-8.234482135350118e-13,8.234482135350118e-13,0.0,0,0.0,True,crossing,0.0,0.0,0.0,0.0,,0.0
crossing_0035,crossing,crossing,give_way,mpc,MPC,1177.7014015105167,1376.459889642986,10.988650635479237,11.027693516198898,coastal_tanker,vlcc,power_driven,good,7522.32354214883,70.73408805276577,303.0786305010266,1177.7277629515452,2.979758626193579,True,True,False,-8.234482135350118e-13,8.234482135350118e-13,0.0,0,0.0,True,crossing,0.0,0.0,0.0,0.0,,0.0
crossing_0036,crossing,crossing,give_way,no_action,No action (baseline),1230.5838113957975,1199.9537631563287,11.63796610990693,9.387416853380394,coastal_tanker,container_feeder,power_driven,good,12825.657758991087,14.822468695309006,200.8946622478078,1230.5839097174076,6.352554312757635,True,True,False,-6.591895968654717e-13,6.591895968654717e-13,0.0,0,0.0,True,crossing,0.0,0.0,0.0,0.0,,0.0
crossing_0036,crossing,crossing,give_way,rule_based,Rule-based COLREGS,1230.5838113957975,1199.9537631563287,11.63796610990693,9.387416853380394,coastal_tanker,container_feeder,power_driven,good,12825.657758991087,14.822468695309006,200.8946622478078,1230.5839097174076,6.352554312757635,True,True,False,-6.591895968654717e-13,6.591895968654717e-13,0.0,0,0.0,True,crossing,0.0,0.0,0.0,0.0,,0.0
crossing_0036,crossing,crossing,give_way,velocity_obstacle,Velocity obstacle,1230.5838113957975,1199.9537631563287,11.63796610990693,9.387416853380394,coastal_tanker,container_feeder,power_driven,good,12825.657758991087,14.822468695309006,200.8946622478078,1230.5839097174076,6.352554312757635,True,True,False,-6.591895968654717e-13,6.591895968654717e-13,0.0,0,0.0,True,crossing,0.0,0.0,0.0,0.0,,0.0
crossing_0036,crossing,crossing,give_way,mpc,MPC,1230.5838113957975,1199.9537631563287,11.63796610990693,9.387416853380394,coastal_tanker,container_feeder,power_driven,good,12825.657758991087,14.822468695309006,200.8946622478078,1230.5839097174076,6.352554312757635,True,True,False,-6.591895968654717e-13,6.591895968654717e-13,0.0,0,0.0,True,crossing,0.0,0.0,0.0,0.0,,0.0
crossing_0037,crossing,crossing,give_way,no_action,No action (baseline),890.40540300433,1674.6127558931382,8.39313593577388,9.045402625021136,handysize_bulker,vlcc,power_driven,good,13616.21839171681,22.538036678662298,230.5512936535033,890.4109463708401,2.250962864711018,False,True,False,1.7108874046023985e-12,-1.7108874046023985e-12,0.0,0,0.0,False,crossing,0.0,0.0,0.0,1.0,,0.25
crossing_0037,crossing,crossing,give_way,rule_based,Rule-based COLREGS,890.40540300433,1674.6127558931382,8.39313593577388,9.045402625021136,handysize_bulker,vlcc,power_driven,good,13616.21839171681,22.538036678662298,230.5512936535033,2790.899869537807,7.378246570671189,True,True,False,-1.3486058937845673,5.003118140084527,1894.9060476271302,78,37.06918643186403,False,crossing,1.0,1.0,1.0,1.0,,1.0
crossing_0037,crossing,crossing,give_way,velocity_obstacle,Velocity obstacle,890.40540300433,1674.6127558931382,8.39313593577388,9.045402625021136,handysize_bulker,vlcc,power_driven,good,13616.21839171681,22.538036678662298,230.5512936535033,1087.4584102914027,2.7490532649333463,True,True,False,-0.03981520061637015,0.09654289606169718,214.6550055268863,0,5.295170078102323,False,crossing,1.0,0.0,1.0,1.0,,0.75
crossing_0037,crossing,crossing,give_way,mpc,MPC,890.40540300433,1674.6127558931382,8.39313593577388,9.045402625021136,handysize_bulker,vlcc,power_driven,good,13616.21839171681,22.538036678662298,230.5512936535033,1038.1949992292834,2.6243464237765144,True,True,False,-2.148817802502798,2.148817802502798,0.0,0,0.0,False,crossing,0.0,0.0,1.0,1.0,,0.5
crossing_0038,crossing,crossing,give_way,no_action,No action (baseline),274.28391935105867,665.7525918427541,10.140078235176707,11.176581129572469,handysize_bulker,coastal_tanker,restricted_manoeuvrability,good,3885.3297663916314,58.4547106626606,296.0910441625064,274.3189075221634,0.455827284664085,False,False,False,1.4743313909727718e-12,-1.4743313909727718e-12,0.0,0,0.0,False,crossing,0.0,0.0,0.0,1.0,,0.25
crossing_0038,crossing,crossing,give_way,rule_based,Rule-based COLREGS,274.28391935105867,665.7525918427541,10.140078235176707,11.176581129572469,handysize_bulker,coastal_tanker,restricted_manoeuvrability,good,3885.3297663916314,58.4547106626606,296.0910441625064,1238.0944284895672,2.4800738337494628,True,True,False,-0.9835571236602544,4.602699196735917,2269.0552477697365,66,36.00182628322625,False,crossing,1.0,1.0,1.0,1.0,,1.0
crossing_0038,crossing,crossing,give_way,velocity_obstacle,Velocity obstacle,274.28391935105867,665.7525918427541,10.140078235176707,11.176581129572469,handysize_bulker,coastal_tanker,restricted_manoeuvrability,good,3885.3297663916314,58.4547106626606,296.0910441625064,1082.9492222524314,1.8847224143352788,True,True,False,-0.5937713926050092,2.0423793424799834,1144.3181941660687,74,30.853204083458607,False,crossing,1.0,1.0,1.0,1.0,,1.0
crossing_0038,crossing,crossing,give_way,mpc,MPC,274.28391935105867,665.7525918427541,10.140078235176707,11.176581129572469,handysize_bulker,coastal_tanker,restricted_manoeuvrability,good,3885.3297663916314,58.4547106626606,296.0910441625064,1054.2318133255117,1.7609077590818834,True,True,False,-4.756606397773787,4.756606397773787,0.0,0,0.0,False,crossing,0.0,0.0,1.0,1.0,,0.5
crossing_0039,crossing,crossing,give_way,no_action,No action (baseline),118.40382866470539,1209.5810859984463,9.650382210196057,9.226443362680179,handysize_bulker,coastal_tanker,power_driven,good,11563.236944552336,10.50539479759168,200.29807165236727,118.47152625515645,0.3800367914128679,False,False,True,-7.338052465354321e-13,7.338052465354321e-13,0.0,0,0.0,True,crossing,0.0,0.0,0.0,0.0,,0.0
crossing_0039,crossing,crossing,give_way,rule_based,Rule-based COLREGS,118.40382866470539,1209.5810859984463,9.650382210196057,9.226443362680179,handysize_bulker,coastal_tanker,power_driven,good,11563.236944552336,10.50539479759168,200.29807165236727,2309.0684670746823,7.6799880349665095,True,True,False,-1.0701867238099139,5.516197596928812,2627.0912120502135,68,36.274551297356176,False,crossing,1.0,1.0,1.0,1.0,,1.0
crossing_0039,crossing,crossing,give_way,velocity_obstacle,Velocity obstacle,118.40382866470539,1209.5810859984463,9.650382210196057,9.226443362680179,handysize_bulker,coastal_tanker,power_driven,good,11563.236944552336,10.50539479759168,200.29807165236727,1084.7720048943831,3.5493621740314842,True,True,False,-0.18913374506174155,0.9304173933380634,1214.1002073893771,49,15.512053798178139,True,crossing,1.0,0.0,1.0,0.0,,0.5
crossing_0039,crossing,crossing,give_way,mpc,MPC,118.40382866470539,1209.5810859984463,9.650382210196057,9.226443362680179,handysize_bulker,coastal_tanker,power_driven,good,11563.236944552336,10.50539479759168,200.29807165236727,1013.232832294751,3.42624056396121,True,True,False,-6.355578096882524,6.861718949841072,998.9424771460865,38,14.65874261217331,True,crossing,1.0,0.0,1.0,0.0,,0.5
crossing_0040,crossing,crossing,give_way,no_action,No action (baseline),33.59843281333802,1008.3947033939769,10.243899085572277,9.539474439177999,handysize_bulker,container_feeder,not_under_command,good,2726.4316248450555,-66.59183689517062,30.54488224767171,33.87757363704889,0.04706094615394102,False,False,True,9.025170027075123e-13,-9.025170027075123e-13,0.0,0,0.0,False,crossing,0.0,0.0,0.0,1.0,,0.25
crossing_0040,crossing,crossing,give_way,rule_based,Rule-based COLREGS,33.59843281333802,1008.3947033939769,10.243899085572277,9.539474439177999,handysize_bulker,container_feeder,not_under_command,good,2726.4316248450555,-66.59183689517062,30.54488224767171,190.3389495650778,0.26726866359815543,False,False,False,-0.9666618164660736,7.101670560367609,3804.104374581495,66,35.94754833777638,True,crossing,1.0,1.0,1.0,0.0,,0.75
crossing_0040,crossing,crossing,give_way,velocity_obstacle,Velocity obstacle,33.59843281333802,1008.3947033939769,10.243899085572277,9.539474439177999,handysize_bulker,container_feeder,not_under_command,good,2726.4316248450555,-66.59183689517062,30.54488224767171,979.2897663485911,1.374618693690146,True,True,False,-0.5239436497832453,5.599500038315128,5157.655453289778,61,25.656979648383064,True,crossing,1.0,0.0,1.0,0.0,,0.5
crossing_0040,crossing,crossing,give_way,mpc,MPC,33.59843281333802,1008.3947033939769,10.243899085572277,9.539474439177999,handysize_bulker,container_feeder,not_under_command,good,2726.4316248450555,-66.59183689517062,30.54488224767171,786.7675671325077,1.104451672601047,False,True,False,-2.5593611817781317,9.392632003911666,6381.109164879322,309,32.27109462649994,True,crossing,1.0,1.0,1.0,0.0,,0.75
crossing_0041,crossing,crossing,stand_on,no_action,No action (baseline),716.0756310426019,704.4950032336743,15.85576200140548,10.693425480419059,handysize_bulker,handysize_bulker,power_driven,good,3056.485067847536,-51.76469789926182,28.313927597974548,716.0787988559613,1.0682771469243748,False,True,False,9.676767584734868e-13,-9.676767584734868e-13,0.0,0,0.0,True,crossing,,,,,1.0,1.0
crossing_0041,crossing,crossing,stand_on,rule_based,Rule-based COLREGS,716.0756310426019,704.4950032336743,15.85576200140548,10.693425480419059,handysize_bulker,handysize_bulker,power_driven,good,3056.485067847536,-51.76469789926182,28.313927597974548,716.0787988559613,1.0682771469243748,False,True,False,9.676767584734868e-13,-9.676767584734868e-13,0.0,0,0.0,True,crossing,,,,,1.0,1.0
crossing_0041,crossing,crossing,stand_on,velocity_obstacle,Velocity obstacle,716.0756310426019,704.4950032336743,15.85576200140548,10.693425480419059,handysize_bulker,handysize_bulker,power_driven,good,3056.485067847536,-51.76469789926182,28.313927597974548,1088.020632153267,1.6282134398750883,True,True,False,-0.015156626097084024,0.08476413668363832,497.50836154748407,18,4.999999923351731,True,crossing,,,,,1.0,1.0
crossing_0041,crossing,crossing,stand_on,mpc,MPC,716.0756310426019,704.4950032336743,15.85576200140548,10.693425480419059,handysize_bulker,handysize_bulker,power_driven,good,3056.485067847536,-51.76469789926182,28.313927597974548,1028.9978026966023,1.535023741549925,True,True,False,-0.193047717132303,0.2928772622135752,465.82232442853774,57,9.970264908450247,True,crossing,,,,,1.0,1.0
crossing_0042,crossing,crossing,give_way,no_action,No action (baseline),44.498924725632214,1475.262941205901,11.803315879995806,13.964506612647469,vlcc,coastal_tanker,power_driven,moderate,16633.640285237052,34.99009857946441,243.7074818496392,44.597572957103,0.05897503743928884,False,False,True,8.332758599494432e-13,-8.332758599494432e-13,0.0,0,0.0,True,crossing,0.0,0.0,0.0,0.0,,0.0
crossing_0042,crossing,crossing,give_way,rule_based,Rule-based COLREGS,44.498924725632214,1475.262941205901,11.803315879995806,13.964506612647469,vlcc,coastal_tanker,power_driven,moderate,16633.640285237052,34.99009857946441,243.7074818496392,2491.41826892572,4.1065937353641,True,True,False,-2.6100706055521603,6.761058491228187,2997.3016517281762,101,39.16979710219513,False,crossing,1.0,1.0,1.0,1.0,,1.0
crossing_0042,crossing,crossing,give_way,velocity_obstacle,Velocity obstacle,44.498924725632214,1475.262941205901,11.803315879995806,13.964506612647469,vlcc,coastal_tanker,power_driven,moderate,16633.640285237052,34.99009857946441,243.7074818496392,1102.9903948312174,1.43124636411418,True,True,False,-0.4963150791434459,1.0763612275844558,1266.7565358159256,68,17.087466745295853,False,crossing,1.0,0.0,1.0,1.0,,0.75
crossing_0042,crossing,crossing,give_way,mpc,MPC,44.498924725632214,1475.262941205901,11.803315879995806,13.964506612647469,vlcc,coastal_tanker,power_driven,moderate,16633.640285237052,34.99009857946441,243.7074818496392,1048.1824153684902,1.3321032120574754,True,True,False,-5.815969641565372,6.020846550700923,434.02586264057004,97,18.44982759566199,False,crossing,1.0,0.0,1.0,1.0,,0.75
crossing_0043,crossing,crossing,stand_on,no_action,No action (baseline),1322.4546487149173,863.3900753292096,15.39574022227318,12.089527878955899,coastal_tanker,handysize_bulker,power_driven,good,6928.581965215648,-35.364412274422996,66.45248455786837,1322.5154548934354,3.2159160355310505,True,True,False,-1.5971005694044871e-12,1.5971005694044871e-12,0.0,0,0.0,False,crossing,,,,,1.0,1.0
crossing_0043,crossing,crossing,stand_on,rule_based,Rule-based COLREGS,1322.4546487149173,863.3900753292096,15.39574022227318,12.089527878955899,coastal_tanker,handysize_bulker,power_driven,good,6928.581965215648,-35.364412274422996,66.45248455786837,1322.5154548934354,3.2159160355310505,True,True,False,-1.5971005694044871e-12,1.5971005694044871e-12,0.0,0,0.0,False,crossing,,,,,1.0,1.0
crossing_0043,crossing,crossing,stand_on,velocity_obstacle,Velocity obstacle,1322.4546487149173,863.3900753292096,15.39574022227318,12.089527878955899,coastal_tanker,handysize_bulker,power_driven,good,6928.581965215648,-35.364412274422996,66.45248455786837,1322.5154548934354,3.2159160355310505,True,True,False,-1.5971005694044871e-12,1.5971005694044871e-12,0.0,0,0.0,False,crossing,,,,,1.0,1.0
crossing_0043,crossing,crossing,stand_on,mpc,MPC,1322.4546487149173,863.3900753292096,15.39574022227318,12.089527878955899,coastal_tanker,handysize_bulker,power_driven,good,6928.581965215648,-35.364412274422996,66.45248455786837,1322.5154548934354,3.2159160355310505,True,True,False,-1.5971005694044871e-12,1.5971005694044871e-12,0.0,0,0.0,False,crossing,,,,,1.0,1.0
crossing_0044,crossing,crossing,give_way,no_action,No action (baseline),1387.0306770200325,664.3768153775638,12.298883237480425,11.046694044090767,coastal_tanker,coastal_tanker,not_under_command,good,7351.531186983962,-12.919412218177834,129.51321993372693,1387.0472080500556,5.491752271286184,True,True,False,9.436461213826864e-13,-9.436461213826864e-13,0.0,0,0.0,False,crossing,0.0,0.0,0.0,1.0,,0.25
crossing_0044,crossing,crossing,give_way,rule_based,Rule-based COLREGS,1387.0306770200325,664.3768153775638,12.298883237480425,11.046694044090767,coastal_tanker,coastal_tanker,not_under_command,good,7351.531186983962,-12.919412218177834,129.51321993372693,1387.0472080500556,5.491752271286184,True,True,False,9.436461213826864e-13,-9.436461213826864e-13,0.0,0,0.0,False,crossing,0.0,0.0,0.0,1.0,,0.25
crossing_0044,crossing,crossing,give_way,velocity_obstacle,Velocity obstacle,1387.0306770200325,664.3768153775638,12.298883237480425,11.046694044090767,coastal_tanker,coastal_tanker,not_under_command,good,7351.531186983962,-12.919412218177834,129.51321993372693,1387.0472080500556,5.491752271286184,True,True,False,9.436461213826864e-13,-9.436461213826864e-13,0.0,0,0.0,False,crossing,0.0,0.0,0.0,1.0,,0.25
crossing_0044,crossing,crossing,give_way,mpc,MPC,1387.0306770200325,664.3768153775638,12.298883237480425,11.046694044090767,coastal_tanker,coastal_tanker,not_under_command,good,7351.531186983962,-12.919412218177834,129.51321993372693,1387.0472080500556,5.491752271286184,True,True,False,9.436461213826864e-13,-9.436461213826864e-13,0.0,0,0.0,False,crossing,0.0,0.0,0.0,1.0,,0.25
crossing_0045,crossing,crossing,give_way,no_action,No action (baseline),1217.6414471178389,1358.939535982889,14.94755880064077,8.33984215046527,handysize_bulker,coastal_tanker,fishing,good,5927.140204760464,-14.262968312921426,25.97513444752628,1217.6498611532381,2.046486312074246,True,True,False,9.738325244661665e-13,-9.738325244661665e-13,0.0,0,0.0,False,crossing,0.0,0.0,0.0,1.0,,0.25
crossing_0045,crossing,crossing,give_way,rule_based,Rule-based COLREGS,1217.6414471178389,1358.939535982889,14.94755880064077,8.33984215046527,handysize_bulker,coastal_tanker,fishing,good,5927.140204760464,-14.262968312921426,25.97513444752628,1217.6498611532381,2.046486312074246,True,True,False,9.738325244661665e-13,-9.738325244661665e-13,0.0,0,0.0,False,crossing,0.0,0.0,0.0,1.0,,0.25
crossing_0045,crossing,crossing,give_way,velocity_obstacle,Velocity obstacle,1217.6414471178389,1358.939535982889,14.94755880064077,8.33984215046527,handysize_bulker,coastal_tanker,fishing,good,5927.140204760464,-14.262968312921426,25.97513444752628,1217.6498611532381,2.046486312074246,True,True,False,9.738325244661665e-13,-9.738325244661665e-13,0.0,0,0.0,False,crossing,0.0,0.0,0.0,1.0,,0.25
crossing_0045,crossing,crossing,give_way,mpc,MPC,1217.6414471178389,1358.939535982889,14.94755880064077,8.33984215046527,handysize_bulker,coastal_tanker,fishing,good,5927.140204760464,-14.262968312921426,25.97513444752628,1217.6498611532381,2.046486312074246,True,True,False,9.738325244661665e-13,-9.738325244661665e-13,0.0,0,0.0,False,crossing,0.0,0.0,0.0,1.0,,0.25
crossing_0046,crossing,crossing,give_way,no_action,No action (baseline),475.78757372415856,1708.9220885816605,13.631027361371716,14.84234578010199,coastal_tanker,container_feeder,restricted_manoeuvrability,good,13080.855396952176,64.67584903711743,297.2079324945463,475.85901402390266,1.2759172342004899,False,True,False,-1.284352522693508e-12,1.284352522693508e-12,0.0,0,0.0,True,crossing,0.0,0.0,0.0,0.0,,0.0
crossing_0046,crossing,crossing,give_way,rule_based,Rule-based COLREGS,475.78757372415856,1708.9220885816605,13.631027361371716,14.84234578010199,coastal_tanker,container_feeder,restricted_manoeuvrability,good,13080.855396952176,64.67584903711743,297.2079324945463,1287.2668682926296,4.168588252369383,True,True,False,-0.18111043382405523,4.248538072570021,3443.1177521714385,52,34.999999649724124,False,crossing,1.0,1.0,1.0,1.0,,1.0
crossing_0046,crossing,crossing,give_way,velocity_obstacle,Velocity obstacle,475.78757372415856,1708.9220885816605,13.631027361371716,14.84234578010199,coastal_tanker,container_feeder,restricted_manoeuvrability,good,13080.855396952176,64.67584903711743,297.2079324945463,1075.3314858680146,2.9593639392848927,True,True,False,-0.06959440162424832,1.9811408413882854,2480.2010393852956,57,24.999768737880004,False,crossing,1.0,0.0,1.0,1.0,,0.75
crossing_0046,crossing,crossing,give_way,mpc,MPC,475.78757372415856,1708.9220885816605,13.631027361371716,14.84234578010199,coastal_tanker,container_feeder,restricted_manoeuvrability,good,13080.855396952176,64.67584903711743,297.2079324945463,1024.981367612106,2.8876415484476996,True,True,False,-6.721580646239567,6.756548013652328,118.31495969255172,29,13.605552640120102,False,crossing,1.0,0.0,1.0,1.0,,0.75
crossing_0047,crossing,crossing,give_way,no_action,No action (baseline),1022.8944896537558,974.1321435108271,10.910338008297128,13.079861214686627,container_feeder,handysize_bulker,fishing,good,10142.314304134188,30.66810160060055,246.16917110887516,1022.9339921844592,2.8169005561406295,True,True,False,-5.408861677435889e-13,5.408861677435889e-13,0.0,0,0.0,False,crossing,0.0,0.0,0.0,1.0,,0.25
crossing_0047,crossing,crossing,give_way,rule_based,Rule-based COLREGS,1022.8944896537558,974.1321435108271,10.910338008297128,13.079861214686627,container_feeder,handysize_bulker,fishing,good,10142.314304134188,30.66810160060055,246.16917110887516,1022.9339921844592,2.8169005561406295,True,True,False,-5.408861677435889e-13,5.408861677435889e-13,0.0,0,0.0,False,crossing,0.0,0.0,0.0,1.0,,0.25
crossing_0047,crossing,crossing,give_way,velocity_obstacle,Velocity obstacle,1022.8944896537558,974.1321435108271,10.910338008297128,13.079861214686627,container_feeder,handysize_bulker,fishing,good,10142.314304134188,30.66810160060055,246.16917110887516,1022.9339921844592,2.8169005561406295,True,True,False,-5.408861677435889e-13,5.408861677435889e-13,0.0,0,0.0,False,crossing,0.0,0.0,0.0,1.0,,0.25
crossing_0047,crossing,crossing,give_way,mpc,MPC,1022.8944896537558,974.1321435108271,10.910338008297128,13.079861214686627,container_feeder,handysize_bulker,fishing,good,10142.314304134188,30.66810160060055,246.16917110887516,1022.9339921844592,2.8169005561406295,True,True,False,-5.408861677435889e-13,5.408861677435889e-13,0.0,0,0.0,False,crossing,0.0,0.0,0.0,1.0,,0.25
crossing_0048,crossing,crossing,give_way,no_action,No action (baseline),580.7877507253396,942.7573740184187,10.295279382317183,14.751916658939358,container_feeder,container_feeder,power_driven,restricted,6847.692830917536,67.80425038400645,294.4450261714442,581.0144941597157,1.326162280722996,False,True,False,-5.731996864728935e-14,5.731996864728935e-14,0.0,0,0.0,False,crossing,0.0,0.0,0.0,1.0,,0.25
crossing_0048,crossing,crossing,give_way,rule_based,Rule-based COLREGS,580.7877507253396,942.7573740184187,10.295279382317183,14.751916658939358,container_feeder,container_feeder,power_driven,restricted,6847.692830917536,67.80425038400645,294.4450261714442,1695.3305756762645,4.542458258284636,True,True,False,-0.6033502058178563,4.72748040951792,2621.873082669062,58,35.00008687618714,False,crossing,1.0,1.0,1.0,1.0,,1.0
crossing_0048,crossing,crossing,give_way,velocity_obstacle,Velocity obstacle,580.7877507253396,942.7573740184187,10.295279382317183,14.751916658939358,container_feeder,container_feeder,power_driven,restricted,6847.692830917536,67.80425038400645,294.4450261714442,1075.0352708169817,2.485302354983869,True,True,False,-0.17779803365364275,0.9700185126553807,1115.284214366235,56,19.87782162507733,False,crossing,1.0,0.0,1.0,1.0,,0.75
crossing_0048,crossing,crossing,give_way,mpc,MPC,580.7877507253396,942.7573740184187,10.295279382317183,14.751916658939358,container_feeder,container_feeder,power_driven,restricted,6847.692830917536,67.80425038400645,294.4450261714442,1081.1272180949163,2.4690671152788903,True,True,False,-2.7538247566063805,2.7538247566063805,0.0,0,0.0,False,crossing,0.0,0.0,1.0,1.0,,0.5
crossing_0049,crossing,crossing,give_way,no_action,No action (baseline),1045.3999736113644,1273.7587979061116,8.081412010396349,10.456756321319066,handysize_bulker,container_feeder,power_driven,good,10298.761512025922,31.695618905302133,245.60179352548818,1045.4476452581034,2.467974007970647,True,True,False,2.9209009051900226e-13,-2.9209009051900226e-13,0.0,0,0.0,False,crossing,0.0,0.0,0.0,1.0,,0.25
crossing_0049,crossing,crossing,give_way,rule_based,Rule-based COLREGS,1045.3999736113644,1273.7587979061116,8.081412010396349,10.456756321319066,handysize_bulker,container_feeder,power_driven,good,10298.761512025922,31.695618905302133,245.60179352548818,1045.4476452581034,2.467974007970647,True,True,False,2.9209009051900226e-13,-2.9209009051900226e-13,0.0,0,0.0,False,crossing,0.0,0.0,0.0,1.0,,0.25
crossing_0049,crossing,crossing,give_way,velocity_obstacle,Velocity obstacle,1045.3999736113644,1273.7587979061116,8.081412010396349,10.456756321319066,handysize_bulker,container_feeder,power_driven,good,10298.761512025922,31.695618905302133,245.60179352548818,1045.4476452581034,2.467974007970647,True,True,False,2.9209009051900226e-13,-2.9209009051900226e-13,0.0,0,0.0,False,crossing,0.0,0.0,0.0,1.0,,0.25
crossing_0049,crossing,crossing,give_way,mpc,MPC,1045.3999736113644,1273.7587979061116,8.081412010396349,10.456756321319066,handysize_bulker,container_feeder,power_driven,good,10298.761512025922,31.695618905302133,245.60179352548818,1045.4476452581034,2.467974007970647,True,True,False,2.9209009051900226e-13,-2.9209009051900226e-13,0.0,0,0.0,False,crossing,0.0,0.0,0.0,1.0,,0.25
crossing_0050,crossing,crossing,stand_on,no_action,No action (baseline),171.5066261172693,1277.5116019930229,15.71099504612182,12.003879940893167,coastal_tanker,container_feeder,power_driven,good,5609.75042541659,-47.346004424456936,32.493558524071005,171.85403458589704,0.3975050958826543,False,False,False,1.4899307920255039e-12,-1.4899307920255039e-12,0.0,0,0.0,False,crossing,,,,,1.0,1.0
crossing_0050,crossing,crossing,stand_on,rule_based,Rule-based COLREGS,171.5066261172693,1277.5116019930229,15.71099504612182,12.003879940893167,coastal_tanker,container_feeder,power_driven,good,5609.75042541659,-47.346004424456936,32.493558524071005,706.7864290917094,1.6212451849590823,False,True,False,-0.1932754440283727,2.2296185868713736,2089.2880085677266,50,34.99790375489416,True,crossing,,,,,1.0,1.0
crossing_0050,crossing,crossing,stand_on,velocity_obstacle,Velocity obstacle,171.5066261172693,1277.5116019930229,15.71099504612182,12.003879940893167,coastal_tanker,container_feeder,power_driven,good,5609.75042541659,-47.346004424456936,32.493558524071005,1077.34085090995,2.4877169501847005,True,True,False,-0.01608880902980272,0.6399343500430056,2140.5824146589875,31,9.999999999999886,True,crossing,,,,,1.0,1.0
crossing_0050,crossing,crossing,stand_on,mpc,MPC,171.5066261172693,1277.5116019930229,15.71099504612182,12.003879940893167,coastal_tanker,container_feeder,power_driven,good,5609.75042541659,-47.346004424456936,32.493558524071005,1071.9389462134905,2.451016737021332,True,True,False,-0.5141982208604925,0.8280439760759973,1104.7461760885126,28,9.999999604856933,False,crossing,,,,,1.0,1.0
crossing_0051,crossing,crossing,stand_on,no_action,No action (baseline),642.4281506456116,1427.8089734596037,9.911976609828475,8.69196623743263,vlcc,coastal_tanker,power_driven,good,11482.114120619546,-33.81648212685741,113.89488261995207,642.6689754203667,0.731139054063379,False,False,False,5.953657021590948e-14,-5.953657021590948e-14,0.0,0,0.0,True,crossing,,,,,1.0,1.0
crossing_0051,crossing,crossing,stand_on,rule_based,Rule-based COLREGS,642.4281506456116,1427.8089734596037,9.911976609828475,8.69196623743263,vlcc,coastal_tanker,power_driven,good,11482.114120619546,-33.81648212685741,113.89488261995207,642.6689754203667,0.731139054063379,False,False,False,5.953657021590948e-14,-5.953657021590948e-14,0.0,0,0.0,True,crossing,,,,,1.0,1.0
crossing_0051,crossing,crossing,stand_on,velocity_obstacle,Velocity obstacle,642.4281506456116,1427.8089734596037,9.911976609828475,8.69196623743263,vlcc,coastal_tanker,power_driven,good,11482.114120619546,-33.81648212685741,113.89488261995207,1087.0821609675565,1.192322805528975,True,True,False,-0.20147371086343652,0.3521505445025432,566.4303365245696,8,8.917127747052747,True,crossing,,,,,1.0,1.0
crossing_0051,crossing,crossing,stand_on,mpc,MPC,642.4281506456116,1427.8089734596037,9.911976609828475,8.69196623743263,vlcc,coastal_tanker,power_driven,good,11482.114120619546,-33.81648212685741,113.89488261995207,1014.9588356289393,1.12505348394891,True,True,False,-1.6209194003435885,1.8260522542981952,662.4670935235428,38,11.153290008778763,True,crossing,,,,,0.0,0.0
crossing_0052,crossing,crossing,stand_on,no_action,No action (baseline),776.4453540929502,1355.0131023139575,10.426378167038795,13.574896082528138,container_feeder,container_feeder,power_driven,good,15932.023137118338,-23.404921181847413,143.70154512492115,776.4453693397201,2.7501934337480036,False,True,False,1.7168436459246767e-12,-1.7168436459246767e-12,0.0,0,0.0,True,crossing,,,,,1.0,1.0
crossing_0052,crossing,crossing,stand_on,rule_based,Rule-based COLREGS,776.4453540929502,1355.0131023139575,10.426378167038795,13.574896082528138,container_feeder,container_feeder,power_driven,good,15932.023137118338,-23.404921181847413,143.70154512492115,776.4453693397201,2.7501934337480036,False,True,False,1.7168436459246767e-12,-1.7168436459246767e-12,0.0,0,0.0,True,crossing,,,,,1.0,1.0
crossing_0052,crossing,crossing,stand_on,velocity_obstacle,Velocity obstacle,776.4453540929502,1355.0131023139575,10.426378167038795,13.574896082528138,container_feeder,container_feeder,power_driven,good,15932.023137118338,-23.404921181847413,143.70154512492115,1087.5272715499084,3.851493386146984,True,True,False,-0.018965512634560894,0.09122301779568413,338.8048926891734,16,5.0000000001618465,True,crossing,,,,,1.0,1.0
crossing_0052,crossing,crossing,stand_on,mpc,MPC,776.4453540929502,1355.0131023139575,10.426378167038795,13.574896082528138,container_feeder,container_feeder,power_driven,good,15932.023137118338,-23.404921181847413,143.70154512492115,1010.4617268841743,3.5782426714777116,True,True,False,-0.18321606983047584,0.2712768856062796,269.32350989572467,49,9.976416568998882,True,crossing,,,,,1.0,1.0
crossing_0053,crossing,crossing,stand_on,no_action,No action (baseline),1129.0436572426206,1780.5640342402635,12.212213303176009,11.76279669190042,container_feeder,coastal_tanker,power_driven,good,9054.201762977793,-70.64274614855034,48.24727399441476,1129.0472435580075,2.0009919708187884,True,True,False,-3.38257737341701e-13,3.38257737341701e-13,0.0,0,0.0,True,crossing,,,,,1.0,1.0
crossing_0053,crossing,crossing,stand_on,rule_based,Rule-based COLREGS,1129.0436572426206,1780.5640342402635,12.212213303176009,11.76279669190042,container_feeder,coastal_tanker,power_driven,good,9054.201762977793,-70.64274614855034,48.24727399441476,1129.0472435580075,2.0009919708187884,True,True,False,-3.38257737341701e-13,3.38257737341701e-13,0.0,0,0.0,True,crossing,,,,,1.0,1.0
crossing_0053,crossing,crossing,stand_on,velocity_obstacle,Velocity obstacle,1129.0436572426206,1780.5640342402635,12.212213303176009,11.76279669190042,container_feeder,coastal_tanker,power_driven,good,9054.201762977793,-70.64274614855034,48.24727399441476,1129.0472435580075,2.0009919708187884,True,True,False,-3.38257737341701e-13,3.38257737341701e-13,0.0,0,0.0,True,crossing,,,,,1.0,1.0
crossing_0053,crossing,crossing,stand_on,mpc,MPC,1129.0436572426206,1780.5640342402635,12.212213303176009,11.76279669190042,container_feeder,coastal_tanker,power_driven,good,9054.201762977793,-70.64274614855034,48.24727399441476,1129.0472435580075,2.0009919708187884,True,True,False,-3.38257737341701e-13,3.38257737341701e-13,0.0,0,0.0,True,crossing,,,,,1.0,1.0
crossing_0054,crossing,crossing,stand_on,no_action,No action (baseline),831.231007836093,1090.3777222988447,14.692349185389812,8.878910002121149,container_feeder,handysize_bulker,power_driven,good,12731.320264835706,-16.150529417717888,146.76703485106572,831.2426578956362,2.685287136653253,False,True,False,1.5530647899287687e-12,-1.5530647899287687e-12,0.0,0,0.0,True,crossing,,,,,1.0,1.0
crossing_0054,crossing,crossing,stand_on,rule_based,Rule-based COLREGS,831.231007836093,1090.3777222988447,14.692349185389812,8.878910002121149,container_feeder,handysize_bulker,power_driven,good,12731.320264835706,-16.150529417717888,146.76703485106572,831.2426578956362,2.685287136653253,False,True,False,1.5530647899287687e-12,-1.5530647899287687e-12,0.0,0,0.0,True,crossing,,,,,1.0,1.0
crossing_0054,crossing,crossing,stand_on,velocity_obstacle,Velocity obstacle,831.231007836093,1090.3777222988447,14.692349185389812,8.878910002121149,container_feeder,handysize_bulker,power_driven,good,12731.320264835706,-16.150529417717888,146.76703485106572,1095.3316013990302,3.5382688100433026,True,True,False,-0.011753339229823512,0.050915557333201855,273.30162535670445,14,4.9995570572859105,True,crossing,,,,,1.0,1.0
crossing_0054,crossing,crossing,stand_on,mpc,MPC,831.231007836093,1090.3777222988447,14.692349185389812,8.878910002121149,container_feeder,handysize_bulker,power_driven,good,12731.320264835706,-16.150529417717888,146.76703485106572,1016.3087473591381,3.2826353029401854,True,True,False,-0.07063906394072028,0.11107836904723446,195.98498434672908,35,9.209845948062446,True,crossing,,,,,1.0,1.0
crossing_0055,crossing,crossing,give_way,no_action,No action (baseline),283.7669794035234,1530.240410440821,8.281625371327234,13.69293449852757,container_feeder,handysize_bulker,power_driven,moderate,7855.69773830257,94.69608124676871,313.6789143836602,283.7696597805841,0.6954298122076504,False,False,False,-6.531906192371265e-13,6.531906192371265e-13,0.0,0,0.0,False,crossing,0.0,0.0,0.0,1.0,,0.25
crossing_0055,crossing,crossing,give_way,rule_based,Rule-based COLREGS,283.7669794035234,1530.240410440821,8.281625371327234,13.69293449852757,container_feeder,handysize_bulker,power_driven,moderate,7855.69773830257,94.69608124676871,313.6789143836602,1025.142984364828,2.8394530812249856,True,True,False,-1.294653736881888,8.990191212985408,2621.6159597016467,110,60.22687633534866,False,crossing,1.0,1.0,1.0,1.0,,1.0
crossing_0055,crossing,crossing,give_way,velocity_obstacle,Velocity obstacle,283.7669794035234,1530.240410440821,8.281625371327234,13.69293449852757,container_feeder,handysize_bulker,power_driven,moderate,7855.69773830257,94.69608124676871,313.6789143836602,1102.0344942287493,2.773943909811428,True,True,False,-1.3907520284731816,7.177913371995718,2056.261802480576,78,50.665895338508605,False,crossing,1.0,1.0,1.0,1.0,,1.0
crossing_0055,crossing,crossing,give_way,mpc,MPC,283.7669794035234,1530.240410440821,8.281625371327234,13.69293449852757,container_feeder,handysize_bulker,power_driven,moderate,7855.69773830257,94.69608124676871,313.6789143836602,1042.512629792395,2.597579587022968,True,True,False,-5.111265646731614,5.111265646731614,0.0,0,0.0,False,crossing,0.0,0.0,1.0,1.0,,0.5
crossing_0056,crossing,crossing,stand_on,no_action,No action (baseline),991.0289545041254,1230.8648369052194,10.849106254833263,12.210158719893037,coastal_tanker,container_feeder,power_driven,good,9307.308779258097,-61.041434103428166,78.417865151731,991.0502860783641,2.897650158238898,True,True,False,1.8131296641650563e-13,-1.994442630581562e-13,0.0,0,0.0,True,crossing,,,,,1.0,1.0
crossing_0056,crossing,crossing,stand_on,rule_based,Rule-based COLREGS,991.0289545041254,1230.8648369052194,10.849106254833263,12.210158719893037,coastal_tanker,container_feeder,power_driven,good,9307.308779258097,-61.041434103428166,78.417865151731,991.0502860783641,2.897650158238898,True,True,False,1.8131296641650563e-13,-1.994442630581562e-13,0.0,0,0.0,True,crossing,,,,,1.0,1.0
crossing_0056,crossing,crossing,stand_on,velocity_obstacle,Velocity obstacle,991.0289545041254,1230.8648369052194,10.849106254833263,12.210158719893037,coastal_tanker,container_feeder,power_driven,good,9307.308779258097,-61.041434103428166,78.417865151731,991.0502860783641,2.897650158238898,True,True,False,1.8131296641650563e-13,-1.994442630581562e-13,0.0,0,0.0,True,crossing,,,,,1.0,1.0
crossing_0056,crossing,crossing,stand_on,mpc,MPC,991.0289545041254,1230.8648369052194,10.849106254833263,12.210158719893037,coastal_tanker,container_feeder,power_driven,good,9307.308779258097,-61.041434103428166,78.417865151731,991.0502860783641,2.897650158238898,True,True,False,1.8131296641650563e-13,-1.994442630581562e-13,0.0,0,0.0,True,crossing,,,,,1.0,1.0
crossing_0057,crossing,crossing,give_way,no_action,No action (baseline),930.6567280704637,1377.1772093393854,15.119500037084677,8.429221525346541,handysize_bulker,coastal_tanker,power_driven,good,12043.279153861607,25.354530154553075,272.79288361120837,930.8503008779307,1.4216905204964214,True,True,False,-8.846964982841213e-13,8.846964982841213e-13,0.0,0,0.0,False,crossing,0.0,0.0,0.0,1.0,,0.25
crossing_0057,crossing,crossing,give_way,rule_based,Rule-based COLREGS,930.6567280704637,1377.1772093393854,15.119500037084677,8.429221525346541,handysize_bulker,coastal_tanker,power_driven,good,12043.279153861607,25.354530154553075,272.79288361120837,930.8503008779307,1.4216905204964214,True,True,False,-8.846964982841213e-13,8.846964982841213e-13,0.0,0,0.0,False,crossing,0.0,0.0,0.0,1.0,,0.25
crossing_0057,crossing,crossing,give_way,velocity_obstacle,Velocity obstacle,930.6567280704637,1377.1772093393854,15.119500037084677,8.429221525346541,handysize_bulker,coastal_tanker,power_driven,good,12043.279153861607,25.354530154553075,272.79288361120837,930.8503008779307,1.4216905204964214,True,True,False,-8.846964982841213e-13,8.846964982841213e-13,0.0,0,0.0,False,crossing,0.0,0.0,0.0,1.0,,0.25
crossing_0057,crossing,crossing,give_way,mpc,MPC,930.6567280704637,1377.1772093393854,15.119500037084677,8.429221525346541,handysize_bulker,coastal_tanker,power_driven,good,12043.279153861607,25.354530154553075,272.79288361120837,930.8503008779307,1.4216905204964214,True,True,False,-8.846964982841213e-13,8.846964982841213e-13,0.0,0,0.0,False,crossing,0.0,0.0,0.0,1.0,,0.25
crossing_0058,crossing,crossing,give_way,no_action,No action (baseline),1018.2561064154129,1417.558884816956,12.535743880571726,15.598517099277403,coastal_tanker,vlcc,restricted_manoeuvrability,good,4736.155078620282,-119.20711642994775,22.909702948680707,1018.2872593626953,2.854678965123628,True,True,False,-6.119801314873135e-13,6.119801314873135e-13,0.0,0,0.0,True,crossing,0.0,0.0,0.0,0.0,,0.0
crossing_0058,crossing,crossing,give_way,rule_based,Rule-based COLREGS,1018.2561064154129,1417.558884816956,12.535743880571726,15.598517099277403,coastal_tanker,vlcc,restricted_manoeuvrability,good,4736.155078620282,-119.20711642994775,22.909702948680707,1018.2872593626953,2.854678965123628,True,True,False,-6.119801314873135e-13,6.119801314873135e-13,0.0,0,0.0,True,crossing,0.0,0.0,0.0,0.0,,0.0
crossing_0058,crossing,crossing,give_way,velocity_obstacle,Velocity obstacle,1018.2561064154129,1417.558884816956,12.535743880571726,15.598517099277403,coastal_tanker,vlcc,restricted_manoeuvrability,good,4736.155078620282,-119.20711642994775,22.909702948680707,1018.2872593626953,2.854678965123628,True,True,False,-6.119801314873135e-13,6.119801314873135e-13,0.0,0,0.0,True,crossing,0.0,0.0,0.0,0.0,,0.0
crossing_0058,crossing,crossing,give_way,mpc,MPC,1018.2561064154129,1417.558884816956,12.535743880571726,15.598517099277403,coastal_tanker,vlcc,restricted_manoeuvrability,good,4736.155078620282,-119.20711642994775,22.909702948680707,1018.2872593626953,2.854678965123628,True,True,False,-6.119801314873135e-13,6.119801314873135e-13,0.0,0,0.0,True,crossing,0.0,0.0,0.0,0.0,,0.0
crossing_0059,crossing,crossing,give_way,no_action,No action (baseline),23.977524152442587,1270.9571145236305,8.06806023473612,8.337711250990402,coastal_tanker,handysize_bulker,power_driven,good,8002.415721867892,42.77215935538953,263.51945657505024,24.72323186639845,0.09275247731294993,False,False,True,-1.194674995714197e-12,1.194674995714197e-12,0.0,0,0.0,True,crossing,0.0,0.0,0.0,0.0,,0.0
crossing_0059,crossing,crossing,give_way,rule_based,Rule-based COLREGS,23.977524152442587,1270.9571145236305,8.06806023473612,8.337711250990402,coastal_tanker,handysize_bulker,power_driven,good,8002.415721867892,42.77215935538953,263.51945657505024,1530.4611266917796,6.380541045535126,True,True,False,-0.41582406177722364,4.871371162529196,2218.029660316592,54,34.999999989742975,False,crossing,1.0,1.0,1.0,1.0,,1.0
crossing_0059,crossing,crossing,give_way,velocity_obstacle,Velocity obstacle,23.977524152442587,1270.9571145236305,8.06806023473612,8.337711250990402,coastal_tanker,handysize_bulker,power_driven,good,8002.415721867892,42.77215935538953,263.51945657505024,1075.552763078386,3.454586002720227,True,True,False,-0.11909420205431238,1.4789387391565483,1320.2373527449956,53,19.99998860317765,False,crossing,1.0,0.0,1.0,1.0,,0.75
crossing_0059,crossing,crossing,give_way,mpc,MPC,23.977524152442587,1270.9571145236305,8.06806023473612,8.337711250990402,coastal_tanker,handysize_bulker,power_driven,good,8002.415721867892,42.77215935538953,263.51945657505024,1025.9269587586655,3.2938120134842586,True,True,False,-1.9603553829052787,3.0830951872621872,1032.3030885683015,56,19.99999869341656,False,crossing,1.0,0.0,1.0,1.0,,0.75
crossing_0060,crossing,crossing,stand_on,no_action,No action (baseline),520.5631681335933,816.1705508221462,10.037212076182,15.303057527564558,vlcc,coastal_tanker,power_driven,good,10328.501167394283,-20.473988100628976,150.9856170099863,520.7733511425067,0.8978267438408002,False,False,False,1.3130598690932064e-12,-1.3130598690932064e-12,0.0,0,0.0,True,crossing,,,,,1.0,1.0
crossing_0060,crossing,crossing,stand_on,rule_based,Rule-based COLREGS,520.5631681335933,816.1705508221462,10.037212076182,15.303057527564558,vlcc,coastal_tanker,power_driven,good,10328.501167394283,-20.473988100628976,150.9856170099863,520.7733511425067,0.8978267438408002,False,False,False,1.3130598690932064e-12,-1.3130598690932064e-12,0.0,0,0.0,True,crossing,,,,,1.0,1.0
crossing_0060,crossing,crossing,stand_on,velocity_obstacle,Velocity obstacle,520.5631681335933,816.1705508221462,10.037212076182,15.303057527564558,vlcc,coastal_tanker,power_driven,good,10328.501167394283,-20.473988100628976,150.9856170099863,1096.7264769001542,1.8317860523058058,True,True,False,-0.2863187588884621,0.5769438984330133,645.7423527865582,40,11.756464170192672,True,crossing,,,,,0.0,0.0
crossing_0060,crossing,crossing,stand_on,mpc,MPC,520.5631681335933,816.1705508221462,10.037212076182,15.303057527564558,vlcc,coastal_tanker,power_driven,good,10328.501167394283,-20.473988100628976,150.9856170099863,968.6811508993974,1.6325741476524684,True,True,False,-3.2411330939823224,3.6054972427373753,759.5382367565744,107,14.39338016628963,True,crossing,,,,,0.0,0.0
crossing_0061,crossing,crossing,give_way,no_action,No action (baseline),772.8593289858538,1657.1623439240495,14.95969112389346,14.580206515280327,vlcc,vlcc,power_driven,moderate,22120.404821820615,30.220313751729055,237.2393857122137,773.3974667547956,0.9790016791280636,False,False,False,-5.128198252750373e-13,5.128198252750373e-13,0.0,0,0.0,True,crossing,0.0,0.0,0.0,0.0,,0.0
crossing_0061,crossing,crossing,give_way,rule_based,Rule-based COLREGS,772.8593289858538,1657.1623439240495,14.95969112389346,14.580206515280327,vlcc,vlcc,power_driven,moderate,22120.404821820615,30.220313751729055,237.2393857122137,2644.548809098381,4.123642174142772,True,True,False,-1.800211622866973,5.871965336778381,3727.053040051294,82,37.932896159440524,False,crossing,1.0,1.0,1.0,1.0,,1.0
crossing_0061,crossing,crossing,give_way,velocity_obstacle,Velocity obstacle,772.8593289858538,1657.1623439240495,14.95969112389346,14.580206515280327,vlcc,vlcc,power_driven,moderate,22120.404821820615,30.220313751729055,237.2393857122137,1098.206604907208,1.4351660484283686,True,True,False,-0.31863942402433204,1.1845755056392504,1989.2158768490312,50,16.32111046741428,False,crossing,1.0,0.0,1.0,1.0,,0.75
crossing_0061,crossing,crossing,give_way,mpc,MPC,772.8593289858538,1657.1623439240495,14.95969112389346,14.580206515280327,vlcc,vlcc,power_driven,moderate,22120.404821820615,30.220313751729055,237.2393857122137,1060.5526931058544,1.3630404253727895,True,True,False,-4.811183052662212,5.444000381874095,1292.9151614065722,128,21.757164946357687,False,crossing,1.0,0.0,1.0,1.0,,0.75
crossing_0062,crossing,crossing,give_way,no_action,No action (baseline),548.1944863888813,699.4613222563337,12.475308008567133,9.06028801177806,coastal_tanker,handysize_bulker,fishing,good,7297.896955244361,21.307185036591427,220.73730484565857,548.2231342790807,2.289613518350228,False,True,False,1.734459782755599e-13,-1.734459782755599e-13,0.0,0,0.0,True,crossing,0.0,0.0,0.0,0.0,,0.0
crossing_0062,crossing,crossing,give_way,rule_based,Rule-based COLREGS,548.1944863888813,699.4613222563337,12.475308008567133,9.06028801177806,coastal_tanker,handysize_bulker,fishing,good,7297.896955244361,21.307185036591427,220.73730484565857,1832.207977968265,9.30659090906867,True,True,False,-0.1828861684449267,3.56663405803877,2654.4397465837746,54,34.99999338673556,False,crossing,1.0,1.0,1.0,1.0,,1.0
crossing_0062,crossing,crossing,give_way,velocity_obstacle,Velocity obstacle,548.1944863888813,699.4613222563337,12.475308008567133,9.06028801177806,coastal_tanker,handysize_bulker,fishing,good,7297.896955244361,21.307185036591427,220.73730484565857,1080.4184584755358,4.742499842136904,True,True,False,-0.08361856290572357,1.490349916313725,1660.1366277971113,56,24.998861249428206,False,crossing,1.0,0.0,1.0,1.0,,0.75
crossing_0062,crossing,crossing,give_way,mpc,MPC,548.1944863888813,699.4613222563337,12.475308008567133,9.06028801177806,coastal_tanker,handysize_bulker,fishing,good,7297.896955244361,21.307185036591427,220.73730484565857,1034.1628110682987,4.6056286375086755,True,True,False,-0.13731522132381924,1.4742291667485163,1628.5054374475137,60,29.339233467266308,False,crossing,1.0,0.0,1.0,1.0,,0.75
crossing_0063,crossing,crossing,give_way,no_action,No action (baseline),732.6515206803034,1161.2274177055087,11.030097674371989,12.24153571100956,coastal_tanker,coastal_tanker,power_driven,good,4252.306463251897,72.28630510972019,325.4244405302984,732.664898347201,1.8284264329711608,False,True,False,-2.318391735898012e-13,2.318391735898012e-13,0.0,0,0.0,False,crossing,0.0,0.0,0.0,1.0,,0.25
crossing_0063,crossing,crossing,give_way,rule_based,Rule-based COLREGS,732.6515206803034,1161.2274177055087,11.030097674371989,12.24153571100956,coastal_tanker,coastal_tanker,power_driven,good,4252.306463251897,72.28630510972019,325.4244405302984,1363.8009726963955,3.7979902871564066,True,True,False,-0.24971381671293788,4.134945029202263,2668.2057387307254,54,34.999999366911545,False,crossing,1.0,1.0,1.0,1.0,,1.0
crossing_0063,crossing,crossing,give_way,velocity_obstacle,Velocity obstacle,732.6515206803034,1161.2274177055087,11.030097674371989,12.24153571100956,coastal_tanker,coastal_tanker,power_driven,good,4252.306463251897,72.28630510972019,325.4244405302984,1070.247503050233,2.685901528550535,True,True,False,-0.06661937564461953,0.8740453904384672,1235.368986630722,52,19.594432085757038,False,crossing,1.0,0.0,1.0,1.0,,0.75
crossing_0063,crossing,crossing,give_way,mpc,MPC,732.6515206803034,1161.2274177055087,11.030097674371989,12.24153571100956,coastal_tanker,coastal_tanker,power_driven,good,4252.306463251897,72.28630510972019,325.4244405302984,1086.8364517369266,2.712564518553719,True,True,False,-1.7524339360221717,1.7524339360221717,0.0,0,0.0,False,crossing,0.0,0.0,1.0,1.0,,0.5
crossing_0064,crossing,crossing,give_way,no_action,No action (baseline),1450.0367449450953,1179.361388292833,14.471064400181683,15.988284240814064,handysize_bulker,coastal_tanker,power_driven,good,9942.176266556304,54.12030391204247,295.9131906401161,1450.0465262026573,2.404688691480821,True,True,False,-9.51525408597374e-13,9.51525408597374e-13,0.0,0,0.0,False,crossing,0.0,0.0,0.0,1.0,,0.25
crossing_0064,crossing,crossing,give_way,rule_based,Rule-based COLREGS,1450.0367449450953,1179.361388292833,14.471064400181683,15.988284240814064,handysize_bulker,coastal_tanker,power_driven,good,9942.176266556304,54.12030391204247,295.9131906401161,1450.0465262026573,2.404688691480821,True,True,False,-9.51525408597374e-13,9.51525408597374e-13,0.0,0,0.0,False,crossing,0.0,0.0,0.0,1.0,,0.25
crossing_0064,crossing,crossing,give_way,velocity_obstacle,Velocity obstacle,1450.0367449450953,1179.361388292833,14.471064400181683,15.988284240814064,handysize_bulker,coastal_tanker,power_driven,good,9942.176266556304,54.12030391204247,295.9131906401161,1450.0465262026573,2.404688691480821,True,True,False,-9.51525408597374e-13,9.51525408597374e-13,0.0,0,0.0,False,crossing,0.0,0.0,0.0,1.0,,0.25
crossing_0064,crossing,crossing,give_way,mpc,MPC,1450.0367449450953,1179.361388292833,14.471064400181683,15.988284240814064,handysize_bulker,coastal_tanker,power_driven,good,9942.176266556304,54.12030391204247,295.9131906401161,1450.0465262026573,2.404688691480821,True,True,False,-9.51525408597374e-13,9.51525408597374e-13,0.0,0,0.0,False,crossing,0.0,0.0,0.0,1.0,,0.25
crossing_0065,crossing,crossing,give_way,no_action,No action (baseline),1288.5229892795837,1494.3767499519097,15.760824774659039,9.727388375469054,container_feeder,handysize_bulker,not_under_command,good,13458.30639470635,-39.10823492713197,82.62333302311049,1288.5351025588977,2.350090838401281,True,True,False,1.0234290440050124e-12,-1.0234290440050124e-12,0.0,0,0.0,True,crossing,0.0,0.0,0.0,0.0,,0.0
crossing_0065,crossing,crossing,give_way,rule_based,Rule-based COLREGS,1288.5229892795837,1494.3767499519097,15.760824774659039,9.727388375469054,container_feeder,handysize_bulker,not_under_command,good,13458.30639470635,-39.10823492713197,82.62333302311049,1288.5351025588977,2.350090838401281,True,True,False,1.0234290440050124e-12,-1.0234290440050124e-12,0.0,0,0.0,True,crossing,0.0,0.0,0.0,0.0,,0.0
crossing_0065,crossing,crossing,give_way,velocity_obstacle,Velocity obstacle,1288.5229892795837,1494.3767499519097,15.760824774659039,9.727388375469054,container_feeder,handysize_bulker,not_under_command,good,13458.30639470635,-39.10823492713197,82.62333302311049,1288.5351025588977,2.350090838401281,True,True,False,1.0234290440050124e-12,-1.0234290440050124e-12,0.0,0,0.0,True,crossing,0.0,0.0,0.0,0.0,,0.0
crossing_0065,crossing,crossing,give_way,mpc,MPC,1288.5229892795837,1494.3767499519097,15.760824774659039,9.727388375469054,container_feeder,handysize_bulker,not_under_command,good,13458.30639470635,-39.10823492713197,82.62333302311049,1288.5351025588977,2.350090838401281,True,True,False,1.0234290440050124e-12,-1.0234290440050124e-12,0.0,0,0.0,True,crossing,0.0,0.0,0.0,0.0,,0.0
crossing_0066,crossing,crossing,stand_on,no_action,No action (baseline),7.599846695099222,1345.086549371495,15.283073972891273,8.90046162010118,coastal_tanker,coastal_tanker,power_driven,restricted,11225.04672762922,-32.6081155138378,79.48593407000244,7.63409123319558,0.025286131152171255,False,False,True,1.0039375850606107e-12,-1.0039375850606107e-12,0.0,0,0.0,False,crossing,,,,,1.0,1.0
crossing_0066,crossing,crossing,stand_on,rule_based,Rule-based COLREGS,7.599846695099222,1345.086549371495,15.283073972891273,8.90046162010118,coastal_tanker,coastal_tanker,power_driven,restricted,11225.04672762922,-32.6081155138378,79.48593407000244,1066.0518464735183,2.497167836272082,True,True,False,-0.19803850840043702,1.7852877263220959,1625.8111379829277,50,34.985784044654636,True,crossing,,,,,1.0,1.0
crossing_0066,crossing,crossing,stand_on,velocity_obstacle,Velocity obstacle,7.599846695099222,1345.086549371495,15.283073972891273,8.90046162010118,coastal_tanker,coastal_tanker,power_driven,restricted,11225.04672762922,-32.6081155138378,79.48593407000244,1080.5011244570953,2.585699097622933,True,True,False,-0.01619975131458438,0.3746887553891904,1370.3586112879366,28,9.999999321891126,True,crossing,,,,,1.0,1.0
crossing_0066,crossing,crossing,stand_on,mpc,MPC,7.599846695099222,1345.086549371495,15.283073972891273,8.90046162010118,coastal_tanker,coastal_tanker,power_driven,restricted,11225.04672762922,-32.6081155138378,79.48593407000244,1063.0862984029957,2.5750366406829466,True,True,False,-0.015333647269192912,0.36341542914108116,1187.8920812032795,28,9.999999929917536,False,crossing,,,,,1.0,1.0
crossing_0067,crossing,crossing,give_way,no_action,No action (baseline),968.3211629242138,1769.7130870352607,12.345076599697625,8.551676762409672,container_feeder,vlcc,fishing,moderate,10564.551554800302,-47.02630833470176,64.16575580787406,968.3226649694318,1.667737972461884,True,True,False,4.939588044393003e-13,-4.939588044393003e-13,0.0,0,0.0,True,crossing,0.0,0.0,0.0,0.0,,0.0
crossing_0067,crossing,crossing,give_way,rule_based,Rule-based COLREGS,968.3211629242138,1769.7130870352607,12.345076599697625,8.551676762409672,container_feeder,vlcc,fishing,moderate,10564.551554800302,-47.02630833470176,64.16575580787406,968.3226649694318,1.667737972461884,True,True,False,4.939588044393003e-13,-4.939588044393003e-13,0.0,0,0.0,True,crossing,0.0,0.0,0.0,0.0,,0.0
crossing_0067,crossing,crossing,give_way,velocity_obstacle,Velocity obstacle,968.3211629242138,1769.7130870352607,12.345076599697625,8.551676762409672,container_feeder,vlcc,fishing,moderate,10564.551554800302,-47.02630833470176,64.16575580787406,968.3226649694318,1.667737972461884,True,True,False,4.939588044393003e-13,-4.939588044393003e-13,0.0,0,0.0,True,crossing,0.0,0.0,0.0,0.0,,0.0
crossing_0067,crossing,crossing,give_way,mpc,MPC,968.3211629242138,1769.7130870352607,12.345076599697625,8.551676762409672,container_feeder,vlcc,fishing,moderate,10564.551554800302,-47.02630833470176,64.16575580787406,968.3226649694318,1.667737972461884,True,True,False,4.939588044393003e-13,-4.939588044393003e-13,0.0,0,0.0,True,crossing,0.0,0.0,0.0,0.0,,0.0
crossing_0068,crossing,crossing,stand_on,no_action,No action (baseline),563.6373191826606,1629.2500248287954,8.381250905827677,13.488703834222257,vlcc,coastal_tanker,power_driven,good,12879.011021736515,-58.69406549305229,85.80656411842915,563.66843699149,0.6677283012995574,False,False,False,-1.2321775371842897e-12,1.2321775371842897e-12,0.0,0,0.0,False,crossing,,,,,1.0,1.0
crossing_0068,crossing,crossing,stand_on,rule_based,Rule-based COLREGS,563.6373191826606,1629.2500248287954,8.381250905827677,13.488703834222257,vlcc,coastal_tanker,power_driven,good,12879.011021736515,-58.69406549305229,85.80656411842915,571.2215347398084,0.7494954799695183,False,False,False,-4.474859922441657,6.58499007446559,1125.2250343801438,144,40.477448125448646,False,crossing,,,,,1.0,1.0
crossing_0068,crossing,crossing,stand_on,velocity_obstacle,Velocity obstacle,563.6373191826606,1629.2500248287954,8.381250905827677,13.488703834222257,vlcc,coastal_tanker,power_driven,good,12879.011021736515,-58.69406549305229,85.80656411842915,1086.6032153363278,1.2834267354173905,True,True,False,-0.8578170977935408,1.3113534213232176,720.7655224036889,40,16.81798083457999,False,crossing,,,,,0.0,0.0
crossing_0068,crossing,crossing,stand_on,mpc,MPC,563.6373191826606,1629.2500248287954,8.381250905827677,13.488703834222257,vlcc,coastal_tanker,power_driven,good,12879.011021736515,-58.69406549305229,85.80656411842915,1081.6597585421468,1.277135346150127,True,True,False,-3.565862584271296,3.5806952050883485,70.68145486407684,1,4.692187957376179,False,crossing,,,,,1.0,1.0
crossing_0069,crossing,crossing,stand_on,no_action,No action (baseline),967.8215160408674,715.1924698100268,8.598757306824304,10.648893616166038,handysize_bulker,container_feeder,power_driven,moderate,6218.544103513934,-24.598534441228225,119.94194421078703,967.8229278700865,2.349582046189912,True,True,False,9.036166614516029e-13,-9.036166614516029e-13,0.0,0,0.0,False,crossing,,,,,1.0,1.0
crossing_0069,crossing,crossing,stand_on,rule_based,Rule-based COLREGS,967.8215160408674,715.1924698100268,8.598757306824304,10.648893616166038,handysize_bulker,container_feeder,power_driven,moderate,6218.544103513934,-24.598534441228225,119.94194421078703,967.8229278700865,2.349582046189912,True,True,False,9.036166614516029e-13,-9.036166614516029e-13,0.0,0,0.0,False,crossing,,,,,1.0,1.0
crossing_0069,crossing,crossing,stand_on,velocity_obstacle,Velocity obstacle,967.8215160408674,715.1924698100268,8.598757306824304,10.648893616166038,handysize_bulker,container_feeder,power_driven,moderate,6218.544103513934,-24.598534441228225,119.94194421078703,967.8229278700865,2.349582046189912,True,True,False,9.036166614516029e-13,-9.036166614516029e-13,0.0,0,0.0,False,crossing,,,,,1.0,1.0
crossing_0069,crossing,crossing,stand_on,mpc,MPC,967.8215160408674,715.1924698100268,8.598757306824304,10.648893616166038,handysize_bulker,container_feeder,power_driven,moderate,6218.544103513934,-24.598534441228225,119.94194421078703,967.8229278700865,2.349582046189912,True,True,False,9.036166614516029e-13,-9.036166614516029e-13,0.0,0,0.0,False,crossing,,,,,1.0,1.0
crossing_0070,crossing,crossing,stand_on,no_action,No action (baseline),256.3038224068491,1553.682601475485,12.138129921977978,12.01406597219664,vlcc,coastal_tanker,power_driven,good,18636.177219615405,-15.848420576991339,149.71992364026232,256.7903910689531,0.4166156855073673,False,False,False,-5.509979224392638e-13,5.509979224392638e-13,0.0,0,0.0,True,crossing,,,,,1.0,1.0
crossing_0070,crossing,crossing,stand_on,rule_based,Rule-based COLREGS,256.3038224068491,1553.682601475485,12.138129921977978,12.01406597219664,vlcc,coastal_tanker,power_driven,good,18636.177219615405,-15.848420576991339,149.71992364026232,843.2830468462427,0.9599515755646213,False,False,False,-5.838370794475239,8.898079408078715,1599.5555538464578,139,61.431464850509315,True,crossing,,,,,1.0,1.0
crossing_0070,crossing,crossing,stand_on,velocity_obstacle,Velocity obstacle,256.3038224068491,1553.682601475485,12.138129921977978,12.01406597219664,vlcc,coastal_tanker,power_driven,good,18636.177219615405,-15.848420576991339,149.71992364026232,1090.8442697831642,1.7019492607046567,True,True,False,-0.21061620310898801,0.4879889556949629,907.7529851863183,25,11.344010296284988,True,crossing,,,,,0.0,0.0
crossing_0070,crossing,crossing,stand_on,mpc,MPC,256.3038224068491,1553.682601475485,12.138129921977978,12.01406597219664,vlcc,coastal_tanker,power_driven,good,18636.177219615405,-15.848420576991339,149.71992364026232,1042.8821394522188,1.6267160489882915,True,True,False,-0.951190707184308,1.236822409631454,909.1506565269008,50,11.344010296284988,True,crossing,,,,,0.0,0.0
crossing_0071,crossing,crossing,stand_on,no_action,No action (baseline),13.547686830183814,1614.3978719461752,11.22427205056049,13.195769105608722,coastal_tanker,handysize_bulker,power_driven,good,7563.371158517262,-80.30460374819639,42.848623138902724,13.838261808831987,0.05973831275190797,False,False,True,-7.010106772789624e-14,5.2575800795922176e-14,0.0,0,0.0,True,crossing,,,,,1.0,1.0
crossing_0071,crossing,crossing,stand_on,rule_based,Rule-based COLREGS,13.547686830183814,1614.3978719461752,11.22427205056049,13.195769105608722,coastal_tanker,handysize_bulker,power_driven,good,7563.371158517262,-80.30460374819639,42.848623138902724,1037.6541428769108,3.4922779343843224,True,True,False,-0.17973992247030393,13.775189323817264,8028.057154678273,46,44.99995339372269,False,crossing,,,,,1.0,1.0
crossing_0071,crossing,crossing,stand_on,velocity_obstacle,Velocity obstacle,13.547686830183814,1614.3978719461752,11.22427205056049,13.195769105608722,coastal_tanker,handysize_bulker,power_driven,good,7563.371158517262,-80.30460374819639,42.848623138902724,1063.873799952969,3.064620008050175,True,True,False,-3.2876054291972183,8.615486936792148,3400.569592487859,269,36.817579015961236,False,crossing,,,,,0.0,0.0
crossing_0071,crossing,crossing,stand_on,mpc,MPC,13.547686830183814,1614.3978719461752,11.22427205056049,13.195769105608722,coastal_tanker,handysize_bulker,power_driven,good,7563.371158517262,-80.30460374819639,42.848623138902724,1022.7305803488908,2.8436363858677747,True,True,False,-5.539896734298883,5.832449974836942,650.6290920185862,69,9.999999373581348,False,crossing,,,,,1.0,1.0
crossing_0072,crossing,crossing,give_way,no_action,No action (baseline),1213.7109300136538,1126.7876410947647,10.781712904918333,13.455584417864571,vlcc,coastal_tanker,power_driven,good,7970.259477119543,57.09638948482839,292.84110739649844,1213.7752691338883,1.178219180701945,True,True,False,5.290942729229624e-13,-5.290942729229624e-13,0.0,0,0.0,False,crossing,0.0,0.0,0.0,1.0,,0.25
crossing_0072,crossing,crossing,give_way,rule_based,Rule-based COLREGS,1213.7109300136538,1126.7876410947647,10.781712904918333,13.455584417864571,vlcc,coastal_tanker,power_driven,good,7970.259477119543,57.09638948482839,292.84110739649844,1213.7752691338883,1.178219180701945,True,True,False,5.290942729229624e-13,-5.290942729229624e-13,0.0,0,0.0,False,crossing,0.0,0.0,0.0,1.0,,0.25
crossing_0072,crossing,crossing,give_way,velocity_obstacle,Velocity obstacle,1213.7109300136538,1126.7876410947647,10.781712904918333,13.455584417864571,vlcc,coastal_tanker,power_driven,good,7970.259477119543,57.09638948482839,292.84110739649844,1213.7752691338883,1.178219180701945,True,True,False,5.290942729229624e-13,-5.290942729229624e-13,0.0,0,0.0,False,crossing,0.0,0.0,0.0,1.0,,0.25
crossing_0072,crossing,crossing,give_way,mpc,MPC,1213.7109300136538,1126.7876410947647,10.781712904918333,13.455584417864571,vlcc,coastal_tanker,power_driven,good,7970.259477119543,57.09638948482839,292.84110739649844,1213.7752691338883,1.178219180701945,True,True,False,5.290942729229624e-13,-5.290942729229624e-13,0.0,0,0.0,False,crossing,0.0,0.0,0.0,1.0,,0.25
crossing_0073,crossing,crossing,give_way,no_action,No action (baseline),540.8644940762666,1231.7414959955274,11.10270741391063,15.882665370760424,vlcc,container_feeder,restricted_manoeuvrability,good,12278.356176549596,-57.65641454098466,89.87050825292744,541.1424735182735,0.6210244336997749,False,False,False,-1.7717152805153787e-14,0.0,0.0,0,0.0,True,crossing,0.0,0.0,0.0,0.0,,0.0
crossing_0073,crossing,crossing,give_way,rule_based,Rule-based COLREGS,540.8644940762666,1231.7414959955274,11.10270741391063,15.882665370760424,vlcc,container_feeder,restricted_manoeuvrability,good,12278.356176549596,-57.65641454098466,89.87050825292744,1051.9360758994733,1.2959986552371034,True,True,False,-5.262708651055702,60.48519994154233,15111.162464295285,179,83.88951389446073,False,crossing,1.0,1.0,1.0,1.0,,1.0
crossing_0073,crossing,crossing,give_way,velocity_obstacle,Velocity obstacle,540.8644940762666,1231.7414959955274,11.10270741391063,15.882665370760424,vlcc,container_feeder,restricted_manoeuvrability,good,12278.356176549596,-57.65641454098466,89.87050825292744,1076.2254761790591,1.2091942298759653,True,True,False,-0.22435084690819587,0.690740161650376,1145.6578613162137,25,11.541212638451599,True,crossing,1.0,0.0,1.0,0.0,,0.5
crossing_0073,crossing,crossing,give_way,mpc,MPC,540.8644940762666,1231.7414959955274,11.10270741391063,15.882665370760424,vlcc,container_feeder,restricted_manoeuvrability,good,12278.356176549596,-57.65641454098466,89.87050825292744,854.4180895052516,1.0216873200579426,False,True,False,-6.063257181753443,8.877242702302704,2827.5592549754056,201,36.05589273822609,True,crossing,1.0,1.0,1.0,0.0,,0.75
crossing_0074,crossing,crossing,stand_on,no_action,No action (baseline),464.95873729358055,1421.0339361408408,9.693673767385963,14.844877457372386,handysize_bulker,coastal_tanker,power_driven,good,16556.340632391275,-30.00265990560951,133.516325434345,465.1146377452539,1.3154675766369226,False,True,False,1.237839283633024e-12,-1.237839283633024e-12,0.0,0,0.0,True,crossing,,,,,1.0,1.0
crossing_0074,crossing,crossing,stand_on,rule_based,Rule-based COLREGS,464.95873729358055,1421.0339361408408,9.693673767385963,14.844877457372386,handysize_bulker,coastal_tanker,power_driven,good,16556.340632391275,-30.00265990560951,133.516325434345,465.1146377452539,1.3154675766369226,False,True,False,1.237839283633024e-12,-1.237839283633024e-12,0.0,0,0.0,True,crossing,,,,,1.0,1.0
crossing_0074,crossing,crossing,stand_on,velocity_obstacle,Velocity obstacle,464.95873729358055,1421.0339361408408,9.693673767385963,14.844877457372386,handysize_bulker,coastal_tanker,power_driven,good,16556.340632391275,-30.00265990560951,133.516325434345,1080.6264054570347,2.9664868675160845,True,True,False,-0.09185111901026281,0.375680036687241,743.6142501725482,32,10.32450751103382,True,crossing,,,,,0.0,0.0
crossing_0074,crossing,crossing,stand_on,mpc,MPC,464.95873729358055,1421.0339361408408,9.693673767385963,14.844877457372386,handysize_bulker,coastal_tanker,power_driven,good,16556.340632391275,-30.00265990560951,133.516325434345,1010.5869287233096,2.8626091803335116,True,True,False,-0.3761132125684835,0.6659565584469268,685.4412476860427,77,10.32450751103382,True,crossing,,,,,0.0,0.0
crossing_0075,crossing,crossing,give_way,no_action,No action (baseline),708.3653630835186,1785.177096941354,8.9126033645599,15.667799825023426,container_feeder,coastal_tanker,power_driven,moderate,17061.813866436292,59.728964186065525,265.966827888127,708.3673817878542,1.9880638775383994,False,True,False,-5.959118346727651e-13,5.959118346727651e-13,0.0,0,0.0,True,crossing,0.0,0.0,0.0,0.0,,0.0
crossing_0075,crossing,crossing,give_way,rule_based,Rule-based COLREGS,708.3653630835186,1785.177096941354,8.9126033645599,15.667799825023426,container_feeder,coastal_tanker,power_driven,moderate,17061.813866436292,59.728964186065525,265.966827888127,1032.4171621087005,3.533312821634305,True,True,False,-0.8310273122724694,6.069987325862451,2513.230537941556,88,44.50487572177464,False,crossing,1.0,1.0,1.0,1.0,,1.0
crossing_0075,crossing,crossing,give_way,velocity_obstacle,Velocity obstacle,708.3653630835186,1785.177096941354,8.9126033645599,15.667799825023426,container_feeder,coastal_tanker,power_driven,moderate,17061.813866436292,59.728964186065525,265.966827888127,1080.4543347056374,3.2267978553324075,True,True,False,-0.6243021374842349,4.391760035499483,2321.413923128969,73,35.19618086264786,False,crossing,1.0,1.0,1.0,1.0,,1.0
crossing_0075,crossing,crossing,give_way,mpc,MPC,708.3653630835186,1785.177096941354,8.9126033645599,15.667799825023426,container_feeder,coastal_tanker,power_driven,moderate,17061.813866436292,59.728964186065525,265.966827888127,1048.721837998578,2.979173924315023,True,True,False,-6.678090313549349,8.361232131729254,1141.188911328203,112,35.40687654137534,False,crossing,1.0,1.0,1.0,1.0,,1.0
crossing_0076,crossing,crossing,give_way,no_action,No action (baseline),1255.4971070623396,1361.4852532202272,9.706448026178387,9.286586853827911,handysize_bulker,vlcc,power_driven,moderate,12536.704059589616,25.619741742204525,220.68348624263717,1255.570847515993,3.3809522011003312,True,True,False,1.823916709236784e-13,-1.823916709236784e-13,0.0,0,0.0,True,crossing,0.0,0.0,0.0,0.0,,0.0
crossing_0076,crossing,crossing,give_way,rule_based,Rule-based COLREGS,1255.4971070623396,1361.4852532202272,9.706448026178387,9.286586853827911,handysize_bulker,vlcc,power_driven,moderate,12536.704059589616,25.619741742204525,220.68348624263717,1255.570847515993,3.3809522011003312,True,True,False,1.823916709236784e-13,-1.823916709236784e-13,0.0,0,0.0,True,crossing,0.0,0.0,0.0,0.0,,0.0
crossing_0076,crossing,crossing,give_way,velocity_obstacle,Velocity obstacle,1255.4971070623396,1361.4852532202272,9.706448026178387,9.286586853827911,handysize_bulker,vlcc,power_driven,moderate,12536.704059589616,25.619741742204525,220.68348624263717,1255.570847515993,3.3809522011003312,True,True,False,1.823916709236784e-13,-1.823916709236784e-13,0.0,0,0.0,True,crossing,0.0,0.0,0.0,0.0,,0.0
crossing_0076,crossing,crossing,give_way,mpc,MPC,1255.4971070623396,1361.4852532202272,9.706448026178387,9.286586853827911,handysize_bulker,vlcc,power_driven,moderate,12536.704059589616,25.619741742204525,220.68348624263717,1255.570847515993,3.3809522011003312,True,True,False,1.823916709236784e-13,-1.823916709236784e-13,0.0,0,0.0,True,crossing,0.0,0.0,0.0,0.0,,0.0
crossing_0077,crossing,crossing,give_way,no_action,No action (baseline),1362.5828622847505,1208.3728868168273,14.091472847504434,10.329211001211094,coastal_tanker,coastal_tanker,power_driven,good,8739.064513465599,52.29434868051127,292.72076857277557,1362.6324385988419,3.2716692353758323,True,True,False,-1.060913632721393e-12,1.060913632721393e-12,0.0,0,0.0,True,crossing,0.0,0.0,0.0,0.0,,0.0
crossing_0077,crossing,crossing,give_way,rule_based,Rule-based COLREGS,1362.5828622847505,1208.3728868168273,14.091472847504434,10.329211001211094,coastal_tanker,coastal_tanker,power_driven,good,8739.064513465599,52.29434868051127,292.72076857277557,1362.6324385988419,3.2716692353758323,True,True,False,-1.060913632721393e-12,1.060913632721393e-12,0.0,0,0.0,True,crossing,0.0,0.0,0.0,0.0,,0.0
crossing_0077,crossing,crossing,give_way,velocity_obstacle,Velocity obstacle,1362.5828622847505,1208.3728868168273,14.091472847504434,10.329211001211094,coastal_tanker,coastal_tanker,power_driven,good,8739.064513465599,52.29434868051127,292.72076857277557,1362.6324385988419,3.2716692353758323,True,True,False,-1.060913632721393e-12,1.060913632721393e-12,0.0,0,0.0,True,crossing,0.0,0.0,0.0,0.0,,0.0
crossing_0077,crossing,crossing,give_way,mpc,MPC,1362.5828622847505,1208.3728868168273,14.091472847504434,10.329211001211094,coastal_tanker,coastal_tanker,power_driven,good,8739.064513465599,52.29434868051127,292.72076857277557,1362.6324385988419,3.2716692353758323,True,True,False,-1.060913632721393e-12,1.060913632721393e-12,0.0,0,0.0,True,crossing,0.0,0.0,0.0,0.0,,0.0
crossing_0078,crossing,crossing,stand_on,no_action,No action (baseline),585.0453333314416,1724.1236004082584,13.195122738925264,13.606683983997302,vlcc,coastal_tanker,power_driven,good,9492.806093393601,-65.01898109151038,46.9456877787391,585.0651566867759,0.48235226817236265,False,False,False,-8.795517627244312e-13,8.795517627244312e-13,0.0,0,0.0,False,crossing,,,,,1.0,1.0
crossing_0078,crossing,crossing,stand_on,rule_based,Rule-based COLREGS,585.0453333314416,1724.1236004082584,13.195122738925264,13.606683983997302,vlcc,coastal_tanker,power_driven,good,9492.806093393601,-65.01898109151038,46.9456877787391,597.58197878128,0.5538320479565227,False,False,False,-1.5753042887263955,10.3297254526788,6855.996671208844,63,38.62404737611068,False,crossing,,,,,1.0,1.0
crossing_0078,crossing,crossing,stand_on,velocity_obstacle,Velocity obstacle,585.0453333314416,1724.1236004082584,13.195122738925264,13.606683983997302,vlcc,coastal_tanker,power_driven,good,9492.806093393601,-65.01898109151038,46.9456877787391,1088.1016528895711,0.8985241515044953,True,False,False,-0.18069763388173407,0.5409031090401408,1050.2887122338486,41,11.156531690198905,False,crossing,,,,,0.0,0.0
crossing_0078,crossing,crossing,stand_on,mpc,MPC,585.0453333314416,1724.1236004082584,13.195122738925264,13.606683983997302,vlcc,coastal_tanker,power_driven,good,9492.806093393601,-65.01898109151038,46.9456877787391,1041.0648722195258,0.8585386046912065,True,False,False,-1.5464673485894607,1.6129621082084515,250.78337163790883,44,10.546040183305157,False,crossing,,,,,0.0,0.0
crossing_0079,crossing,crossing,give_way,no_action,No action (baseline),974.8578263001518,1608.089465552124,9.694689106030335,12.586507302249583,vlcc,coastal_tanker,power_driven,good,8355.768796750372,72.57515186174228,308.4570493173039,974.9076834819018,0.9223822097986385,True,False,False,7.913225586111504e-13,-7.913225586111504e-13,0.0,0,0.0,False,crossing,0.0,0.0,0.0,1.0,,0.25
crossing_0079,crossing,crossing,give_way,rule_based,Rule-based COLREGS,974.8578263001518,1608.089465552124,9.694689106030335,12.586507302249583,vlcc,coastal_tanker,power_driven,good,8355.768796750372,72.57515186174228,308.4570493173039,974.9076834819018,0.9223822097986385,True,False,False,7.913225586111504e-13,-7.913225586111504e-13,0.0,0,0.0,False,crossing,0.0,0.0,0.0,1.0,,0.25
crossing_0079,crossing,crossing,give_way,velocity_obstacle,Velocity obstacle,974.8578263001518,1608.089465552124,9.694689106030335,12.586507302249583,vlcc,coastal_tanker,power_driven,good,8355.768796750372,72.57515186174228,308.4570493173039,974.9076834819018,0.9223822097986385,True,False,False,7.913225586111504e-13,-7.913225586111504e-13,0.0,0,0.0,False,crossing,0.0,0.0,0.0,1.0,,0.25
crossing_0079,crossing,crossing,give_way,mpc,MPC,974.8578263001518,1608.089465552124,9.694689106030335,12.586507302249583,vlcc,coastal_tanker,power_driven,good,8355.768796750372,72.57515186174228,308.4570493173039,974.9076834819018,0.9223822097986385,True,False,False,7.913225586111504e-13,-7.913225586111504e-13,0.0,0,0.0,False,crossing,0.0,0.0,0.0,1.0,,0.25
crossing_0080,crossing,crossing,stand_on,no_action,No action (baseline),599.1349683482662,1452.71319656566,10.55935085313019,15.438691187614996,vlcc,vlcc,power_driven,good,14124.529198712447,-52.397896794691455,91.17819225889924,599.5466484711771,0.6982579106277865,False,False,False,1.080472205088411e-12,-1.080472205088411e-12,0.0,0,0.0,False,crossing,,,,,1.0,1.0
crossing_0080,crossing,crossing,stand_on,rule_based,Rule-based COLREGS,599.1349683482662,1452.71319656566,10.55935085313019,15.438691187614996,vlcc,vlcc,power_driven,good,14124.529198712447,-52.397896794691455,91.17819225889924,613.1607415080243,0.7848042627682641,False,False,False,-3.081627735739122,4.915078959443993,1235.9903202056782,115,39.648096703818084,False,crossing,,,,,1.0,1.0
crossing_0080,crossing,crossing,stand_on,velocity_obstacle,Velocity obstacle,599.1349683482662,1452.71319656566,10.55935085313019,15.438691187614996,vlcc,vlcc,power_driven,good,14124.529198712447,-52.397896794691455,91.17819225889924,1092.2574910365126,1.2830342476291894,True,True,False,-0.285351293911468,0.5433457321551791,722.8395790911815,26,11.649072814139846,False,crossing,,,,,0.0,0.0
crossing_0080,crossing,crossing,stand_on,mpc,MPC,599.1349683482662,1452.71319656566,10.55935085313019,15.438691187614996,vlcc,vlcc,power_driven,good,14124.529198712447,-52.397896794691455,91.17819225889924,1037.288278983342,1.2081043343172129,True,True,False,-0.7153861222607739,0.9034777236408625,516.761661324447,37,11.649072814139846,False,crossing,,,,,0.0,0.0
crossing_0081,crossing,crossing,give_way,no_action,No action (baseline),905.2102387995425,1270.4821871533677,10.165890421535611,15.0394275745311,coastal_tanker,handysize_bulker,power_driven,good,14718.309274525456,29.682575031403005,234.9371994131549,905.2274092045152,3.923020069178365,False,True,False,1.3351390325500254e-12,-1.3351390325500254e-12,0.0,0,0.0,False,crossing,0.0,0.0,0.0,1.0,,0.25
crossing_0081,crossing,crossing,give_way,rule_based,Rule-based COLREGS,905.2102387995425,1270.4821871533677,10.165890421535611,15.0394275745311,coastal_tanker,handysize_bulker,power_driven,good,14718.309274525456,29.682575031403005,234.9371994131549,3181.4221571293206,14.161245779735108,True,True,False,-0.2706872827332005,3.951943896480557,2338.084678702081,54,34.9999986692156,False,crossing,1.0,1.0,1.0,1.0,,1.0
crossing_0081,crossing,crossing,give_way,velocity_obstacle,Velocity obstacle,905.2102387995425,1270.4821871533677,10.165890421535611,15.0394275745311,coastal_tanker,handysize_bulker,power_driven,good,14718.309274525456,29.682575031403005,234.9371994131549,1084.3729232539781,4.697986888642635,True,True,False,-0.010679826530354734,0.05401378820913738,207.34364155995837,16,4.9997823873688105,False,crossing,0.0,0.0,1.0,1.0,,0.5
crossing_0081,crossing,crossing,give_way,mpc,MPC,905.2102387995425,1270.4821871533677,10.165890421535611,15.0394275745311,coastal_tanker,handysize_bulker,power_driven,good,14718.309274525456,29.682575031403005,234.9371994131549,1053.4378646126233,4.564532750028888,True,True,False,-1.4394993045887146,1.4394993045887146,0.0,0,0.0,False,crossing,0.0,0.0,1.0,1.0,,0.5
crossing_0082,crossing,crossing,give_way,no_action,No action (baseline),763.9256918813005,1325.5775060484752,15.74754896613722,11.581437812978606,vlcc,container_feeder,fishing,good,10235.05327098066,48.49369525080696,295.68682307359904,763.9386330080139,0.6055066642070165,False,False,False,1.199170929121188e-12,-1.199170929121188e-12,0.0,0,0.0,True,crossing,0.0,0.0,0.0,0.0,,0.0
crossing_0082,crossing,crossing,give_way,rule_based,Rule-based COLREGS,763.9256918813005,1325.5775060484752,15.74754896613722,11.581437812978606,vlcc,container_feeder,fishing,good,10235.05327098066,48.49369525080696,295.68682307359904,1966.997328286184,1.892970975292329,True,True,False,-1.6555019775098891,5.60860995215675,3814.0252567857774,78,37.632236126045875,False,crossing,1.0,1.0,1.0,1.0,,1.0
crossing_0082,crossing,crossing,give_way,velocity_obstacle,Velocity obstacle,763.9256918813005,1325.5775060484752,15.74754896613722,11.581437812978606,vlcc,container_feeder,fishing,good,10235.05327098066,48.49369525080696,295.68682307359904,1097.6230938493882,0.9034553849905448,True,False,False,-0.508571115373411,1.5978214105014394,2229.8520900461162,66,21.560542964318444,False,crossing,1.0,0.0,1.0,1.0,,0.75
crossing_0082,crossing,crossing,give_way,mpc,MPC,763.9256918813005,1325.5775060484752,15.74754896613722,11.581437812978606,vlcc,container_feeder,fishing,good,10235.05327098066,48.49369525080696,295.68682307359904,1069.0795988857772,0.8524832509332338,True,False,False,-9.095966620305662,9.095966620305662,0.0,0,0.0,False,crossing,0.0,0.0,1.0,1.0,,0.5
crossing_0083,crossing,crossing,give_way,no_action,No action (baseline),159.61144502284452,1219.7727522712703,11.663100000045974,12.16478559194601,vlcc,handysize_bulker,power_driven,good,14361.284441475149,15.889774220163849,212.35327490639108,159.6338657472503,0.25705173294118533,False,False,True,-3.879150798205486e-13,3.879150798205486e-13,0.0,0,0.0,True,crossing,0.0,0.0,0.0,0.0,,0.0
crossing_0083,crossing,crossing,give_way,rule_based,Rule-based COLREGS,159.61144502284452,1219.7727522712703,11.663100000045974,12.16478559194601,vlcc,handysize_bulker,power_driven,good,14361.284441475149,15.889774220163849,212.35327490639108,2946.5860444048876,5.205402337951799,True,True,False,-2.6592983207550844,6.6314457083712455,2839.6922157909703,102,39.22374846341935,False,crossing,1.0,1.0,1.0,1.0,,1.0
crossing_0083,crossing,crossing,give_way,velocity_obstacle,Velocity obstacle,159.61144502284452,1219.7727522712703,11.663100000045974,12.16478559194601,vlcc,handysize_bulker,power_driven,good,14361.284441475149,15.889774220163849,212.35327490639108,1096.82186225549,1.7867856621759404,True,True,False,-0.22984698756446814,0.5693335462648859,958.0163366849469,25,11.43328278672575,False,crossing,1.0,0.0,1.0,1.0,,0.75
crossing_0083,crossing,crossing,give_way,mpc,MPC,159.61144502284452,1219.7727522712703,11.663100000045974,12.16478559194601,vlcc,handysize_bulker,power_driven,good,14361.284441475149,15.889774220163849,212.35327490639108,1078.5222178606593,1.7427501438230746,True,True,False,-5.274237109742078,5.513171666423008,613.8692797845524,87,18.37145061744712,False,crossing,1.0,0.0,1.0,1.0,,0.75
crossing_0084,crossing,crossing,stand_on,no_action,No action (baseline),1441.7240488646407,1080.950510160451,15.990921101537644,9.384944727084113,container_feeder,container_feeder,power_driven,good,8088.0529194818355,-25.26979613976636,62.41987819571681,1441.741033325788,2.422695891828325,True,True,False,9.102927110330597e-13,-9.102927110330597e-13,0.0,0,0.0,False,crossing,,,,,1.0,1.0
crossing_0084,crossing,crossing,stand_on,rule_based,Rule-based COLREGS,1441.7240488646407,1080.950510160451,15.990921101537644,9.384944727084113,container_feeder,container_feeder,power_driven,good,8088.0529194818355,-25.26979613976636,62.41987819571681,1441.741033325788,2.422695891828325,True,True,False,9.102927110330597e-13,-9.102927110330597e-13,0.0,0,0.0,False,crossing,,,,,1.0,1.0
crossing_0084,crossing,crossing,stand_on,velocity_obstacle,Velocity obstacle,1441.7240488646407,1080.950510160451,15.990921101537644,9.384944727084113,container_feeder,container_feeder,power_driven,good,8088.0529194818355,-25.26979613976636,62.41987819571681,1441.741033325788,2.422695891828325,True,True,False,9.102927110330597e-13,-9.102927110330597e-13,0.0,0,0.0,False,crossing,,,,,1.0,1.0
crossing_0084,crossing,crossing,stand_on,mpc,MPC,1441.7240488646407,1080.950510160451,15.990921101537644,9.384944727084113,container_feeder,container_feeder,power_driven,good,8088.0529194818355,-25.26979613976636,62.41987819571681,1441.741033325788,2.422695891828325,True,True,False,9.102927110330597e-13,-9.102927110330597e-13,0.0,0,0.0,False,crossing,,,,,1.0,1.0
crossing_0085,crossing,crossing,give_way,no_action,No action (baseline),314.17328069511177,1673.267969350831,11.155296960777967,15.362001154812916,handysize_bulker,coastal_tanker,not_under_command,good,21647.563859127164,-22.671863679783744,142.48667817253067,314.9711951568828,0.9276840105982439,False,False,False,1.02275046022514e-12,-1.0051168316005685e-12,0.0,0,0.0,True,crossing,0.0,0.0,0.0,0.0,,0.0
crossing_0085,crossing,crossing,give_way,rule_based,Rule-based COLREGS,314.17328069511177,1673.267969350831,11.155296960777967,15.362001154812916,handysize_bulker,coastal_tanker,not_under_command,good,21647.563859127164,-22.671863679783744,142.48667817253067,2852.193364713307,6.555209309488026,True,True,False,-0.8347019255995578,5.666117777339938,3290.971616259158,64,35.524039807295075,False,crossing,1.0,1.0,1.0,1.0,,1.0
crossing_0085,crossing,crossing,give_way,velocity_obstacle,Velocity obstacle,314.17328069511177,1673.267969350831,11.155296960777967,15.362001154812916,handysize_bulker,coastal_tanker,not_under_command,good,21647.563859127164,-22.671863679783744,142.48667817253067,1083.0938718151904,3.101297047507056,True,True,False,-0.07290617748672294,0.36318140221317874,865.1210220339649,35,10.115151290646942,True,crossing,1.0,0.0,1.0,0.0,,0.5
crossing_0085,crossing,crossing,give_way,mpc,MPC,314.17328069511177,1673.267969350831,11.155296960777967,15.362001154812916,handysize_bulker,coastal_tanker,not_under_command,good,21647.563859127164,-22.671863679783744,142.48667817253067,1024.2000021249123,3.0239522776009764,True,True,False,-1.398586739932771,1.9919362101487865,930.3441369308423,118,20.260262619357228,True,crossing,1.0,0.0,1.0,0.0,,0.5
crossing_0086,crossing,crossing,stand_on,no_action,No action (baseline),1284.7864998242721,1321.4173088265802,8.456315302161851,10.965025126305308,coastal_tanker,vlcc,power_driven,good,11572.937110484005,-27.51729536261421,120.63873850952552,1284.8457213279985,5.199852703750871,True,True,False,-1.1165621343539832e-12,1.1165621343539832e-12,0.0,0,0.0,False,crossing,,,,,1.0,1.0
crossing_0086,crossing,crossing,stand_on,rule_based,Rule-based COLREGS,1284.7864998242721,1321.4173088265802,8.456315302161851,10.965025126305308,coastal_tanker,vlcc,power_driven,good,11572.937110484005,-27.51729536261421,120.63873850952552,1284.8457213279985,5.199852703750871,True,True,False,-1.1165621343539832e-12,1.1165621343539832e-12,0.0,0,0.0,False,crossing,,,,,1.0,1.0
crossing_0086,crossing,crossing,stand_on,velocity_obstacle,Velocity obstacle,1284.7864998242721,1321.4173088265802,8.456315302161851,10.965025126305308,coastal_tanker,vlcc,power_driven,good,11572.937110484005,-27.51729536261421,120.63873850952552,1284.8457213279985,5.199852703750871,True,True,False,-1.1165621343539832e-12,1.1165621343539832e-12,0.0,0,0.0,False,crossing,,,,,1.0,1.0
crossing_0086,crossing,crossing,stand_on,mpc,MPC,1284.7864998242721,1321.4173088265802,8.456315302161851,10.965025126305308,coastal_tanker,vlcc,power_driven,good,11572.937110484005,-27.51729536261421,120.63873850952552,1284.8457213279985,5.199852703750871,True,True,False,-1.1165621343539832e-12,1.1165621343539832e-12,0.0,0,0.0,False,crossing,,,,,1.0,1.0
crossing_0087,crossing,crossing,give_way,no_action,No action (baseline),1412.2156215343575,1034.5011687954363,8.272796304640279,11.83726288750574,container_feeder,vlcc,power_driven,good,6057.795317793689,60.40134383687635,296.0581649081892,1412.218478302269,3.2071225599234765,True,True,False,-9.392205590589618e-13,9.392205590589618e-13,0.0,0,0.0,False,crossing,0.0,0.0,0.0,1.0,,0.25
crossing_0087,crossing,crossing,give_way,rule_based,Rule-based COLREGS,1412.2156215343575,1034.5011687954363,8.272796304640279,11.83726288750574,container_feeder,vlcc,power_driven,good,6057.795317793689,60.40134383687635,296.0581649081892,1412.218478302269,3.2071225599234765,True,True,False,-9.392205590589618e-13,9.392205590589618e-13,0.0,0,0.0,False,crossing,0.0,0.0,0.0,1.0,,0.25
crossing_0087,crossing,crossing,give_way,velocity_obstacle,Velocity obstacle,1412.2156215343575,1034.5011687954363,8.272796304640279,11.83726288750574,container_feeder,vlcc,power_driven,good,6057.795317793689,60.40134383687635,296.0581649081892,1412.218478302269,3.2071225599234765,True,True,False,-9.392205590589618e-13,9.392205590589618e-13,0.0,0,0.0,False,crossing,0.0,0.0,0.0,1.0,,0.25
crossing_0087,crossing,crossing,give_way,mpc,MPC,1412.2156215343575,1034.5011687954363,8.272796304640279,11.83726288750574,container_feeder,vlcc,power_driven,good,6057.795317793689,60.40134383687635,296.0581649081892,1412.218478302269,3.2071225599234765,True,True,False,-9.392205590589618e-13,9.392205590589618e-13,0.0,0,0.0,False,crossing,0.0,0.0,0.0,1.0,,0.25
crossing_0088,crossing,crossing,give_way,no_action,No action (baseline),540.3061773226908,668.3044117503313,9.889087524140095,15.203410372280267,container_feeder,handysize_bulker,fishing,good,4532.846172880053,88.4042191942,301.6045882195107,540.4268199839653,1.2644568619381837,False,True,False,-1.0542472453720627e-12,1.0542472453720627e-12,0.0,0,0.0,True,crossing,0.0,0.0,0.0,0.0,,0.0
crossing_0088,crossing,crossing,give_way,rule_based,Rule-based COLREGS,540.3061773226908,668.3044117503313,9.889087524140095,15.203410372280267,container_feeder,handysize_bulker,fishing,good,4532.846172880053,88.4042191942,301.6045882195107,1020.4699476967012,3.2864527866652558,True,True,False,-1.5525344429640797,10.335644020092811,2649.9151245623866,110,80.00613679950239,False,crossing,1.0,1.0,1.0,1.0,,1.0
crossing_0088,crossing,crossing,give_way,velocity_obstacle,Velocity obstacle,540.3061773226908,668.3044117503313,9.889087524140095,15.203410372280267,container_feeder,handysize_bulker,fishing,good,4532.846172880053,88.4042191942,301.6045882195107,1070.2319842820636,3.2362593102932267,True,True,False,-6.401976795590885,9.67840768373737,1371.335863614775,125,57.09296321045511,False,crossing,1.0,1.0,1.0,1.0,,1.0
crossing_0088,crossing,crossing,give_way,mpc,MPC,540.3061773226908,668.3044117503313,9.889087524140095,15.203410372280267,container_feeder,handysize_bulker,fishing,good,4532.846172880053,88.4042191942,301.6045882195107,1028.299695185656,2.631588805870347,True,True,False,-8.221087244450906,10.491465005484578,1547.7456245177366,86,39.58663085877754,False,crossing,0.0,1.0,1.0,1.0,,0.75
crossing_0089,crossing,crossing,stand_on,no_action,No action (baseline),1099.7323346854107,606.4453927558294,11.20202589645585,15.429110381077741,coastal_tanker,handysize_bulker,power_driven,moderate,6799.0195617084955,-52.73327766614917,106.63622175845488,1099.8485939087493,4.113611335225113,True,True,False,1.5804063395252782e-13,-1.5804063395252782e-13,0.0,0,0.0,True,crossing,,,,,1.0,1.0
crossing_0089,crossing,crossing,stand_on,rule_based,Rule-based COLREGS,1099.7323346854107,606.4453927558294,11.20202589645585,15.429110381077741,coastal_tanker,handysize_bulker,power_driven,moderate,6799.0195617084955,-52.73327766614917,106.63622175845488,1099.8485939087493,4.113611335225113,True,True,False,1.5804063395252782e-13,-1.5804063395252782e-13,0.0,0,0.0,True,crossing,,,,,1.0,1.0
crossing_0089,crossing,crossing,stand_on,velocity_obstacle,Velocity obstacle,1099.7323346854107,606.4453927558294,11.20202589645585,15.429110381077741,coastal_tanker,handysize_bulker,power_driven,moderate,6799.0195617084955,-52.73327766614917,106.63622175845488,1099.8485939087493,4.113611335225113,True,True,False,1.5804063395252782e-13,-1.5804063395252782e-13,0.0,0,0.0,True,crossing,,,,,1.0,1.0
crossing_0089,crossing,crossing,stand_on,mpc,MPC,1099.7323346854107,606.4453927558294,11.20202589645585,15.429110381077741,coastal_tanker,handysize_bulker,power_driven,moderate,6799.0195617084955,-52.73327766614917,106.63622175845488,1099.8485939087493,4.113611335225113,True,True,False,1.5804063395252782e-13,-1.5804063395252782e-13,0.0,0,0.0,True,crossing,,,,,1.0,1.0
crossing_0090,crossing,crossing,give_way,no_action,No action (baseline),296.9544206949685,1729.0028780212956,15.77854434006386,12.868415958791058,coastal_tanker,container_feeder,restricted_manoeuvrability,good,21611.585259409894,-27.738381209048562,115.63255448474074,297.2158086096457,1.0083344787931066,False,True,False,1.4960190970496507e-12,-1.4960190970496507e-12,0.0,0,0.0,False,crossing,0.0,0.0,0.0,1.0,,0.25
crossing_0090,crossing,crossing,give_way,rule_based,Rule-based COLREGS,296.9544206949685,1729.0028780212956,15.77854434006386,12.868415958791058,coastal_tanker,container_feeder,restricted_manoeuvrability,good,21611.585259409894,-27.738381209048562,115.63255448474074,3421.891984462582,9.193544055830428,True,True,False,-0.18892060035133576,5.495884972985212,5124.877538113759,50,34.99999999834335,False,crossing,1.0,1.0,1.0,1.0,,1.0
crossing_0090,crossing,crossing,give_way,velocity_obstacle,Velocity obstacle,296.9544206949685,1729.0028780212956,15.77854434006386,12.868415958791058,coastal_tanker,container_feeder,restricted_manoeuvrability,good,21611.585259409894,-27.738381209048562,115.63255448474074,1081.8634737445275,3.532308076762297,True,True,False,-0.015825908761342766,0.48766732751183517,1660.0409759824443,29,9.999999999745315,True,crossing,1.0,0.0,1.0,0.0,,0.5
crossing_0090,crossing,crossing,give_way,mpc,MPC,296.9544206949685,1729.0028780212956,15.77854434006386,12.868415958791058,coastal_tanker,container_feeder,restricted_manoeuvrability,good,21611.585259409894,-27.738381209048562,115.63255448474074,1023.2366528643978,3.550789121733249,True,True,False,-5.424200278164129,5.424200278164129,0.0,0,0.0,False,crossing,0.0,0.0,1.0,1.0,,0.5
crossing_0091,crossing,crossing,stand_on,no_action,No action (baseline),1490.8872344524764,1263.8403979088112,10.698564291271918,9.320382028722632,vlcc,vlcc,power_driven,good,9358.223871426819,-31.822502908638725,90.16734001912533,1490.91133223611,1.416287122417065,True,True,False,0.0,0.0,0.0,0,0.0,False,crossing,,,,,1.0,1.0
crossing_0091,crossing,crossing,stand_on,rule_based,Rule-based COLREGS,1490.8872344524764,1263.8403979088112,10.698564291271918,9.320382028722632,vlcc,vlcc,power_driven,good,9358.223871426819,-31.822502908638725,90.16734001912533,1490.91133223611,1.416287122417065,True,True,False,0.0,0.0,0.0,0,0.0,False,crossing,,,,,1.0,1.0
crossing_0091,crossing,crossing,stand_on,velocity_obstacle,Velocity obstacle,1490.8872344524764,1263.8403979088112,10.698564291271918,9.320382028722632,vlcc,vlcc,power_driven,good,9358.223871426819,-31.822502908638725,90.16734001912533,1490.91133223611,1.416287122417065,True,True,False,0.0,0.0,0.0,0,0.0,False,crossing,,,,,1.0,1.0
crossing_0091,crossing,crossing,stand_on,mpc,MPC,1490.8872344524764,1263.8403979088112,10.698564291271918,9.320382028722632,vlcc,vlcc,power_driven,good,9358.223871426819,-31.822502908638725,90.16734001912533,1490.91133223611,1.416287122417065,True,True,False,0.0,0.0,0.0,0,0.0,False,crossing,,,,,1.0,1.0
crossing_0092,crossing,crossing,give_way,no_action,No action (baseline),1008.4537323351358,1432.8731735230886,9.753837323005339,14.458623733521137,vlcc,coastal_tanker,power_driven,good,17527.412377164055,17.158643285883603,203.16030033065994,1008.7881476718497,1.7912211823578867,True,True,False,4.033455906409539e-13,-4.033455906409539e-13,0.0,0,0.0,True,crossing,0.0,0.0,0.0,0.0,,0.0
crossing_0092,crossing,crossing,give_way,rule_based,Rule-based COLREGS,1008.4537323351358,1432.8731735230886,9.753837323005339,14.458623733521137,vlcc,coastal_tanker,power_driven,good,17527.412377164055,17.158643285883603,203.16030033065994,1008.7881476718497,1.7912211823578867,True,True,False,4.033455906409539e-13,-4.033455906409539e-13,0.0,0,0.0,True,crossing,0.0,0.0,0.0,0.0,,0.0
crossing_0092,crossing,crossing,give_way,velocity_obstacle,Velocity obstacle,1008.4537323351358,1432.8731735230886,9.753837323005339,14.458623733521137,vlcc,coastal_tanker,power_driven,good,17527.412377164055,17.158643285883603,203.16030033065994,1008.7881476718497,1.7912211823578867,True,True,False,4.033455906409539e-13,-4.033455906409539e-13,0.0,0,0.0,True,crossing,0.0,0.0,0.0,0.0,,0.0
crossing_0092,crossing,crossing,give_way,mpc,MPC,1008.4537323351358,1432.8731735230886,9.753837323005339,14.458623733521137,vlcc,coastal_tanker,power_driven,good,17527.412377164055,17.158643285883603,203.16030033065994,1008.7881476718497,1.7912211823578867,True,True,False,4.033455906409539e-13,-4.033455906409539e-13,0.0,0,0.0,True,crossing,0.0,0.0,0.0,0.0,,0.0
crossing_0093,crossing,crossing,stand_on,no_action,No action (baseline),132.5138321989578,1017.8797081184346,8.928933201184856,12.107825024028116,handysize_bulker,container_feeder,power_driven,good,4275.666124959645,-91.88079408457358,42.38056877630247,132.8125136309247,0.23494666710420364,False,False,True,-4.406088820936986e-13,4.406088820936986e-13,0.0,0,0.0,True,crossing,,,,,1.0,1.0
crossing_0093,crossing,crossing,stand_on,rule_based,Rule-based COLREGS,132.5138321989578,1017.8797081184346,8.928933201184856,12.107825024028116,handysize_bulker,container_feeder,power_driven,good,4275.666124959645,-91.88079408457358,42.38056877630247,362.9994987003659,1.0025626717898808,False,True,False,-1.218208766501698,11.443350397892422,5457.164356814774,74,36.71561088568743,False,crossing,,,,,1.0,1.0
crossing_0093,crossing,crossing,stand_on,velocity_obstacle,Velocity obstacle,132.5138321989578,1017.8797081184346,8.928933201184856,12.107825024028116,handysize_bulker,container_feeder,power_driven,good,4275.666124959645,-91.88079408457358,42.38056877630247,1079.2337502955068,1.961501355401378,True,True,False,-0.7443753176886649,7.477447720815002,4340.412554325512,70,31.493848639782975,False,crossing,,,,,0.0,0.0
crossing_0093,crossing,crossing,stand_on,mpc,MPC,132.5138321989578,1017.8797081184346,8.928933201184856,12.107825024028116,handysize_bulker,container_feeder,power_driven,good,4275.666124959645,-91.88079408457358,42.38056877630247,1062.7538367445457,1.907009929097005,True,True,False,-7.334836384990524,7.33654157312184,18.79968510136904,2,2.295865823811137,False,crossing,,,,,1.0,1.0
crossing_0094,crossing,crossing,stand_on,no_action,No action (baseline),1260.2068092623495,701.4076610319577,10.15527978088693,11.928187923709793,container_feeder,vlcc,power_driven,moderate,7840.387666459869,-24.22956297091072,152.30700479847823,1260.3025010027297,4.688617066652263,True,True,False,1.278423863362556e-12,-1.278423863362556e-12,0.0,0,0.0,True,crossing,,,,,1.0,1.0
crossing_0094,crossing,crossing,stand_on,rule_based,Rule-based COLREGS,1260.2068092623495,701.4076610319577,10.15527978088693,11.928187923709793,container_feeder,vlcc,power_driven,moderate,7840.387666459869,-24.22956297091072,152.30700479847823,1260.3025010027297,4.688617066652263,True,True,False,1.278423863362556e-12,-1.278423863362556e-12,0.0,0,0.0,True,crossing,,,,,1.0,1.0
crossing_0094,crossing,crossing,stand_on,velocity_obstacle,Velocity obstacle,1260.2068092623495,701.4076610319577,10.15527978088693,11.928187923709793,container_feeder,vlcc,power_driven,moderate,7840.387666459869,-24.22956297091072,152.30700479847823,1260.3025010027297,4.688617066652263,True,True,False,1.278423863362556e-12,-1.278423863362556e-12,0.0,0,0.0,True,crossing,,,,,1.0,1.0
crossing_0094,crossing,crossing,stand_on,mpc,MPC,1260.2068092623495,701.4076610319577,10.15527978088693,11.928187923709793,container_feeder,vlcc,power_driven,moderate,7840.387666459869,-24.22956297091072,152.30700479847823,1260.3025010027297,4.688617066652263,True,True,False,1.278423863362556e-12,-1.278423863362556e-12,0.0,0,0.0,True,crossing,,,,,1.0,1.0
crossing_0095,crossing,crossing,give_way,no_action,No action (baseline),1013.9483745940474,1341.5435143436707,8.590823150678432,15.507430999849788,vlcc,handysize_bulker,power_driven,good,9708.052400173616,89.05776377942036,296.4245108827962,1014.0092236167729,1.1937854963962755,True,True,False,3.549112332394281e-13,-3.549112332394281e-13,0.0,0,0.0,True,crossing,0.0,0.0,0.0,0.0,,0.0
crossing_0095,crossing,crossing,give_way,rule_based,Rule-based COLREGS,1013.9483745940474,1341.5435143436707,8.590823150678432,15.507430999849788,vlcc,handysize_bulker,power_driven,good,9708.052400173616,89.05776377942036,296.4245108827962,1014.0092236167729,1.1937854963962755,True,True,False,3.549112332394281e-13,-3.549112332394281e-13,0.0,0,0.0,True,crossing,0.0,0.0,0.0,0.0,,0.0
crossing_0095,crossing,crossing,give_way,velocity_obstacle,Velocity obstacle,1013.9483745940474,1341.5435143436707,8.590823150678432,15.507430999849788,vlcc,handysize_bulker,power_driven,good,9708.052400173616,89.05776377942036,296.4245108827962,1014.0092236167729,1.1937854963962755,True,True,False,3.549112332394281e-13,-3.549112332394281e-13,0.0,0,0.0,True,crossing,0.0,0.0,0.0,0.0,,0.0
crossing_0095,crossing,crossing,give_way,mpc,MPC,1013.9483745940474,1341.5435143436707,8.590823150678432,15.507430999849788,vlcc,handysize_bulker,power_driven,good,9708.052400173616,89.05776377942036,296.4245108827962,1014.0092236167729,1.1937854963962755,True,True,False,3.549112332394281e-13,-3.549112332394281e-13,0.0,0,0.0,True,crossing,0.0,0.0,0.0,0.0,,0.0
crossing_0096,crossing,crossing,give_way,no_action,No action (baseline),523.0918404098105,1510.6896947455284,13.824637668182742,11.144907225115219,container_feeder,coastal_tanker,not_under_command,moderate,17151.42052375641,-26.583012518125642,123.7652831316745,523.1503904364359,1.4001358014153904,False,True,False,6.402971697055815e-13,-6.402971697055815e-13,0.0,0,0.0,True,crossing,0.0,0.0,0.0,0.0,,0.0
crossing_0096,crossing,crossing,give_way,rule_based,Rule-based COLREGS,523.0918404098105,1510.6896947455284,13.824637668182742,11.144907225115219,container_feeder,coastal_tanker,not_under_command,moderate,17151.42052375641,-26.583012518125642,123.7652831316745,3734.332004538952,7.698303768032867,True,True,False,-0.3551268829849451,5.267385762684914,4172.307127006858,56,34.9999999977337,False,crossing,1.0,1.0,1.0,1.0,,1.0
crossing_0096,crossing,crossing,give_way,velocity_obstacle,Velocity obstacle,523.0918404098105,1510.6896947455284,13.824637668182742,11.144907225115219,container_feeder,coastal_tanker,not_under_command,moderate,17151.42052375641,-26.583012518125642,123.7652831316745,1092.4533453623671,2.915719525261716,True,True,False,-0.012717201473826894,0.11753887117117144,641.4579909630257,16,4.999999999795599,True,crossing,0.0,0.0,1.0,0.0,,0.25
crossing_0096,crossing,crossing,give_way,mpc,MPC,523.0918404098105,1510.6896947455284,13.824637668182742,11.144907225115219,container_feeder,coastal_tanker,not_under_command,moderate,17151.42052375641,-26.583012518125642,123.7652831316745,1040.2155921765327,2.783114310737796,True,True,False,-0.349165593759484,0.6905274526342821,651.4523933630969,60,19.896379292347444,True,crossing,1.0,0.0,1.0,0.0,,0.5
crossing_0097,crossing,crossing,give_way,no_action,No action (baseline),1377.4073523036282,1142.5822393405533,14.12777142385626,10.670589375289278,coastal_tanker,vlcc,power_driven,good,3564.0443767628935,64.96260968700184,339.3766024838046,1377.424914861513,3.446341381157219,True,True,False,1.1278054400817545e-12,-1.1278054400817545e-12,0.0,0,0.0,True,crossing,0.0,0.0,0.0,0.0,,0.0
crossing_0097,crossing,crossing,give_way,rule_based,Rule-based COLREGS,1377.4073523036282,1142.5822393405533,14.12777142385626,10.670589375289278,coastal_tanker,vlcc,power_driven,good,3564.0443767628935,64.96260968700184,339.3766024838046,1377.424914861513,3.446341381157219,True,True,False,1.1278054400817545e-12,-1.1278054400817545e-12,0.0,0,0.0,True,crossing,0.0,0.0,0.0,0.0,,0.0
crossing_0097,crossing,crossing,give_way,velocity_obstacle,Velocity obstacle,1377.4073523036282,1142.5822393405533,14.12777142385626,10.670589375289278,coastal_tanker,vlcc,power_driven,good,3564.0443767628935,64.96260968700184,339.3766024838046,1377.424914861513,3.446341381157219,True,True,False,1.1278054400817545e-12,-1.1278054400817545e-12,0.0,0,0.0,True,crossing,0.0,0.0,0.0,0.0,,0.0
crossing_0097,crossing,crossing,give_way,mpc,MPC,1377.4073523036282,1142.5822393405533,14.12777142385626,10.670589375289278,coastal_tanker,vlcc,power_driven,good,3564.0443767628935,64.96260968700184,339.3766024838046,1377.424914861513,3.446341381157219,True,True,False,1.1278054400817545e-12,-1.1278054400817545e-12,0.0,0,0.0,True,crossing,0.0,0.0,0.0,0.0,,0.0
crossing_0098,crossing,crossing,stand_on,no_action,No action (baseline),1024.3797798749156,1250.3200371540165,8.584464311211388,13.051254252379762,vlcc,coastal_tanker,power_driven,restricted,13581.123963978942,-12.15032129067965,152.77256068198656,1024.3856447634719,1.7840933594434598,True,True,False,-8.249205588362177e-13,8.249205588362177e-13,0.0,0,0.0,False,crossing,,,,,1.0,1.0
crossing_0098,crossing,crossing,stand_on,rule_based,Rule-based COLREGS,1024.3797798749156,1250.3200371540165,8.584464311211388,13.051254252379762,vlcc,coastal_tanker,power_driven,restricted,13581.123963978942,-12.15032129067965,152.77256068198656,1024.3856447634719,1.7840933594434598,True,True,False,-8.249205588362177e-13,8.249205588362177e-13,0.0,0,0.0,False,crossing,,,,,1.0,1.0
crossing_0098,crossing,crossing,stand_on,velocity_obstacle,Velocity obstacle,1024.3797798749156,1250.3200371540165,8.584464311211388,13.051254252379762,vlcc,coastal_tanker,power_driven,restricted,13581.123963978942,-12.15032129067965,152.77256068198656,1024.3856447634719,1.7840933594434598,True,True,False,-8.249205588362177e-13,8.249205588362177e-13,0.0,0,0.0,False,crossing,,,,,1.0,1.0
crossing_0098,crossing,crossing,stand_on,mpc,MPC,1024.3797798749156,1250.3200371540165,8.584464311211388,13.051254252379762,vlcc,coastal_tanker,power_driven,restricted,13581.123963978942,-12.15032129067965,152.77256068198656,1024.3856447634719,1.7840933594434598,True,True,False,-8.249205588362177e-13,8.249205588362177e-13,0.0,0,0.0,False,crossing,,,,,1.0,1.0
crossing_0099,crossing,crossing,give_way,no_action,No action (baseline),814.5054238782659,1528.1484658478325,13.601606895127784,14.423843560704281,container_feeder,handysize_bulker,power_driven,good,14371.556803440097,54.60170311550279,278.7854974602804,814.6909347393488,1.7303388853435948,False,True,False,7.520313589880927e-13,-7.520313589880927e-13,0.0,0,0.0,True,crossing,0.0,0.0,0.0,0.0,,0.0
crossing_0099,crossing,crossing,give_way,rule_based,Rule-based COLREGS,814.5054238782659,1528.1484658478325,13.601606895127784,14.423843560704281,container_feeder,handysize_bulker,power_driven,good,14371.556803440097,54.60170311550279,278.7854974602804,1481.3195071961893,4.00104730506383,True,True,False,-0.36465838197080436,4.521944236883049,3502.25061586264,54,34.9999999329273,False,crossing,1.0,1.0,1.0,1.0,,1.0
crossing_0099,crossing,crossing,give_way,velocity_obstacle,Velocity obstacle,814.5054238782659,1528.1484658478325,13.601606895127784,14.423843560704281,container_feeder,handysize_bulker,power_driven,good,14371.556803440097,54.60170311550279,278.7854974602804,1080.6185739006198,2.3889853591079824,True,True,False,-0.15695080882676624,1.9478657353666031,2504.1159915385933,58,24.935563875120067,False,crossing,1.0,0.0,1.0,1.0,,0.75
crossing_0099,crossing,crossing,give_way,mpc,MPC,814.5054238782659,1528.1484658478325,13.601606895127784,14.423843560704281,container_feeder,handysize_bulker,power_driven,good,14371.556803440097,54.60170311550279,278.7854974602804,1059.8619442077897,2.2896701589867607,True,True,False,-9.154593869716074,9.189950351314437,146.3557329931228,41,12.656290731693183,False,crossing,1.0,0.0,1.0,1.0,,0.75
overtaking_0000,overtaking,overtaking,give_way,no_action,No action (baseline),331.12953216549704,810.3246779126935,15.88636704254604,11.193094899981169,coastal_tanker,handysize_bulker,power_driven,good,2104.3995275400252,7.355112885527017,-7.227690507659,331.1305791179237,1.385538965686632,False,True,False,1.6839808249163699e-12,-1.6839808249163699e-12,0.0,0,0.0,False,overtaking,0.0,0.0,0.0,,,0.0
overtaking_0000,overtaking,overtaking,give_way,rule_based,Rule-based COLREGS,331.12953216549704,810.3246779126935,15.88636704254604,11.193094899981169,coastal_tanker,handysize_bulker,power_driven,good,2104.3995275400252,7.355112885527017,-7.227690507659,1023.4169094833106,2.335312861514191,True,True,False,-1.0296801691711888,8.268236471104409,2441.2683734660222,195,45.971791496749795,False,overtaking,1.0,1.0,1.0,,,1.0
overtaking_0000,overtaking,overtaking,give_way,velocity_obstacle,Velocity obstacle,331.12953216549704,810.3246779126935,15.88636704254604,11.193094899981169,coastal_tanker,handysize_bulker,power_driven,good,2104.3995275400252,7.355112885527017,-7.227690507659,1092.9615834078038,3.2753138856607733,True,True,False,-0.015675868881763196,0.21174112433999082,781.0235501440703,28,9.999387425656083,False,overtaking,1.0,0.0,1.0,,,0.6666666666666666
overtaking_0000,overtaking,overtaking,give_way,mpc,MPC,331.12953216549704,810.3246779126935,15.88636704254604,11.193094899981169,coastal_tanker,handysize_bulker,power_driven,good,2104.3995275400252,7.355112885527017,-7.227690507659,1039.2570979326083,3.5395237466160174,True,True,False,-3.56647301141951,3.7288160584933285,417.0229579683294,53,17.18080274956831,False,overtaking,1.0,0.0,1.0,,,0.6666666666666666
overtaking_0001,overtaking,overtaking,give_way,no_action,No action (baseline),1061.1438218619066,1161.7392325204542,15.804484156035674,10.451958777036475,container_feeder,handysize_bulker,not_under_command,good,3607.2004764777907,-0.48032951472196145,9.600348391915212,1061.1563741272114,3.0539704029329315,True,True,False,-1.5682418732871982e-12,1.5682418732871982e-12,0.0,0,0.0,False,overtaking,0.0,0.0,0.0,,,0.0
overtaking_0001,overtaking,overtaking,give_way,rule_based,Rule-based COLREGS,1061.1438218619066,1161.7392325204542,15.804484156035674,10.451958777036475,container_feeder,handysize_bulker,not_under_command,good,3607.2004764777907,-0.48032951472196145,9.600348391915212,1061.1563741272114,3.0539704029329315,True,True,False,-1.5682418732871982e-12,1.5682418732871982e-12,0.0,0,0.0,False,overtaking,0.0,0.0,0.0,,,0.0
overtaking_0001,overtaking,overtaking,give_way,velocity_obstacle,Velocity obstacle,1061.1438218619066,1161.7392325204542,15.804484156035674,10.451958777036475,container_feeder,handysize_bulker,not_under_command,good,3607.2004764777907,-0.48032951472196145,9.600348391915212,1061.1563741272114,3.0539704029329315,True,True,False,-1.5682418732871982e-12,1.5682418732871982e-12,0.0,0,0.0,False,overtaking,0.0,0.0,0.0,,,0.0
overtaking_0001,overtaking,overtaking,give_way,mpc,MPC,1061.1438218619066,1161.7392325204542,15.804484156035674,10.451958777036475,container_feeder,handysize_bulker,not_under_command,good,3607.2004764777907,-0.48032951472196145,9.600348391915212,1061.1563741272114,3.0539704029329315,True,True,False,-1.5682418732871982e-12,1.5682418732871982e-12,0.0,0,0.0,False,overtaking,0.0,0.0,0.0,,,0.0
overtaking_0002,overtaking,overtaking,give_way,no_action,No action (baseline),865.0481461405338,1778.936405118583,15.14073838249454,9.5312952967506,handysize_bulker,vlcc,power_driven,good,5434.311004546059,-4.1348589901337665,8.130949874104523,865.0540932012944,2.303356110903757,False,True,False,8.444795309315267e-13,-8.444795309315267e-13,0.0,0,0.0,False,overtaking,0.0,0.0,0.0,,,0.0
overtaking_0002,overtaking,overtaking,give_way,rule_based,Rule-based COLREGS,865.0481461405338,1778.936405118583,15.14073838249454,9.5312952967506,handysize_bulker,vlcc,power_driven,good,5434.311004546059,-4.1348589901337665,8.130949874104523,2498.1117249574904,3.656567973164597,True,True,False,-5.976493014234463,6.656903017486921,1427.0057165189369,204,20.974325268029002,False,overtaking,0.0,0.0,1.0,,,0.3333333333333333
overtaking_0002,overtaking,overtaking,give_way,velocity_obstacle,Velocity obstacle,865.0481461405338,1778.936405118583,15.14073838249454,9.5312952967506,handysize_bulker,vlcc,power_driven,good,5434.311004546059,-4.1348589901337665,8.130949874104523,1096.6205403299216,2.9324419026549564,True,True,False,-0.08271094455431162,0.8510833437354435,2076.816041741583,47,14.999969916784213,True,overtaking,1.0,0.0,1.0,,,0.6666666666666666
overtaking_0002,overtaking,overtaking,give_way,mpc,MPC,865.0481461405338,1778.936405118583,15.14073838249454,9.5312952967506,handysize_bulker,vlcc,power_driven,good,5434.311004546059,-4.1348589901337665,8.130949874104523,1039.686816472086,2.7683175733211427,True,True,False,-2.712100139081614,2.712100139081614,0.0,0,0.0,False,overtaking,0.0,0.0,1.0,,,0.3333333333333333
overtaking_0003,overtaking,overtaking,give_way,no_action,No action (baseline),626.3736859104187,1300.2709630178804,14.70977550634137,11.581796127822322,vlcc,vlcc,power_driven,restricted,2299.961773454662,0.9797231328969981,-4.731310640226965,626.3738556806105,0.9082318770367976,False,False,False,8.825934838646768e-13,-8.825934838646768e-13,0.0,0,0.0,False,overtaking,0.0,0.0,0.0,,,0.0
overtaking_0003,overtaking,overtaking,give_way,rule_based,Rule-based COLREGS,626.3736859104187,1300.2709630178804,14.70977550634137,11.581796127822322,vlcc,vlcc,power_driven,restricted,2299.961773454662,0.9797231328969981,-4.731310640226965,1607.999898776378,1.2226355351385332,True,True,False,-1.8518579100949617,4.286076654191034,2252.4842889873707,84,38.031584398089194,False,overtaking,1.0,1.0,1.0,,,1.0
overtaking_0003,overtaking,overtaking,give_way,velocity_obstacle,Velocity obstacle,626.3736859104187,1300.2709630178804,14.70977550634137,11.581796127822322,vlcc,vlcc,power_driven,restricted,2299.961773454662,0.9797231328969981,-4.731310640226965,1105.9502592712197,1.2940050526850282,True,True,False,-0.05317506592328047,0.12977213866789816,497.10115402623916,0,5.45312500196302,False,overtaking,1.0,0.0,1.0,,,0.6666666666666666
overtaking_0003,overtaking,overtaking,give_way,mpc,MPC,626.3736859104187,1300.2709630178804,14.70977550634137,11.581796127822322,vlcc,vlcc,power_driven,restricted,2299.961773454662,0.9797231328969981,-4.731310640226965,1044.274716936925,1.380526267691686,True,True,False,-5.319888734352975,5.319888734352975,0.0,0,0.0,False,overtaking,0.0,0.0,1.0,,,0.3333333333333333
overtaking_0004,overtaking,overtaking,give_way,no_action,No action (baseline),444.3936430324878,1358.5763992869443,13.328667600298068,9.090583242033688,coastal_tanker,container_feeder,fishing,good,3142.8295559819967,-22.736301048252948,7.09400463911367,444.4056014880057,1.9265452026142664,False,True,False,1.2101799156203054e-12,-1.2101799156203054e-12,0.0,0,0.0,True,overtaking,0.0,0.0,0.0,,,0.0
overtaking_0004,overtaking,overtaking,give_way,rule_based,Rule-based COLREGS,444.3936430324878,1358.5763992869443,13.328667600298068,9.090583242033688,coastal_tanker,container_feeder,fishing,good,3142.8295559819967,-22.736301048252948,7.09400463911367,2039.2474158894177,7.679877990394733,True,True,False,-0.1804807026030608,2.485565802717667,1990.3972856558314,52,34.99929847487929,False,overtaking,1.0,1.0,1.0,,,1.0
overtaking_0004,overtaking,overtaking,give_way,velocity_obstacle,Velocity obstacle,444.3936430324878,1358.5763992869443,13.328667600298068,9.090583242033688,coastal_tanker,container_feeder,fishing,good,3142.8295559819967,-22.736301048252948,7.09400463911367,1089.2853823911478,4.7259827594546,True,True,False,-0.008478650242688242,0.12320727987554785,675.2657710876497,14,4.999999999886512,True,overtaking,0.0,0.0,1.0,,,0.3333333333333333
overtaking_0004,overtaking,overtaking,give_way,mpc,MPC,444.3936430324878,1358.5763992869443,13.328667600298068,9.090583242033688,coastal_tanker,container_feeder,fishing,good,3142.8295559819967,-22.736301048252948,7.09400463911367,1054.370117549617,4.570776904217258,True,True,False,-0.5322423311497922,0.9500693094138141,691.3834154897721,42,19.965710189404334,True,overtaking,1.0,0.0,1.0,,,0.6666666666666666
overtaking_0005,overtaking,overtaking,give_way,no_action,No action (baseline),1005.5277480486411,1683.704856585709,13.48281640300867,8.592738574365715,container_feeder,handysize_bulker,not_under_command,good,4446.727505150304,-22.674181315907763,5.572533871029883,1005.533268373172,3.5928220498993273,True,True,False,-8.75373621905613e-13,8.75373621905613e-13,0.0,0,0.0,True,overtaking,0.0,0.0,0.0,,,0.0
overtaking_0005,overtaking,overtaking,give_way,rule_based,Rule-based COLREGS,1005.5277480486411,1683.704856585709,13.48281640300867,8.592738574365715,container_feeder,handysize_bulker,not_under_command,good,4446.727505150304,-22.674181315907763,5.572533871029883,1005.533268373172,3.5928220498993273,True,True,False,-8.75373621905613e-13,8.75373621905613e-13,0.0,0,0.0,True,overtaking,0.0,0.0,0.0,,,0.0
overtaking_0005,overtaking,overtaking,give_way,velocity_obstacle,Velocity obstacle,1005.5277480486411,1683.704856585709,13.48281640300867,8.592738574365715,container_feeder,handysize_bulker,not_under_command,good,4446.727505150304,-22.674181315907763,5.572533871029883,1005.533268373172,3.5928220498993273,True,True,False,-8.75373621905613e-13,8.75373621905613e-13,0.0,0,0.0,True,overtaking,0.0,0.0,0.0,,,0.0
overtaking_0005,overtaking,overtaking,give_way,mpc,MPC,1005.5277480486411,1683.704856585709,13.48281640300867,8.592738574365715,container_feeder,handysize_bulker,not_under_command,good,4446.727505150304,-22.674181315907763,5.572533871029883,1005.533268373172,3.5928220498993273,True,True,False,-8.75373621905613e-13,8.75373621905613e-13,0.0,0,0.0,True,overtaking,0.0,0.0,0.0,,,0.0
overtaking_0006,overtaking,overtaking,give_way,no_action,No action (baseline),1483.1912296596545,740.9788452478211,15.14526544999688,9.897898335607705,container_feeder,vlcc,power_driven,good,2521.6359364765117,-26.977489212856607,-4.877590216210031,1483.193676220975,5.411466650841625,True,True,False,7.792865610151811e-14,-7.792865610151811e-14,0.0,0,0.0,False,overtaking,0.0,0.0,0.0,,,0.0
overtaking_0006,overtaking,overtaking,give_way,rule_based,Rule-based COLREGS,1483.1912296596545,740.9788452478211,15.14526544999688,9.897898335607705,container_feeder,vlcc,power_driven,good,2521.6359364765117,-26.977489212856607,-4.877590216210031,1483.193676220975,5.411466650841625,True,True,False,7.792865610151811e-14,-7.792865610151811e-14,0.0,0,0.0,False,overtaking,0.0,0.0,0.0,,,0.0
overtaking_0006,overtaking,overtaking,give_way,velocity_obstacle,Velocity obstacle,1483.1912296596545,740.9788452478211,15.14526544999688,9.897898335607705,container_feeder,vlcc,power_driven,good,2521.6359364765117,-26.977489212856607,-4.877590216210031,1483.193676220975,5.411466650841625,True,True,False,7.792865610151811e-14,-7.792865610151811e-14,0.0,0,0.0,False,overtaking,0.0,0.0,0.0,,,0.0
overtaking_0006,overtaking,overtaking,give_way,mpc,MPC,1483.1912296596545,740.9788452478211,15.14526544999688,9.897898335607705,container_feeder,vlcc,power_driven,good,2521.6359364765117,-26.977489212856607,-4.877590216210031,1483.193676220975,5.411466650841625,True,True,False,7.792865610151811e-14,-7.792865610151811e-14,0.0,0,0.0,False,overtaking,0.0,0.0,0.0,,,0.0
overtaking_0007,overtaking,overtaking,give_way,no_action,No action (baseline),1472.486822031604,1776.8872878367088,15.310498546722307,8.02574341874935,handysize_bulker,container_feeder,power_driven,good,7014.258950654573,-2.1828368676616625,-9.281403389146107,1472.504838194875,4.08207960262306,True,True,False,4.625258331924196e-13,-4.625258331924196e-13,0.0,0,0.0,False,overtaking,0.0,0.0,0.0,,,0.0
overtaking_0007,overtaking,overtaking,give_way,rule_based,Rule-based COLREGS,1472.486822031604,1776.8872878367088,15.310498546722307,8.02574341874935,handysize_bulker,container_feeder,power_driven,good,7014.258950654573,-2.1828368676616625,-9.281403389146107,1472.504838194875,4.08207960262306,True,True,False,4.625258331924196e-13,-4.625258331924196e-13,0.0,0,0.0,False,overtaking,0.0,0.0,0.0,,,0.0
overtaking_0007,overtaking,overtaking,give_way,velocity_obstacle,Velocity obstacle,1472.486822031604,1776.8872878367088,15.310498546722307,8.02574341874935,handysize_bulker,container_feeder,power_driven,good,7014.258950654573,-2.1828368676616625,-9.281403389146107,1472.504838194875,4.08207960262306,True,True,False,4.625258331924196e-13,-4.625258331924196e-13,0.0,0,0.0,False,overtaking,0.0,0.0,0.0,,,0.0
overtaking_0007,overtaking,overtaking,give_way,mpc,MPC,1472.486822031604,1776.8872878367088,15.310498546722307,8.02574341874935,handysize_bulker,container_feeder,power_driven,good,7014.258950654573,-2.1828368676616625,-9.281403389146107,1472.504838194875,4.08207960262306,True,True,False,4.625258331924196e-13,-4.625258331924196e-13,0.0,0,0.0,False,overtaking,0.0,0.0,0.0,,,0.0
overtaking_0008,overtaking,overtaking,give_way,no_action,No action (baseline),825.6830565504507,1252.1122225446188,14.89760197884306,12.336141116608625,coastal_tanker,handysize_bulker,power_driven,good,2179.879779567138,-9.241759066579156,7.62301976761043,825.690070379835,2.6687439168236344,False,True,False,-1.4656471835641944e-12,1.4656471835641944e-12,0.0,0,0.0,False,overtaking,0.0,0.0,0.0,,,0.0
overtaking_0008,overtaking,overtaking,give_way,rule_based,Rule-based COLREGS,825.6830565504507,1252.1122225446188,14.89760197884306,12.336141116608625,coastal_tanker,handysize_bulker,power_driven,good,2179.879779567138,-9.241759066579156,7.62301976761043,1252.3698031547506,3.97487341769708,True,True,False,-0.19762402281934213,3.41543472073211,3013.8282698493454,50,34.99998683219445,True,overtaking,1.0,1.0,1.0,,,1.0
overtaking_0008,overtaking,overtaking,give_way,velocity_obstacle,Velocity obstacle,825.6830565504507,1252.1122225446188,14.89760197884306,12.336141116608625,coastal_tanker,handysize_bulker,power_driven,good,2179.879779567138,-9.241759066579156,7.62301976761043,1088.934364819123,3.520726351127859,True,True,False,-0.034006058716979835,0.7762655286199944,2376.9677036938906,37,14.652128231520688,True,overtaking,1.0,0.0,1.0,,,0.6666666666666666
overtaking_0008,overtaking,overtaking,give_way,mpc,MPC,825.6830565504507,1252.1122225446188,14.89760197884306,12.336141116608625,coastal_tanker,handysize_bulker,power_driven,good,2179.879779567138,-9.241759066579156,7.62301976761043,1062.9492034600992,3.4355852767587067,True,True,False,-1.6481223922121944,1.6481223922121944,0.0,0,0.0,False,overtaking,0.0,0.0,1.0,,,0.3333333333333333
overtaking_0009,overtaking,overtaking,give_way,no_action,No action (baseline),1399.1318878400625,1398.1485283636057,15.361126822628474,8.308246179842268,vlcc,vlcc,power_driven,restricted,5424.4629565374435,25.556224756611662,-9.291795999186721,1399.1491006202205,2.0895055427613287,True,True,False,-4.2258462419189937e-13,4.2258462419189937e-13,0.0,0,0.0,True,overtaking,0.0,0.0,0.0,,,0.0
overtaking_0009,overtaking,overtaking,give_way,rule_based,Rule-based COLREGS,1399.1318878400625,1398.1485283636057,15.361126822628474,8.308246179842268,vlcc,vlcc,power_driven,restricted,5424.4629565374435,25.556224756611662,-9.291795999186721,1399.1491006202205,2.0895055427613287,True,True,False,-4.2258462419189937e-13,4.2258462419189937e-13,0.0,0,0.0,True,overtaking,0.0,0.0,0.0,,,0.0
overtaking_0009,overtaking,overtaking,give_way,velocity_obstacle,Velocity obstacle,1399.1318878400625,1398.1485283636057,15.361126822628474,8.308246179842268,vlcc,vlcc,power_driven,restricted,5424.4629565374435,25.556224756611662,-9.291795999186721,1399.1491006202205,2.0895055427613287,True,True,False,-4.2258462419189937e-13,4.2258462419189937e-13,0.0,0,0.0,True,overtaking,0.0,0.0,0.0,,,0.0
overtaking_0009,overtaking,overtaking,give_way,mpc,MPC,1399.1318878400625,1398.1485283636057,15.361126822628474,8.308246179842268,vlcc,vlcc,power_driven,restricted,5424.4629565374435,25.556224756611662,-9.291795999186721,1399.1491006202205,2.0895055427613287,True,True,False,-4.2258462419189937e-13,4.2258462419189937e-13,0.0,0,0.0,True,overtaking,0.0,0.0,0.0,,,0.0
overtaking_0010,overtaking,overtaking,give_way,no_action,No action (baseline),1368.4040425694027,1343.7590192735224,15.68330579270654,12.555847806281653,container_feeder,handysize_bulker,power_driven,good,2846.6305526828287,-55.23823570055443,7.374165611536757,1368.4059842811607,3.5147950485259334,True,True,False,1.4925613006578616e-12,-1.4925613006578616e-12,0.0,0,0.0,True,overtaking,0.0,0.0,0.0,,,0.0
overtaking_0010,overtaking,overtaking,give_way,rule_based,Rule-based COLREGS,1368.4040425694027,1343.7590192735224,15.68330579270654,12.555847806281653,container_feeder,handysize_bulker,power_driven,good,2846.6305526828287,-55.23823570055443,7.374165611536757,1368.4059842811607,3.5147950485259334,True,True,False,1.4925613006578616e-12,-1.4925613006578616e-12,0.0,0,0.0,True,overtaking,0.0,0.0,0.0,,,0.0
overtaking_0010,overtaking,overtaking,give_way,velocity_obstacle,Velocity obstacle,1368.4040425694027,1343.7590192735224,15.68330579270654,12.555847806281653,container_feeder,handysize_bulker,power_driven,good,2846.6305526828287,-55.23823570055443,7.374165611536757,1368.4059842811607,3.5147950485259334,True,True,False,1.4925613006578616e-12,-1.4925613006578616e-12,0.0,0,0.0,True,overtaking,0.0,0.0,0.0,,,0.0
overtaking_0010,overtaking,overtaking,give_way,mpc,MPC,1368.4040425694027,1343.7590192735224,15.68330579270654,12.555847806281653,container_feeder,handysize_bulker,power_driven,good,2846.6305526828287,-55.23823570055443,7.374165611536757,1368.4059842811607,3.5147950485259334,True,True,False,1.4925613006578616e-12,-1.4925613006578616e-12,0.0,0,0.0,True,overtaking,0.0,0.0,0.0,,,0.0
overtaking_0011,overtaking,overtaking,give_way,no_action,No action (baseline),860.8210980005276,737.3026237047355,14.891074199213463,10.100384047363152,handysize_bulker,vlcc,fishing,moderate,2139.451301856582,-41.56905883313485,9.012817074629208,860.8428305986557,2.076773190440928,False,True,False,-1.1624638883065365e-12,1.1624638883065365e-12,0.0,0,0.0,True,overtaking,0.0,0.0,0.0,,,0.0
overtaking_0011,overtaking,overtaking,give_way,rule_based,Rule-based COLREGS,860.8210980005276,737.3026237047355,14.891074199213463,10.100384047363152,handysize_bulker,vlcc,fishing,moderate,2139.451301856582,-41.56905883313485,9.012817074629208,2065.356807185267,5.600380595689022,True,True,False,-0.49658084977845074,2.2680486572596124,1735.4277410972256,54,34.999100874606704,True,overtaking,1.0,1.0,1.0,,,1.0
overtaking_0011,overtaking,overtaking,give_way,velocity_obstacle,Velocity obstacle,860.8210980005276,737.3026237047355,14.891074199213463,10.100384047363152,handysize_bulker,vlcc,fishing,moderate,2139.451301856582,-41.56905883313485,9.012817074629208,1097.7789600656176,2.6484042962925094,True,True,False,-0.016596322633292443,0.05240342197301558,253.56759305162348,16,4.999815195804998,True,overtaking,0.0,0.0,1.0,,,0.3333333333333333
overtaking_0011,overtaking,overtaking,give_way,mpc,MPC,860.8210980005276,737.3026237047355,14.891074199213463,10.100384047363152,handysize_bulker,vlcc,fishing,moderate,2139.451301856582,-41.56905883313485,9.012817074629208,1048.094282172519,2.5285054133842477,True,True,False,-0.4218979936686765,0.4819058010289754,239.43644815555126,55,13.50043533601409,True,overtaking,1.0,0.0,1.0,,,0.6666666666666666
overtaking_0012,overtaking,overtaking,give_way,no_action,No action (baseline),1439.6248112891951,1385.6421223497487,13.102181603015973,10.078783283874472,container_feeder,coastal_tanker,power_driven,good,2657.438520777155,46.11990697354048,-4.107021921504731,1439.6251834302327,4.946082970010308,True,True,False,-1.4863271328822793e-12,1.4863271328822793e-12,0.0,0,0.0,True,overtaking,0.0,0.0,0.0,,,0.0
overtaking_0012,overtaking,overtaking,give_way,rule_based,Rule-based COLREGS,1439.6248112891951,1385.6421223497487,13.102181603015973,10.078783283874472,container_feeder,coastal_tanker,power_driven,good,2657.438520777155,46.11990697354048,-4.107021921504731,1439.6251834302327,4.946082970010308,True,True,False,-1.4863271328822793e-12,1.4863271328822793e-12,0.0,0,0.0,True,overtaking,0.0,0.0,0.0,,,0.0
overtaking_0012,overtaking,overtaking,give_way,velocity_obstacle,Velocity obstacle,1439.6248112891951,1385.6421223497487,13.102181603015973,10.078783283874472,container_feeder,coastal_tanker,power_driven,good,2657.438520777155,46.11990697354048,-4.107021921504731,1439.6251834302327,4.946082970010308,True,True,False,-1.4863271328822793e-12,1.4863271328822793e-12,0.0,0,0.0,True,overtaking,0.0,0.0,0.0,,,0.0
overtaking_0012,overtaking,overtaking,give_way,mpc,MPC,1439.6248112891951,1385.6421223497487,13.102181603015973,10.078783283874472,container_feeder,coastal_tanker,power_driven,good,2657.438520777155,46.11990697354048,-4.107021921504731,1439.6251834302327,4.946082970010308,True,True,False,-1.4863271328822793e-12,1.4863271328822793e-12,0.0,0,0.0,True,overtaking,0.0,0.0,0.0,,,0.0
overtaking_0013,overtaking,overtaking,give_way,no_action,No action (baseline),323.6958793456313,640.3432316321606,15.063208832507916,12.158393545264456,container_feeder,coastal_tanker,power_driven,good,1064.7576262939742,35.027673908794945,-4.326265384263994,323.6963359785648,1.029916722215556,False,True,False,1.5540045652198353e-12,-1.5540045652198353e-12,0.0,0,0.0,True,overtaking,0.0,0.0,0.0,,,0.0
overtaking_0013,overtaking,overtaking,give_way,rule_based,Rule-based COLREGS,323.6958793456313,640.3432316321606,15.063208832507916,12.158393545264456,container_feeder,coastal_tanker,power_driven,good,1064.7576262939742,35.027673908794945,-4.326265384263994,1022.7580372077715,1.7759467068766033,True,True,False,-1.755217758105714,7.836414252289793,2853.3381859313627,186,57.61281212541874,False,overtaking,1.0,1.0,1.0,,,1.0
overtaking_0013,overtaking,overtaking,give_way,velocity_obstacle,Velocity obstacle,323.6958793456313,640.3432316321606,15.063208832507916,12.158393545264456,container_feeder,coastal_tanker,power_driven,good,1064.7576262939742,35.027673908794945,-4.326265384263994,1030.9949073510022,2.0421236152840296,True,True,False,-1.855242051313729,2.858748908181923,1241.59396082928,78,52.368566773595305,False,overtaking,1.0,1.0,1.0,,,1.0
overtaking_0013,overtaking,overtaking,give_way,mpc,MPC,323.6958793456313,640.3432316321606,15.063208832507916,12.158393545264456,container_feeder,coastal_tanker,power_driven,good,1064.7576262939742,35.027673908794945,-4.326265384263994,1017.56981857282,1.9569759476285857,True,True,False,-14.950518530710111,14.983730096887289,126.46026053473206,30,12.965087823893679,False,overtaking,1.0,0.0,1.0,,,0.6666666666666666
overtaking_0014,overtaking,overtaking,give_way,no_action,No action (baseline),1345.8963072547626,1577.1796905818205,14.147450353458284,9.365748519967998,coastal_tanker,coastal_tanker,power_driven,good,4263.067564447333,-5.1192940034600305,-7.025771219902207,1345.9079171537155,5.985095385688878,True,True,False,-9.037701725583689e-13,9.037701725583689e-13,0.0,0,0.0,False,overtaking,0.0,0.0,0.0,,,0.0
overtaking_0014,overtaking,overtaking,give_way,rule_based,Rule-based COLREGS,1345.8963072547626,1577.1796905818205,14.147450353458284,9.365748519967998,coastal_tanker,coastal_tanker,power_driven,good,4263.067564447333,-5.1192940034600305,-7.025771219902207,1345.9079171537155,5.985095385688878,True,True,False,-9.037701725583689e-13,9.037701725583689e-13,0.0,0,0.0,False,overtaking,0.0,0.0,0.0,,,0.0
overtaking_0014,overtaking,overtaking,give_way,velocity_obstacle,Velocity obstacle,1345.8963072547626,1577.1796905818205,14.147450353458284,9.365748519967998,coastal_tanker,coastal_tanker,power_driven,good,4263.067564447333,-5.1192940034600305,-7.025771219902207,1345.9079171537155,5.985095385688878,True,True,False,-9.037701725583689e-13,9.037701725583689e-13,0.0,0,0.0,False,overtaking,0.0,0.0,0.0,,,0.0
overtaking_0014,overtaking,overtaking,give_way,mpc,MPC,1345.8963072547626,1577.1796905818205,14.147450353458284,9.365748519967998,coastal_tanker,coastal_tanker,power_driven,good,4263.067564447333,-5.1192940034600305,-7.025771219902207,1345.9079171537155,5.985095385688878,True,True,False,-9.037701725583689e-13,9.037701725583689e-13,0.0,0,0.0,False,overtaking,0.0,0.0,0.0,,,0.0
overtaking_0015,overtaking,overtaking,give_way,no_action,No action (baseline),846.8662648563283,694.9552259404613,15.48665360466649,8.495671835667821,handysize_bulker,container_feeder,power_driven,good,2639.9376406611927,19.929303771254943,-1.0031442664746173,846.8662801784757,2.9290015261960045,False,True,False,7.621079498177539e-13,-7.621079498177539e-13,0.0,0,0.0,True,overtaking,0.0,0.0,0.0,,,0.0
overtaking_0015,overtaking,overtaking,give_way,rule_based,Rule-based COLREGS,846.8662648563283,694.9552259404613,15.48665360466649,8.495671835667821,handysize_bulker,container_feeder,power_driven,good,2639.9376406611927,19.929303771254943,-1.0031442664746173,2388.5467725506064,4.660597419323657,True,True,False,-3.2184527309394575,4.449421949733876,1877.5275067799073,144,26.33485935867267,False,overtaking,0.0,0.0,1.0,,,0.3333333333333333
overtaking_0015,overtaking,overtaking,give_way,velocity_obstacle,Velocity obstacle,846.8662648563283,694.9552259404613,15.48665360466649,8.495671835667821,handysize_bulker,container_feeder,power_driven,good,2639.9376406611927,19.929303771254943,-1.0031442664746173,1087.1862233778284,1.843815804430858,True,True,False,-0.6169141011841108,1.85003608209194,1953.1015347138964,113,24.984646009444567,True,overtaking,1.0,0.0,1.0,,,0.6666666666666666
overtaking_0015,overtaking,overtaking,give_way,mpc,MPC,846.8662648563283,694.9552259404613,15.48665360466649,8.495671835667821,handysize_bulker,container_feeder,power_driven,good,2639.9376406611927,19.929303771254943,-1.0031442664746173,1018.935398262922,2.0402505056063474,True,True,False,-6.7955703580527675,7.8690399526968475,1857.0809646665107,160,30.333926914933727,True,overtaking,1.0,1.0,1.0,,,1.0
overtaking_0016,overtaking,overtaking,give_way,no_action,No action (baseline),663.0508429678083,936.2195462542309,14.907330125529665,10.55148700159981,vlcc,handysize_bulker,power_driven,good,2202.5448251626576,-19.850854150709775,0.9631285698219472,663.0564878564157,1.245036164449748,False,True,False,-1.4646907392732005e-12,1.4646907392732005e-12,0.0,0,0.0,True,overtaking,0.0,0.0,0.0,,,0.0
overtaking_0016,overtaking,overtaking,give_way,rule_based,Rule-based COLREGS,663.0508429678083,936.2195462542309,14.907330125529665,10.55148700159981,vlcc,handysize_bulker,power_driven,good,2202.5448251626576,-19.850854150709775,0.9631285698219472,2046.3773141039278,2.0636258035193205,True,True,False,-1.799497206587856,3.782807787075274,1886.611812305213,83,37.95451198743524,False,overtaking,1.0,1.0,1.0,,,1.0
overtaking_0016,overtaking,overtaking,give_way,velocity_obstacle,Velocity obstacle,663.0508429678083,936.2195462542309,14.907330125529665,10.55148700159981,vlcc,handysize_bulker,power_driven,good,2202.5448251626576,-19.850854150709775,0.9631285698219472,1105.0983156381662,2.015111574629415,True,True,False,-0.05209428787392428,0.12015536500456206,450.051560426732,0,5.437954350704517,True,overtaking,1.0,0.0,1.0,,,0.6666666666666666
overtaking_0016,overtaking,overtaking,give_way,mpc,MPC,663.0508429678083,936.2195462542309,14.907330125529665,10.55148700159981,vlcc,handysize_bulker,power_driven,good,2202.5448251626576,-19.850854150709775,0.9631285698219472,1080.567697763367,2.0289526416905184,True,True,False,-2.4154684437157403,2.518461930093556,457.416941955441,106,10.909697577411745,True,overtaking,1.0,0.0,1.0,,,0.6666666666666666
overtaking_0017,overtaking,overtaking,give_way,no_action,No action (baseline),937.6635110396163,1418.1417482031816,13.56231812023135,9.039153526046093,handysize_bulker,vlcc,power_driven,good,3570.8889128664996,1.6650375755659657,7.035893713402977,937.6743806873236,2.534953161393244,True,True,False,-1.218339107885805e-12,1.218339107885805e-12,0.0,0,0.0,False,overtaking,0.0,0.0,0.0,,,0.0
overtaking_0017,overtaking,overtaking,give_way,rule_based,Rule-based COLREGS,937.6635110396163,1418.1417482031816,13.56231812023135,9.039153526046093,handysize_bulker,vlcc,power_driven,good,3570.8889128664996,1.6650375755659657,7.035893713402977,937.6743806873236,2.534953161393244,True,True,False,-1.218339107885805e-12,1.218339107885805e-12,0.0,0,0.0,False,overtaking,0.0,0.0,0.0,,,0.0
overtaking_0017,overtaking,overtaking,give_way,velocity_obstacle,Velocity obstacle,937.6635110396163,1418.1417482031816,13.56231812023135,9.039153526046093,handysize_bulker,vlcc,power_driven,good,3570.8889128664996,1.6650375755659657,7.035893713402977,937.6743806873236,2.534953161393244,True,True,False,-1.218339107885805e-12,1.218339107885805e-12,0.0,0,0.0,False,overtaking,0.0,0.0,0.0,,,0.0
overtaking_0017,overtaking,overtaking,give_way,mpc,MPC,937.6635110396163,1418.1417482031816,13.56231812023135,9.039153526046093,handysize_bulker,vlcc,power_driven,good,3570.8889128664996,1.6650375755659657,7.035893713402977,937.6743806873236,2.534953161393244,True,True,False,-1.218339107885805e-12,1.218339107885805e-12,0.0,0,0.0,False,overtaking,0.0,0.0,0.0,,,0.0
overtaking_0018,overtaking,overtaking,give_way,no_action,No action (baseline),1388.418387481705,1015.3093338744625,14.157061219040047,8.83457295109818,container_feeder,vlcc,restricted_manoeuvrability,good,3133.084299022642,-19.85158389751239,-3.922628099924788,1388.4186511772978,5.347624540747746,True,True,False,-8.197883222245398e-13,8.058936048987002e-13,0.0,0,0.0,False,overtaking,0.0,0.0,0.0,,,0.0
overtaking_0018,overtaking,overtaking,give_way,rule_based,Rule-based COLREGS,1388.418387481705,1015.3093338744625,14.157061219040047,8.83457295109818,container_feeder,vlcc,restricted_manoeuvrability,good,3133.084299022642,-19.85158389751239,-3.922628099924788,1388.4186511772978,5.347624540747746,True,True,False,-8.197883222245398e-13,8.058936048987002e-13,0.0,0,0.0,False,overtaking,0.0,0.0,0.0,,,0.0
overtaking_0018,overtaking,overtaking,give_way,velocity_obstacle,Velocity obstacle,1388.418387481705,1015.3093338744625,14.157061219040047,8.83457295109818,container_feeder,vlcc,restricted_manoeuvrability,good,3133.084299022642,-19.85158389751239,-3.922628099924788,1388.4186511772978,5.347624540747746,True,True,False,-8.197883222245398e-13,8.058936048987002e-13,0.0,0,0.0,False,overtaking,0.0,0.0,0.0,,,0.0
overtaking_0018,overtaking,overtaking,give_way,mpc,MPC,1388.418387481705,1015.3093338744625,14.157061219040047,8.83457295109818,container_feeder,vlcc,restricted_manoeuvrability,good,3133.084299022642,-19.85158389751239,-3.922628099924788,1388.4186511772978,5.347624540747746,True,True,False,-8.197883222245398e-13,8.058936048987002e-13,0.0,0,0.0,False,overtaking,0.0,0.0,0.0,,,0.0
overtaking_0019,overtaking,overtaking,give_way,no_action,No action (baseline),224.04133534402692,1013.4649006270947,14.984783412737237,9.285277532330856,handysize_bulker,coastal_tanker,power_driven,restricted,3141.9520046434905,-18.52433556970916,9.287006093832645,224.09161981965642,0.5720034608523519,False,False,False,-3.0192577649318403e-13,3.0192577649318403e-13,0.0,0,0.0,True,overtaking,0.0,0.0,0.0,,,0.0
overtaking_0019,overtaking,overtaking,give_way,rule_based,Rule-based COLREGS,224.04133534402692,1013.4649006270947,14.984783412737237,9.285277532330856,handysize_bulker,coastal_tanker,power_driven,restricted,3141.9520046434905,-18.52433556970916,9.287006093832645,1582.3567428731917,4.039806234929452,True,True,False,-0.49136066196499356,2.0366558258468155,1547.885997827924,54,34.99640927243727,True,overtaking,1.0,1.0,1.0,,,1.0
overtaking_0019,overtaking,overtaking,give_way,velocity_obstacle,Velocity obstacle,224.04133534402692,1013.4649006270947,14.984783412737237,9.285277532330856,handysize_bulker,coastal_tanker,power_driven,restricted,3141.9520046434905,-18.52433556970916,9.287006093832645,1095.2381750015845,2.805976972931104,True,True,False,-0.0447213087220801,0.2523505888585229,921.559352702129,34,9.999248493130569,True,overtaking,1.0,0.0,1.0,,,0.6666666666666666
overtaking_0019,overtaking,overtaking,give_way,mpc,MPC,224.04133534402692,1013.4649006270947,14.984783412737237,9.285277532330856,handysize_bulker,coastal_tanker,power_driven,restricted,3141.9520046434905,-18.52433556970916,9.287006093832645,1059.6448556193118,2.705304625395738,True,True,False,-0.6390125465168012,1.0869313118247101,940.3736457147357,88,19.979371621037917,True,overtaking,1.0,0.0,1.0,,,0.6666666666666666
overtaking_0020,overtaking,overtaking,give_way,no_action,No action (baseline),75.92519896820605,1341.551550762922,13.918199759275957,11.297086962194523,coastal_tanker,container_feeder,power_driven,good,1899.475471197781,13.521121824751877,-3.803221608224824,75.95692264595715,0.3419477189337526,False,False,True,-1.8231796762147342e-12,1.837312851999345e-12,0.0,0,0.0,True,overtaking,0.0,0.0,0.0,,,0.0
overtaking_0020,overtaking,overtaking,give_way,rule_based,Rule-based COLREGS,75.92519896820605,1341.551550762922,13.918199759275957,11.297086962194523,coastal_tanker,container_feeder,power_driven,good,1899.475471197781,13.521121824751877,-3.803221608224824,1033.903596860749,2.353649451609817,True,True,False,-2.2252546507390303,9.405051426451795,2335.491925873583,225,39.98607779554175,False,overtaking,1.0,1.0,1.0,,,1.0
overtaking_0020,overtaking,overtaking,give_way,velocity_obstacle,Velocity obstacle,75.92519896820605,1341.551550762922,13.918199759275957,11.297086962194523,coastal_tanker,container_feeder,power_driven,good,1899.475471197781,13.521121824751877,-3.803221608224824,1081.9407359187346,2.857035108941788,True,True,False,-0.026740438184447664,0.36298562322066785,1031.6127326384446,36,13.61747955784326,False,overtaking,1.0,0.0,1.0,,,0.6666666666666666
overtaking_0020,overtaking,overtaking,give_way,mpc,MPC,75.92519896820605,1341.551550762922,13.918199759275957,11.297086962194523,coastal_tanker,container_feeder,power_driven,good,1899.475471197781,13.521121824751877,-3.803221608224824,1043.4249175907353,2.7339243611194517,True,True,False,-13.771583169682373,13.771583169682373,0.0,0,0.0,False,overtaking,0.0,0.0,1.0,,,0.3333333333333333
overtaking_0021,overtaking,overtaking,give_way,no_action,No action (baseline),627.239645354294,1056.8794143574642,13.631101760495339,8.378692254436675,coastal_tanker,coastal_tanker,power_driven,good,2969.857211075796,20.270531315640458,-5.137105381925938,627.2608864482697,3.1570119260461054,False,True,False,-7.071115743768752e-13,7.071115743768752e-13,0.0,0,0.0,True,overtaking,0.0,0.0,0.0,,,0.0
overtaking_0021,overtaking,overtaking,give_way,rule_based,Rule-based COLREGS,627.239645354294,1056.8794143574642,13.631101760495339,8.378692254436675,coastal_tanker,coastal_tanker,power_driven,good,2969.857211075796,20.270531315640458,-5.137105381925938,1032.9173844106394,2.3487537559802796,True,True,False,-1.7257339757396162,10.08779471147001,2599.735312798498,220,54.57164205191016,False,overtaking,1.0,1.0,1.0,,,1.0
overtaking_0021,overtaking,overtaking,give_way,velocity_obstacle,Velocity obstacle,627.239645354294,1056.8794143574642,13.631101760495339,8.378692254436675,coastal_tanker,coastal_tanker,power_driven,good,2969.857211075796,20.270531315640458,-5.137105381925938,1078.3063527879729,3.1502375421471656,True,True,False,-0.07806654568010836,0.9491588584493715,1711.9585859821677,58,18.126874809092982,False,overtaking,1.0,0.0,1.0,,,0.6666666666666666
overtaking_0021,overtaking,overtaking,give_way,mpc,MPC,627.239645354294,1056.8794143574642,13.631101760495339,8.378692254436675,coastal_tanker,coastal_tanker,power_driven,good,2969.857211075796,20.270531315640458,-5.137105381925938,1025.460068144191,3.2856045503135443,True,True,False,-1.3760736141395498,2.227143164338643,1589.8503219944948,169,18.389554592820375,False,overtaking,1.0,0.0,1.0,,,0.6666666666666666
overtaking_0022,overtaking,overtaking,give_way,no_action,No action (baseline),1398.7660224587237,1420.628555898941,15.286322633077047,9.771700477750471,handysize_bulker,coastal_tanker,fishing,moderate,4526.503076077905,1.7390554636502413,9.717710617544949,1398.7673193088124,3.428004181474128,True,True,False,1.5699276379302622e-12,-1.5699276379302622e-12,0.0,0,0.0,False,overtaking,0.0,0.0,0.0,,,0.0
overtaking_0022,overtaking,overtaking,give_way,rule_based,Rule-based COLREGS,1398.7660224587237,1420.628555898941,15.286322633077047,9.771700477750471,handysize_bulker,coastal_tanker,fishing,moderate,4526.503076077905,1.7390554636502413,9.717710617544949,1398.7673193088124,3.428004181474128,True,True,False,1.5699276379302622e-12,-1.5699276379302622e-12,0.0,0,0.0,False,overtaking,0.0,0.0,0.0,,,0.0
overtaking_0022,overtaking,overtaking,give_way,velocity_obstacle,Velocity obstacle,1398.7660224587237,1420.628555898941,15.286322633077047,9.771700477750471,handysize_bulker,coastal_tanker,fishing,moderate,4526.503076077905,1.7390554636502413,9.717710617544949,1398.7673193088124,3.428004181474128,True,True,False,1.5699276379302622e-12,-1.5699276379302622e-12,0.0,0,0.0,False,overtaking,0.0,0.0,0.0,,,0.0
overtaking_0022,overtaking,overtaking,give_way,mpc,MPC,1398.7660224587237,1420.628555898941,15.286322633077047,9.771700477750471,handysize_bulker,coastal_tanker,fishing,moderate,4526.503076077905,1.7390554636502413,9.717710617544949,1398.7673193088124,3.428004181474128,True,True,False,1.5699276379302622e-12,-1.5699276379302622e-12,0.0,0,0.0,False,overtaking,0.0,0.0,0.0,,,0.0
overtaking_0023,overtaking,overtaking,give_way,no_action,No action (baseline),1064.52197001423,1689.479827720806,14.629541542003198,11.606737267873182,coastal_tanker,handysize_bulker,power_driven,good,3042.990619811689,-0.2773427480899022,-5.5994978928826,1064.5223318502824,4.282874128041102,True,True,False,-9.412178383504114e-13,9.412178383504114e-13,0.0,0,0.0,False,overtaking,0.0,0.0,0.0,,,0.0
overtaking_0023,overtaking,overtaking,give_way,rule_based,Rule-based COLREGS,1064.52197001423,1689.479827720806,14.629541542003198,11.606737267873182,coastal_tanker,handysize_bulker,power_driven,good,3042.990619811689,-0.2773427480899022,-5.5994978928826,1064.5223318502824,4.282874128041102,True,True,False,-9.412178383504114e-13,9.412178383504114e-13,0.0,0,0.0,False,overtaking,0.0,0.0,0.0,,,0.0
overtaking_0023,overtaking,overtaking,give_way,velocity_obstacle,Velocity obstacle,1064.52197001423,1689.479827720806,14.629541542003198,11.606737267873182,coastal_tanker,handysize_bulker,power_driven,good,3042.990619811689,-0.2773427480899022,-5.5994978928826,1064.5223318502824,4.282874128041102,True,True,False,-9.412178383504114e-13,9.412178383504114e-13,0.0,0,0.0,False,overtaking,0.0,0.0,0.0,,,0.0
overtaking_0023,overtaking,overtaking,give_way,mpc,MPC,1064.52197001423,1689.479827720806,14.629541542003198,11.606737267873182,coastal_tanker,handysize_bulker,power_driven,good,3042.990619811689,-0.2773427480899022,-5.5994978928826,1064.5223318502824,4.282874128041102,True,True,False,-9.412178383504114e-13,9.412178383504114e-13,0.0,0,0.0,False,overtaking,0.0,0.0,0.0,,,0.0
overtaking_0024,overtaking,overtaking,give_way,no_action,No action (baseline),364.56003452112066,1605.6953541251626,12.917133952711662,9.363978222497323,handysize_bulker,coastal_tanker,power_driven,restricted,3313.04640196631,-28.943225327779476,9.426211214820086,364.56282352700094,0.8040392361453678,False,False,False,1.3401065652837724e-12,-1.3401065652837724e-12,0.0,0,0.0,True,overtaking,0.0,0.0,0.0,,,0.0
overtaking_0024,overtaking,overtaking,give_way,rule_based,Rule-based COLREGS,364.56003452112066,1605.6953541251626,12.917133952711662,9.363978222497323,handysize_bulker,coastal_tanker,power_driven,restricted,3313.04640196631,-28.943225327779476,9.426211214820086,1806.5960451034466,4.638547027395573,True,True,False,-0.6426931341548803,3.3665500569541313,2219.223962577506,58,35.04981361730307,True,overtaking,1.0,1.0,1.0,,,1.0
overtaking_0024,overtaking,overtaking,give_way,velocity_obstacle,Velocity obstacle,364.56003452112066,1605.6953541251626,12.917133952711662,9.363978222497323,handysize_bulker,coastal_tanker,power_driven,restricted,3313.04640196631,-28.943225327779476,9.426211214820086,1092.9983050893502,2.4115279819657136,True,True,False,-0.05778381001438678,0.2280370257031138,812.3549286048353,34,9.89844395153827,True,overtaking,1.0,0.0,1.0,,,0.6666666666666666
overtaking_0024,overtaking,overtaking,give_way,mpc,MPC,364.56003452112066,1605.6953541251626,12.917133952711662,9.363978222497323,handysize_bulker,coastal_tanker,power_driven,restricted,3313.04640196631,-28.943225327779476,9.426211214820086,1053.4709385671597,2.3234287957693462,True,True,False,-1.3669631122270107,1.869700791486141,932.5668790850873,109,20.02533042394474,True,overtaking,1.0,0.0,1.0,,,0.6666666666666666
overtaking_0025,overtaking,overtaking,give_way,no_action,No action (baseline),487.94985825507194,706.0855995602142,12.086789587133099,8.613137260857737,container_feeder,vlcc,restricted_manoeuvrability,good,1371.230287444458,-12.370399143321945,-3.46077907301615,487.9538360073034,1.8372901422054069,False,True,False,1.2531486465991026e-12,-1.2531486465991026e-12,0.0,0,0.0,True,overtaking,0.0,0.0,0.0,,,0.0
overtaking_0025,overtaking,overtaking,give_way,rule_based,Rule-based COLREGS,487.94985825507194,706.0855995602142,12.086789587133099,8.613137260857737,container_feeder,vlcc,restricted_manoeuvrability,good,1371.230287444458,-12.370399143321945,-3.46077907301615,1311.7434970872746,2.3901076267979673,True,True,False,-0.45154312997474105,3.59984880250981,2392.9848563439796,54,34.99999705157435,False,overtaking,1.0,1.0,1.0,,,1.0
overtaking_0025,overtaking,overtaking,give_way,velocity_obstacle,Velocity obstacle,487.94985825507194,706.0855995602142,12.086789587133099,8.613137260857737,container_feeder,vlcc,restricted_manoeuvrability,good,1371.230287444458,-12.370399143321945,-3.46077907301615,1089.2465325121552,2.370483849332068,True,True,False,-0.07807199735297707,0.3172958960185625,601.0714227803334,44,14.43369586047062,False,overtaking,1.0,0.0,1.0,,,0.6666666666666666
overtaking_0025,overtaking,overtaking,give_way,mpc,MPC,487.94985825507194,706.0855995602142,12.086789587133099,8.613137260857737,container_feeder,vlcc,restricted_manoeuvrability,good,1371.230287444458,-12.370399143321945,-3.46077907301615,1027.5350308572943,2.3817460141284967,True,True,False,-3.2468046129632566,3.486280300391814,429.67750923332693,63,19.632107494043357,False,overtaking,1.0,0.0,1.0,,,0.6666666666666666
overtaking_0026,overtaking,overtaking,give_way,no_action,No action (baseline),86.76891353207277,808.793716504394,12.662568083839485,10.154106486995598,container_feeder,coastal_tanker,fishing,good,1089.6978439316117,9.789974708199761,-3.655217514379281,86.78403664006261,0.2950706060048695,False,False,True,1.335978545194366e-12,-1.335978545194366e-12,0.0,0,0.0,True,overtaking,0.0,0.0,0.0,,,0.0
overtaking_0026,overtaking,overtaking,give_way,rule_based,Rule-based COLREGS,86.76891353207277,808.793716504394,12.662568083839485,10.154106486995598,container_feeder,coastal_tanker,fishing,good,1089.6978439316117,9.789974708199761,-3.655217514379281,1034.401379039867,1.7261797168672641,True,True,False,-3.6586481566379163,11.845272276829936,2315.7894888150686,247,39.99830108087301,False,overtaking,1.0,1.0,1.0,,,1.0
overtaking_0026,overtaking,overtaking,give_way,velocity_obstacle,Velocity obstacle,86.76891353207277,808.793716504394,12.662568083839485,10.154106486995598,container_feeder,coastal_tanker,fishing,good,1089.6978439316117,9.789974708199761,-3.655217514379281,1056.3425380007498,1.8569304037190004,True,True,False,-1.132148622530521,1.7901605624034003,932.0441951541636,66,39.58562894367029,False,overtaking,1.0,1.0,1.0,,,1.0
overtaking_0026,overtaking,overtaking,give_way,mpc,MPC,86.76891353207277,808.793716504394,12.662568083839485,10.154106486995598,container_feeder,coastal_tanker,fishing,good,1089.6978439316117,9.789974708199761,-3.655217514379281,1038.894661666557,1.9557832716887764,True,True,False,-13.573166558669177,13.61771654677732,166.64107122839783,55,12.333671122427827,False,overtaking,1.0,0.0,1.0,,,0.6666666666666666
overtaking_0027,overtaking,overtaking,give_way,no_action,No action (baseline),906.415424220541,1153.5321500233679,15.093571937246672,10.280450120343206,container_feeder,vlcc,power_driven,good,3072.060600829444,-6.205013095816802,-5.246447176986973,906.4231199334018,3.182022239302061,False,True,False,-1.772432502290177e-12,1.772432502290177e-12,0.0,0,0.0,False,overtaking,0.0,0.0,0.0,,,0.0
overtaking_0027,overtaking,overtaking,give_way,rule_based,Rule-based COLREGS,906.415424220541,1153.5321500233679,15.093571937246672,10.280450120343206,container_feeder,vlcc,power_driven,good,3072.060600829444,-6.205013095816802,-5.246447176986973,2357.6941874836625,4.134663935138852,True,True,False,-0.29664273590099083,1.8655620325466697,1598.5861714607413,56,34.98595486520959,False,overtaking,1.0,1.0,1.0,,,1.0
overtaking_0027,overtaking,overtaking,give_way,velocity_obstacle,Velocity obstacle,906.415424220541,1153.5321500233679,15.093571937246672,10.280450120343206,container_feeder,vlcc,power_driven,good,3072.060600829444,-6.205013095816802,-5.246447176986973,1097.656126041,3.8533336283177544,True,True,False,-0.011364596181063322,0.03676083796234971,192.79347855718797,16,4.991114615436896,False,overtaking,0.0,0.0,1.0,,,0.3333333333333333
overtaking_0027,overtaking,overtaking,give_way,mpc,MPC,906.415424220541,1153.5321500233679,15.093571937246672,10.280450120343206,container_feeder,vlcc,power_driven,good,3072.060600829444,-6.205013095816802,-5.246447176986973,1032.5870058827286,3.624911307949478,True,True,False,-2.378303198889006,2.378303198889006,0.0,0,0.0,False,overtaking,0.0,0.0,1.0,,,0.3333333333333333
overtaking_0028,overtaking,overtaking,give_way,no_action,No action (baseline),857.5369065232047,1391.6955120934122,13.726214249639742,10.67444428509815,container_feeder,container_feeder,power_driven,good,2598.4171580473617,42.844067618958974,-7.374775127951249,857.542113265127,2.311970499391915,False,True,False,-9.74498029488832e-13,9.74498029488832e-13,0.0,0,0.0,True,overtaking,0.0,0.0,0.0,,,0.0
overtaking_0028,overtaking,overtaking,give_way,rule_based,Rule-based COLREGS,857.5369065232047,1391.6955120934122,13.726214249639742,10.67444428509815,container_feeder,container_feeder,power_driven,good,2598.4171580473617,42.844067618958974,-7.374775127951249,1026.750921712875,1.7327550603761535,True,True,False,-1.0189651371778576,6.809726160412444,3475.11878507303,121,44.966345822561465,False,overtaking,1.0,1.0,1.0,,,1.0
overtaking_0028,overtaking,overtaking,give_way,velocity_obstacle,Velocity obstacle,857.5369065232047,1391.6955120934122,13.726214249639742,10.67444428509815,container_feeder,container_feeder,power_driven,good,2598.4171580473617,42.844067618958974,-7.374775127951249,1078.3325489540416,1.806651339440516,True,True,False,-0.9852647720361908,2.28460332026297,1878.924719828131,117,24.983944875753387,False,overtaking,1.0,0.0,1.0,,,0.6666666666666666
overtaking_0028,overtaking,overtaking,give_way,mpc,MPC,857.5369065232047,1391.6955120934122,13.726214249639742,10.67444428509815,container_feeder,container_feeder,power_driven,good,2598.4171580473617,42.844067618958974,-7.374775127951249,1031.6608753377202,1.948775604986235,True,True,False,-12.174640984122906,12.519706903979847,688.2811159856392,79,19.781930160575534,False,overtaking,1.0,0.0,1.0,,,0.6666666666666666
overtaking_0029,overtaking,overtaking,give_way,no_action,No action (baseline),610.1270946577512,780.0708567344714,14.31942025589057,11.066740577567483,container_feeder,container_feeder,restricted_manoeuvrability,good,1570.5641490782298,-0.593389378484282,-7.092685559991799,610.1271088191763,1.6903152761536102,False,True,False,4.258523857060281e-13,-4.258523857060281e-13,0.0,0,0.0,False,overtaking,0.0,0.0,0.0,,,0.0
overtaking_0029,overtaking,overtaking,give_way,rule_based,Rule-based COLREGS,610.1270946577512,780.0708567344714,14.31942025589057,11.066740577567483,container_feeder,container_feeder,restricted_manoeuvrability,good,1570.5641490782298,-0.593389378484282,-7.092685559991799,1500.0845601045721,2.5023095125956325,True,True,False,-0.32932115342184287,2.8528371170770113,2316.7201391322496,56,34.99983594377754,False,overtaking,1.0,1.0,1.0,,,1.0
overtaking_0029,overtaking,overtaking,give_way,velocity_obstacle,Velocity obstacle,610.1270946577512,780.0708567344714,14.31942025589057,11.066740577567483,container_feeder,container_feeder,restricted_manoeuvrability,good,1570.5641490782298,-0.593389378484282,-7.092685559991799,1092.6068382066046,2.2653083505596205,True,True,False,-0.03133025616436196,0.14929040615573244,509.2945686514142,31,9.937383364921782,False,overtaking,1.0,0.0,1.0,,,0.6666666666666666
overtaking_0029,overtaking,overtaking,give_way,mpc,MPC,610.1270946577512,780.0708567344714,14.31942025589057,11.066740577567483,container_feeder,container_feeder,restricted_manoeuvrability,good,1570.5641490782298,-0.593389378484282,-7.092685559991799,1049.6514344492778,2.229918457773015,True,True,False,-4.381084840055578,4.381084840055578,0.0,0,0.0,False,overtaking,0.0,0.0,1.0,,,0.3333333333333333
overtaking_0030,overtaking,overtaking,give_way,no_action,No action (baseline),569.953866387671,941.5721585227066,13.42804484857512,8.246870281074251,vlcc,vlcc,power_driven,good,2732.178736600756,3.500575339428383,-10.324512021429683,569.9713288091806,0.7634420827748205,False,False,False,-1.0986802212537382e-12,1.0986802212537382e-12,0.0,0,0.0,False,overtaking,0.0,0.0,0.0,,,0.0
overtaking_0030,overtaking,overtaking,give_way,rule_based,Rule-based COLREGS,569.953866387671,941.5721585227066,13.42804484857512,8.246870281074251,vlcc,vlcc,power_driven,good,2732.178736600756,3.500575339428383,-10.324512021429683,1957.5707708179082,2.085346872892977,True,True,False,-4.07217725536074,7.542332181230905,3189.7327387880787,128,35.67263144047585,True,overtaking,0.0,1.0,1.0,,,0.6666666666666666
overtaking_0030,overtaking,overtaking,give_way,velocity_obstacle,Velocity obstacle,569.953866387671,941.5721585227066,13.42804484857512,8.246870281074251,vlcc,vlcc,power_driven,good,2732.178736600756,3.500575339428383,-10.324512021429683,1111.1727137309247,1.245972702862136,True,True,False,-0.1854070719410935,0.2970110406804701,542.1447124099235,21,9.501180978608106,False,overtaking,1.0,0.0,1.0,,,0.6666666666666666
overtaking_0030,overtaking,overtaking,give_way,mpc,MPC,569.953866387671,941.5721585227066,13.42804484857512,8.246870281074251,vlcc,vlcc,power_driven,good,2732.178736600756,3.500575339428383,-10.324512021429683,1036.0997863323014,1.279569737350629,True,True,False,-5.08115458893537,5.10014246488031,139.20656620658534,20,5.62769979878256,False,overtaking,1.0,0.0,1.0,,,0.6666666666666666
overtaking_0031,overtaking,overtaking,give_way,no_action,No action (baseline),1233.2585177759465,1530.4934674279634,14.706890395267177,11.907634232032029,handysize_bulker,vlcc,power_driven,good,2637.6121497735844,44.93347445355239,-4.18314276940033,1233.2587468917775,3.2948963234317272,True,True,False,-1.5515292211948934e-12,1.5515292211948934e-12,0.0,0,0.0,True,overtaking,0.0,0.0,0.0,,,0.0
overtaking_0031,overtaking,overtaking,give_way,rule_based,Rule-based COLREGS,1233.2585177759465,1530.4934674279634,14.706890395267177,11.907634232032029,handysize_bulker,vlcc,power_driven,good,2637.6121497735844,44.93347445355239,-4.18314276940033,1233.2587468917775,3.2948963234317272,True,True,False,-1.5515292211948934e-12,1.5515292211948934e-12,0.0,0,0.0,True,overtaking,0.0,0.0,0.0,,,0.0
overtaking_0031,overtaking,overtaking,give_way,velocity_obstacle,Velocity obstacle,1233.2585177759465,1530.4934674279634,14.706890395267177,11.907634232032029,handysize_bulker,vlcc,power_driven,good,2637.6121497735844,44.93347445355239,-4.18314276940033,1233.2587468917775,3.2948963234317272,True,True,False,-1.5515292211948934e-12,1.5515292211948934e-12,0.0,0,0.0,True,overtaking,0.0,0.0,0.0,,,0.0
overtaking_0031,overtaking,overtaking,give_way,mpc,MPC,1233.2585177759465,1530.4934674279634,14.706890395267177,11.907634232032029,handysize_bulker,vlcc,power_driven,good,2637.6121497735844,44.93347445355239,-4.18314276940033,1233.2587468917775,3.2948963234317272,True,True,False,-1.5515292211948934e-12,1.5515292211948934e-12,0.0,0,0.0,True,overtaking,0.0,0.0,0.0,,,0.0
overtaking_0032,overtaking,overtaking,give_way,no_action,No action (baseline),35.357383997186965,1748.85896913202,14.470518170057833,10.635393435204847,coastal_tanker,handysize_bulker,power_driven,good,3622.2690630249735,-15.65802103110751,5.658769666756122,35.43627198900637,0.15631409978251523,False,False,True,1.7671853207941965e-13,-1.7671853207941965e-13,0.0,0,0.0,True,overtaking,0.0,0.0,0.0,,,0.0
overtaking_0032,overtaking,overtaking,give_way,rule_based,Rule-based COLREGS,35.357383997186965,1748.85896913202,14.470518170057833,10.635393435204847,coastal_tanker,handysize_bulker,power_driven,good,3622.2690630249735,-15.65802103110751,5.658769666756122,1801.3985691723562,5.492390109225153,True,True,False,-0.18815678619006757,2.8265962025648546,2437.26602329294,52,34.999839113486196,False,overtaking,1.0,1.0,1.0,,,1.0
overtaking_0032,overtaking,overtaking,give_way,velocity_obstacle,Velocity obstacle,35.357383997186965,1748.85896913202,14.470518170057833,10.635393435204847,coastal_tanker,handysize_bulker,power_driven,good,3622.2690630249735,-15.65802103110751,5.658769666756122,1092.2064450601665,4.8253235381349775,True,True,False,-0.01681125385157878,0.2866110760391279,1117.1980072951358,28,9.999711839217154,True,overtaking,1.0,0.0,1.0,,,0.6666666666666666
overtaking_0032,overtaking,overtaking,give_way,mpc,MPC,35.357383997186965,1748.85896913202,14.470518170057833,10.635393435204847,coastal_tanker,handysize_bulker,power_driven,good,3622.2690630249735,-15.65802103110751,5.658769666756122,1050.176144608343,4.632001509276583,True,True,False,-1.4040862029848584,2.1212836755758153,1204.268909859329,41,19.99930176419934,True,overtaking,1.0,0.0,1.0,,,0.6666666666666666
overtaking_0033,overtaking,overtaking,give_way,no_action,No action (baseline),1403.931301949404,1348.0365726534378,13.125945322088883,9.30078344603362,handysize_bulker,coastal_tanker,power_driven,good,3274.5718985370845,47.180719302680856,-9.804143497859418,1403.9379141608104,3.119971851535255,True,True,False,1.4986224532882937e-14,-1.4986224532882937e-14,0.0,0,0.0,True,overtaking,0.0,0.0,0.0,,,0.0
overtaking_0033,overtaking,overtaking,give_way,rule_based,Rule-based COLREGS,1403.931301949404,1348.0365726534378,13.125945322088883,9.30078344603362,handysize_bulker,coastal_tanker,power_driven,good,3274.5718985370845,47.180719302680856,-9.804143497859418,1403.9379141608104,3.119971851535255,True,True,False,1.4986224532882937e-14,-1.4986224532882937e-14,0.0,0,0.0,True,overtaking,0.0,0.0,0.0,,,0.0
overtaking_0033,overtaking,overtaking,give_way,velocity_obstacle,Velocity obstacle,1403.931301949404,1348.0365726534378,13.125945322088883,9.30078344603362,handysize_bulker,coastal_tanker,power_driven,good,3274.5718985370845,47.180719302680856,-9.804143497859418,1403.9379141608104,3.119971851535255,True,True,False,1.4986224532882937e-14,-1.4986224532882937e-14,0.0,0,0.0,True,overtaking,0.0,0.0,0.0,,,0.0
overtaking_0033,overtaking,overtaking,give_way,mpc,MPC,1403.931301949404,1348.0365726534378,13.125945322088883,9.30078344603362,handysize_bulker,coastal_tanker,power_driven,good,3274.5718985370845,47.180719302680856,-9.804143497859418,1403.9379141608104,3.119971851535255,True,True,False,1.4986224532882937e-14,-1.4986224532882937e-14,0.0,0,0.0,True,overtaking,0.0,0.0,0.0,,,0.0
overtaking_0034,overtaking,overtaking,give_way,no_action,No action (baseline),634.2760246159634,1793.9220641902364,11.234560499748703,8.072461358473213,coastal_tanker,coastal_tanker,fishing,good,3022.603918756869,19.80394593306858,-3.0431314036885517,634.2785104616779,3.314647873055226,False,True,False,7.528963543990391e-13,-7.528963543990391e-13,0.0,0,0.0,True,overtaking,0.0,0.0,0.0,,,0.0
overtaking_0034,overtaking,overtaking,give_way,rule_based,Rule-based COLREGS,634.2760246159634,1793.9220641902364,11.234560499748703,8.072461358473213,coastal_tanker,coastal_tanker,fishing,good,3022.603918756869,19.80394593306858,-3.0431314036885517,1029.561981160349,2.345508936902157,True,True,False,-1.9402639847669791,11.28721059505992,3303.672709257863,212,54.224653723132576,False,overtaking,1.0,1.0,1.0,,,1.0
overtaking_0034,overtaking,overtaking,give_way,velocity_obstacle,Velocity obstacle,634.2760246159634,1793.9220641902364,11.234560499748703,8.072461358473213,coastal_tanker,coastal_tanker,fishing,good,3022.603918756869,19.80394593306858,-3.0431314036885517,1085.1946810410175,2.7578858101369694,True,True,False,-0.06330659052159136,1.3101281646446898,1702.3932611504197,53,19.999988120592135,False,overtaking,1.0,0.0,1.0,,,0.6666666666666666
overtaking_0034,overtaking,overtaking,give_way,mpc,MPC,634.2760246159634,1793.9220641902364,11.234560499748703,8.072461358473213,coastal_tanker,coastal_tanker,fishing,good,3022.603918756869,19.80394593306858,-3.0431314036885517,1026.4899609228735,2.888666793975552,True,True,False,-9.153905035603135,10.26226519281964,1388.4669343062196,42,19.99999648645855,False,overtaking,1.0,0.0,1.0,,,0.6666666666666666
overtaking_0035,overtaking,overtaking,give_way,no_action,No action (baseline),391.0247655730274,889.4923681854712,15.874658699464206,13.198102187712113,vlcc,container_feeder,power_driven,good,1409.7302900650602,38.990092365854906,-5.003560684429084,391.0255295527415,0.5052168716626391,False,False,False,1.524135366047671e-12,-1.524135366047671e-12,0.0,0,0.0,True,overtaking,0.0,0.0,0.0,,,0.0
overtaking_0035,overtaking,overtaking,give_way,rule_based,Rule-based COLREGS,391.0247655730274,889.4923681854712,15.874658699464206,13.198102187712113,vlcc,container_feeder,power_driven,good,1409.7302900650602,38.990092365854906,-5.003560684429084,1376.4042805690035,1.1743977078491046,True,True,False,-3.7445308905307906,7.94296649617743,2930.57621179672,131,38.631459708399376,False,overtaking,1.0,1.0,1.0,,,1.0
overtaking_0035,overtaking,overtaking,give_way,velocity_obstacle,Velocity obstacle,391.0247655730274,889.4923681854712,15.874658699464206,13.198102187712113,vlcc,container_feeder,power_driven,good,1409.7302900650602,38.990092365854906,-5.003560684429084,1106.9856493406437,0.9311903970384602,True,False,False,-1.8083574705739014,2.496575426313249,1319.1934842619853,68,32.394207631613696,False,overtaking,1.0,1.0,1.0,,,1.0
overtaking_0035,overtaking,overtaking,give_way,mpc,MPC,391.0247655730274,889.4923681854712,15.874658699464206,13.198102187712113,vlcc,container_feeder,power_driven,good,1409.7302900650602,38.990092365854906,-5.003560684429084,1046.5870037358538,0.8069552902034586,True,False,False,-12.642558997655811,12.642558997655811,0.0,0,0.0,False,overtaking,0.0,0.0,1.0,,,0.3333333333333333
overtaking_0036,overtaking,overtaking,give_way,no_action,No action (baseline),25.261287608496442,980.3425873928093,15.737387895416472,10.64835772749549,vlcc,handysize_bulker,power_driven,moderate,2639.628681940756,11.608284243892946,-5.41031430093274,25.27812220647152,0.04012513080535906,False,False,True,-4.874777338720829e-13,4.874777338720829e-13,0.0,0,0.0,True,overtaking,0.0,0.0,0.0,,,0.0
overtaking_0036,overtaking,overtaking,give_way,rule_based,Rule-based COLREGS,25.261287608496442,980.3425873928093,15.737387895416472,10.64835772749549,vlcc,handysize_bulker,power_driven,moderate,2639.628681940756,11.608284243892946,-5.41031430093274,1766.2880840410814,2.1197330637454073,True,True,False,-4.406162698359901,6.100688086871704,2151.785637738157,137,32.30430507928314,True,overtaking,0.0,1.0,1.0,,,0.6666666666666666
overtaking_0036,overtaking,overtaking,give_way,velocity_obstacle,Velocity obstacle,25.261287608496442,980.3425873928093,15.737387895416472,10.64835772749549,vlcc,handysize_bulker,power_driven,moderate,2639.628681940756,11.608284243892946,-5.41031430093274,1087.4954082444444,1.113772739227923,True,True,False,-0.13897454435191947,0.465553813978318,1140.2275733147696,40,10.760138569022864,False,overtaking,1.0,0.0,1.0,,,0.6666666666666666
overtaking_0036,overtaking,overtaking,give_way,mpc,MPC,25.261287608496442,980.3425873928093,15.737387895416472,10.64835772749549,vlcc,handysize_bulker,power_driven,moderate,2639.628681940756,11.608284243892946,-5.41031430093274,1036.0783632560626,1.4650269107373517,True,True,False,-6.98842335029241,7.208610230639028,683.8557645757747,118,18.1792309716894,False,overtaking,1.0,0.0,1.0,,,0.6666666666666666
overtaking_0037,overtaking,overtaking,give_way,no_action,No action (baseline),1334.940905209321,835.4824895277358,14.897922363538619,11.844949374068868,vlcc,coastal_tanker,power_driven,good,2071.1333626196442,10.289723008773823,8.903768152503996,1334.9412184328958,1.4461678090006442,True,True,False,5.413535336758368e-13,-5.413535336758368e-13,0.0,0,0.0,False,overtaking,0.0,0.0,0.0,,,0.0
overtaking_0037,overtaking,overtaking,give_way,rule_based,Rule-based COLREGS,1334.940905209321,835.4824895277358,14.897922363538619,11.844949374068868,vlcc,coastal_tanker,power_driven,good,2071.1333626196442,10.289723008773823,8.903768152503996,1334.9412184328958,1.4461678090006442,True,True,False,5.413535336758368e-13,-5.413535336758368e-13,0.0,0,0.0,False,overtaking,0.0,0.0,0.0,,,0.0
overtaking_0037,overtaking,overtaking,give_way,velocity_obstacle,Velocity obstacle,1334.940905209321,835.4824895277358,14.897922363538619,11.844949374068868,vlcc,coastal_tanker,power_driven,good,2071.1333626196442,10.289723008773823,8.903768152503996,1334.9412184328958,1.4461678090006442,True,True,False,5.413535336758368e-13,-5.413535336758368e-13,0.0,0,0.0,False,overtaking,0.0,0.0,0.0,,,0.0
overtaking_0037,overtaking,overtaking,give_way,mpc,MPC,1334.940905209321,835.4824895277358,14.897922363538619,11.844949374068868,vlcc,coastal_tanker,power_driven,good,2071.1333626196442,10.289723008773823,8.903768152503996,1334.9412184328958,1.4461678090006442,True,True,False,5.413535336758368e-13,-5.413535336758368e-13,0.0,0,0.0,False,overtaking,0.0,0.0,0.0,,,0.0
overtaking_0038,overtaking,overtaking,give_way,no_action,No action (baseline),531.6327462032652,683.3972318857418,13.216348953228778,8.22619768212451,coastal_tanker,handysize_bulker,power_driven,good,1833.1704208064425,-16.789753037133448,-0.0416370991616688,531.6486682346824,3.0206208239667256,False,True,False,-9.823251532593206e-13,9.823251532593206e-13,0.0,0,0.0,True,overtaking,0.0,0.0,0.0,,,0.0
overtaking_0038,overtaking,overtaking,give_way,rule_based,Rule-based COLREGS,531.6327462032652,683.3972318857418,13.216348953228778,8.22619768212451,coastal_tanker,handysize_bulker,power_driven,good,1833.1704208064425,-16.789753037133448,-0.0416370991616688,1730.6104059379215,4.937955436576559,True,True,False,-0.18050181199781856,2.912575269137924,2305.1497738204107,52,34.999888553864004,False,overtaking,1.0,1.0,1.0,,,1.0
overtaking_0038,overtaking,overtaking,give_way,velocity_obstacle,Velocity obstacle,531.6327462032652,683.3972318857418,13.216348953228778,8.22619768212451,coastal_tanker,handysize_bulker,power_driven,good,1833.1704208064425,-16.789753037133448,-0.0416370991616688,1088.8474933531038,4.822104037142419,True,True,False,-0.01844313566187718,0.17668155628188031,561.71308932008,28,9.994063570512784,True,overtaking,1.0,0.0,1.0,,,0.6666666666666666
overtaking_0038,overtaking,overtaking,give_way,mpc,MPC,531.6327462032652,683.3972318857418,13.216348953228778,8.22619768212451,coastal_tanker,handysize_bulker,power_driven,good,1833.1704208064425,-16.789753037133448,-0.0416370991616688,1090.4089742701092,4.916254460620957,True,True,False,-0.06578571676315394,0.390565989122832,558.6653899573973,42,19.87789677192389,True,overtaking,1.0,0.0,1.0,,,0.6666666666666666
overtaking_0039,overtaking,overtaking,give_way,no_action,No action (baseline),345.93463687481267,746.649769546758,12.21164662598019,9.309591918246685,handysize_bulker,vlcc,power_driven,good,1211.9685886222253,-2.3876123873847175,-4.569380898856633,345.9441573378169,0.9668738178255393,False,False,False,-1.4497432888878847e-13,1.4497432888878847e-13,0.0,0,0.0,True,overtaking,0.0,0.0,0.0,,,0.0
overtaking_0039,overtaking,overtaking,give_way,rule_based,Rule-based COLREGS,345.93463687481267,746.649769546758,12.21164662598019,9.309591918246685,handysize_bulker,vlcc,power_driven,good,1211.9685886222253,-2.3876123873847175,-4.569380898856633,1156.5117588439336,1.614747260763706,True,True,False,-0.7121956597731351,4.0631330890203925,2544.767700932272,60,35.17906501210989,False,overtaking,1.0,1.0,1.0,,,1.0
overtaking_0039,overtaking,overtaking,give_way,velocity_obstacle,Velocity obstacle,345.93463687481267,746.649769546758,12.21164662598019,9.309591918246685,handysize_bulker,vlcc,power_driven,good,1211.9685886222253,-2.3876123873847175,-4.569380898856633,1074.9763881187657,1.5697544142791464,True,True,False,-0.1924418218272173,0.6089710796951533,736.6676741911394,65,20.076457118797034,False,overtaking,1.0,0.0,1.0,,,0.6666666666666666
overtaking_0039,overtaking,overtaking,give_way,mpc,MPC,345.93463687481267,746.649769546758,12.21164662598019,9.309591918246685,handysize_bulker,vlcc,power_driven,good,1211.9685886222253,-2.3876123873847175,-4.569380898856633,1037.4724170449315,1.6194844093896272,True,True,False,-6.995003131762989,7.090257614971847,309.62400293745253,86,14.756651407187446,False,overtaking,1.0,0.0,1.0,,,0.6666666666666666
overtaking_0040,overtaking,overtaking,give_way,no_action,No action (baseline),748.1539824060716,759.9313969121062,13.912868752612884,10.600765238052572,vlcc,coastal_tanker,power_driven,good,1662.9178353538732,1.5099571254679365,8.785449954541377,748.1539944186732,0.8716386709924354,False,False,False,1.5976608063368335e-12,-1.5976608063368335e-12,0.0,0,0.0,False,overtaking,0.0,0.0,0.0,,,0.0
overtaking_0040,overtaking,overtaking,give_way,rule_based,Rule-based COLREGS,748.1539824060716,759.9313969121062,13.912868752612884,10.600765238052572,vlcc,coastal_tanker,power_driven,good,1662.9178353538732,1.5099571254679365,8.785449954541377,1610.5604855161055,1.2287533415416783,True,True,False,-4.562536394788741,9.950551195101433,3937.0145169296843,136,39.09127339902685,True,overtaking,1.0,1.0,1.0,,,1.0
overtaking_0040,overtaking,overtaking,give_way,velocity_obstacle,Velocity obstacle,748.1539824060716,759.9313969121062,13.912868752612884,10.600765238052572,vlcc,coastal_tanker,power_driven,good,1662.9178353538732,1.5099571254679365,8.785449954541377,1100.5953393549194,1.1996255195226975,True,True,False,-0.5548528831060232,1.7977500003378262,2261.3334530140064,33,22.07585744653922,True,overtaking,1.0,0.0,1.0,,,0.6666666666666666
overtaking_0040,overtaking,overtaking,give_way,mpc,MPC,748.1539824060716,759.9313969121062,13.912868752612884,10.600765238052572,vlcc,coastal_tanker,power_driven,good,1662.9178353538732,1.5099571254679365,8.785449954541377,1050.15612663659,1.0827634592115791,True,True,False,-2.7538247566055647,2.7538247566055647,0.0,0,0.0,False,overtaking,0.0,0.0,1.0,,,0.3333333333333333
overtaking_0041,overtaking,overtaking,give_way,no_action,No action (baseline),678.8845086408605,1480.247343784651,13.423298076507042,10.25688785941172,handysize_bulker,handysize_bulker,power_driven,good,2672.1996266148813,-33.033862451834494,5.968884874668909,678.8846460035492,1.7155300821902293,False,True,False,7.913294918155597e-13,-7.913294918155597e-13,0.0,0,0.0,True,overtaking,0.0,0.0,0.0,,,0.0
overtaking_0041,overtaking,overtaking,give_way,rule_based,Rule-based COLREGS,678.8845086408605,1480.247343784651,13.423298076507042,10.25688785941172,handysize_bulker,handysize_bulker,power_driven,good,2672.1996266148813,-33.033862451834494,5.968884874668909,1665.1681963110357,4.600691838860219,True,True,False,-0.6008930545210439,2.8982111272310793,1972.3212891588248,56,35.00891085421025,False,overtaking,1.0,1.0,1.0,,,1.0
overtaking_0041,overtaking,overtaking,give_way,velocity_obstacle,Velocity obstacle,678.8845086408605,1480.247343784651,13.423298076507042,10.25688785941172,handysize_bulker,handysize_bulker,power_driven,good,2672.1996266148813,-33.033862451834494,5.968884874668909,1094.2575896813464,2.765158397536923,True,True,False,-0.019354708866886214,0.09341046854612838,445.21377911290944,18,5.000289633829657,True,overtaking,1.0,0.0,1.0,,,0.6666666666666666
overtaking_0041,overtaking,overtaking,give_way,mpc,MPC,678.8845086408605,1480.247343784651,13.423298076507042,10.25688785941172,handysize_bulker,handysize_bulker,power_driven,good,2672.1996266148813,-33.033862451834494,5.968884874668909,1040.7359232294389,2.6299238008009227,True,True,False,-3.5878728533781765,3.8121342596494077,694.4540527131114,149,13.58433212851507,True,overtaking,1.0,0.0,1.0,,,0.6666666666666666
overtaking_0042,overtaking,overtaking,give_way,no_action,No action (baseline),959.7785369350299,1446.1144752036466,15.526257227646113,8.512389806029686,vlcc,container_feeder,power_driven,good,5583.053164272232,3.565569755420583,-11.666842160308232,959.7878963298446,1.3027598482250773,True,True,False,-9.628744023653729e-13,9.628744023653729e-13,0.0,0,0.0,False,overtaking,0.0,0.0,0.0,,,0.0
overtaking_0042,overtaking,overtaking,give_way,rule_based,Rule-based COLREGS,959.7785369350299,1446.1144752036466,15.526257227646113,8.512389806029686,vlcc,container_feeder,power_driven,good,5583.053164272232,3.565569755420583,-11.666842160308232,959.7878963298446,1.3027598482250773,True,True,False,-9.628744023653729e-13,9.628744023653729e-13,0.0,0,0.0,False,overtaking,0.0,0.0,0.0,,,0.0
overtaking_0042,overtaking,overtaking,give_way,velocity_obstacle,Velocity obstacle,959.7785369350299,1446.1144752036466,15.526257227646113,8.512389806029686,vlcc,container_feeder,power_driven,good,5583.053164272232,3.565569755420583,-11.666842160308232,959.7878963298446,1.3027598482250773,True,True,False,-9.628744023653729e-13,9.628744023653729e-13,0.0,0,0.0,False,overtaking,0.0,0.0,0.0,,,0.0
overtaking_0042,overtaking,overtaking,give_way,mpc,MPC,959.7785369350299,1446.1144752036466,15.526257227646113,8.512389806029686,vlcc,container_feeder,power_driven,good,5583.053164272232,3.565569755420583,-11.666842160308232,959.7878963298446,1.3027598482250773,True,True,False,-9.628744023653729e-13,9.628744023653729e-13,0.0,0,0.0,False,overtaking,0.0,0.0,0.0,,,0.0
overtaking_0043,overtaking,overtaking,give_way,no_action,No action (baseline),1125.7949746873276,1358.923138217522,13.656560789037123,10.821464295501249,container_feeder,container_feeder,not_under_command,moderate,2286.9983346297017,-34.26472273572423,1.2552979626495109,1125.7960799331704,4.560531208705202,True,True,False,-8.642367584717692e-13,8.642367584717692e-13,0.0,0,0.0,True,overtaking,0.0,0.0,0.0,,,0.0
overtaking_0043,overtaking,overtaking,give_way,rule_based,Rule-based COLREGS,1125.7949746873276,1358.923138217522,13.656560789037123,10.821464295501249,container_feeder,container_feeder,not_under_command,moderate,2286.9983346297017,-34.26472273572423,1.2552979626495109,1125.7960799331704,4.560531208705202,True,True,False,-8.642367584717692e-13,8.642367584717692e-13,0.0,0,0.0,True,overtaking,0.0,0.0,0.0,,,0.0
overtaking_0043,overtaking,overtaking,give_way,velocity_obstacle,Velocity obstacle,1125.7949746873276,1358.923138217522,13.656560789037123,10.821464295501249,container_feeder,container_feeder,not_under_command,moderate,2286.9983346297017,-34.26472273572423,1.2552979626495109,1125.7960799331704,4.560531208705202,True,True,False,-8.642367584717692e-13,8.642367584717692e-13,0.0,0,0.0,True,overtaking,0.0,0.0,0.0,,,0.0
overtaking_0043,overtaking,overtaking,give_way,mpc,MPC,1125.7949746873276,1358.923138217522,13.656560789037123,10.821464295501249,container_feeder,container_feeder,not_under_command,moderate,2286.9983346297017,-34.26472273572423,1.2552979626495109,1125.7960799331704,4.560531208705202,True,True,False,-8.642367584717692e-13,8.642367584717692e-13,0.0,0,0.0,True,overtaking,0.0,0.0,0.0,,,0.0
overtaking_0044,overtaking,overtaking,give_way,no_action,No action (baseline),1020.5096468785799,1753.6916706705726,14.799294470079868,11.376113805632631,vlcc,container_feeder,power_driven,good,3360.3888049806455,4.317816024241757,4.134081478304758,1020.5124422310816,1.591707287373304,True,True,False,-1.555133497174511e-12,1.555133497174511e-12,0.0,0,0.0,False,overtaking,0.0,0.0,0.0,,,0.0
overtaking_0044,overtaking,overtaking,give_way,rule_based,Rule-based COLREGS,1020.5096468785799,1753.6916706705726,14.799294470079868,11.376113805632631,vlcc,container_feeder,power_driven,good,3360.3888049806455,4.317816024241757,4.134081478304758,1020.5124422310816,1.591707287373304,True,True,False,-1.555133497174511e-12,1.555133497174511e-12,0.0,0,0.0,False,overtaking,0.0,0.0,0.0,,,0.0
overtaking_0044,overtaking,overtaking,give_way,velocity_obstacle,Velocity obstacle,1020.5096468785799,1753.6916706705726,14.799294470079868,11.376113805632631,vlcc,container_feeder,power_driven,good,3360.3888049806455,4.317816024241757,4.134081478304758,1020.5124422310816,1.591707287373304,True,True,False,-1.555133497174511e-12,1.555133497174511e-12,0.0,0,0.0,False,overtaking,0.0,0.0,0.0,,,0.0
overtaking_0044,overtaking,overtaking,give_way,mpc,MPC,1020.5096468785799,1753.6916706705726,14.799294470079868,11.376113805632631,vlcc,container_feeder,power_driven,good,3360.3888049806455,4.317816024241757,4.134081478304758,1020.5124422310816,1.591707287373304,True,True,False,-1.555133497174511e-12,1.555133497174511e-12,0.0,0,0.0,False,overtaking,0.0,0.0,0.0,,,0.0
overtaking_0045,overtaking,overtaking,give_way,no_action,No action (baseline),1255.7267414277494,1030.6980049055248,13.66073841447042,9.261281066824825,vlcc,container_feeder,power_driven,good,2791.816187259007,-9.870514705439007,-8.4685131998788,1255.7278767959144,1.6984132714976536,True,True,False,-2.30392657070193e-13,2.30392657070193e-13,0.0,0,0.0,False,overtaking,0.0,0.0,0.0,,,0.0
overtaking_0045,overtaking,overtaking,give_way,rule_based,Rule-based COLREGS,1255.7267414277494,1030.6980049055248,13.66073841447042,9.261281066824825,vlcc,container_feeder,power_driven,good,2791.816187259007,-9.870514705439007,-8.4685131998788,1255.7278767959144,1.6984132714976536,True,True,False,-2.30392657070193e-13,2.30392657070193e-13,0.0,0,0.0,False,overtaking,0.0,0.0,0.0,,,0.0
overtaking_0045,overtaking,overtaking,give_way,velocity_obstacle,Velocity obstacle,1255.7267414277494,1030.6980049055248,13.66073841447042,9.261281066824825,vlcc,container_feeder,power_driven,good,2791.816187259007,-9.870514705439007,-8.4685131998788,1255.7278767959144,1.6984132714976536,True,True,False,-2.30392657070193e-13,2.30392657070193e-13,0.0,0,0.0,False,overtaking,0.0,0.0,0.0,,,0.0
overtaking_0045,overtaking,overtaking,give_way,mpc,MPC,1255.7267414277494,1030.6980049055248,13.66073841447042,9.261281066824825,vlcc,container_feeder,power_driven,good,2791.816187259007,-9.870514705439007,-8.4685131998788,1255.7278767959144,1.6984132714976536,True,True,False,-2.30392657070193e-13,2.30392657070193e-13,0.0,0,0.0,False,overtaking,0.0,0.0,0.0,,,0.0
overtaking_0046,overtaking,overtaking,give_way,no_action,No action (baseline),202.23920793202143,1712.859638653666,13.764514244463083,8.265352287698041,coastal_tanker,coastal_tanker,power_driven,good,5141.359485595623,-12.597928525783683,10.416786489028091,202.34106926997887,0.8216968479851788,False,False,False,5.430571462067588e-13,-5.430571462067588e-13,0.0,0,0.0,True,overtaking,0.0,0.0,0.0,,,0.0
overtaking_0046,overtaking,overtaking,give_way,rule_based,Rule-based COLREGS,202.23920793202143,1712.859638653666,13.764514244463083,8.265352287698041,coastal_tanker,coastal_tanker,power_driven,good,5141.359485595623,-12.597928525783683,10.416786489028091,1945.646848810285,7.759565996160668,True,True,False,-0.18170583465090095,2.941945561186302,2420.728006239635,52,34.999902468359075,True,overtaking,1.0,1.0,1.0,,,1.0
overtaking_0046,overtaking,overtaking,give_way,velocity_obstacle,Velocity obstacle,202.23920793202143,1712.859638653666,13.764514244463083,8.265352287698041,coastal_tanker,coastal_tanker,power_driven,good,5141.359485595623,-12.597928525783683,10.416786489028091,1086.9682057355694,4.436839668052712,True,True,False,-0.0176281917595052,0.44052379977287864,1369.0170651728172,28,9.999999990287847,True,overtaking,1.0,0.0,1.0,,,0.6666666666666666
overtaking_0046,overtaking,overtaking,give_way,mpc,MPC,202.23920793202143,1712.859638653666,13.764514244463083,8.265352287698041,coastal_tanker,coastal_tanker,power_driven,good,5141.359485595623,-12.597928525783683,10.416786489028091,1075.8970395757308,4.3701576377932225,True,True,False,-0.8020573204098842,1.721844758879888,1438.5340035241554,42,19.99994832639674,True,overtaking,1.0,0.0,1.0,,,0.6666666666666666
overtaking_0047,overtaking,overtaking,give_way,no_action,No action (baseline),496.37927474107954,1146.0330919325468,14.52630750599402,10.412863861294332,vlcc,handysize_bulker,restricted_manoeuvrability,good,2780.8402435483717,33.27082593598661,-10.024226035981968,496.3854028515089,0.5877629589571236,False,False,False,9.614483119169838e-13,-9.614483119169838e-13,0.0,0,0.0,True,overtaking,0.0,0.0,0.0,,,0.0
overtaking_0047,overtaking,overtaking,give_way,rule_based,Rule-based COLREGS,496.37927474107954,1146.0330919325468,14.52630750599402,10.412863861294332,vlcc,handysize_bulker,restricted_manoeuvrability,good,2780.8402435483717,33.27082593598661,-10.024226035981968,1691.633434527202,2.0030374623513003,True,True,False,-3.1748405773464374,4.977568952466442,1903.4410908334423,115,35.233526051735254,True,overtaking,0.0,1.0,1.0,,,0.6666666666666666
overtaking_0047,overtaking,overtaking,give_way,velocity_obstacle,Velocity obstacle,496.37927474107954,1146.0330919325468,14.52630750599402,10.412863861294332,vlcc,handysize_bulker,restricted_manoeuvrability,good,2780.8402435483717,33.27082593598661,-10.024226035981968,1101.5010363528572,0.93315314264025,True,False,False,-0.5493847286906638,1.3130294736872243,1591.5698420035512,49,20.76746810034334,False,overtaking,1.0,0.0,1.0,,,0.6666666666666666
overtaking_0047,overtaking,overtaking,give_way,mpc,MPC,496.37927474107954,1146.0330919325468,14.52630750599402,10.412863861294332,vlcc,handysize_bulker,restricted_manoeuvrability,good,2780.8402435483717,33.27082593598661,-10.024226035981968,1048.4520982665128,0.9910783178777413,True,False,False,-13.168679695643345,13.225210807616048,192.80774055018838,49,11.99539179496833,False,overtaking,1.0,0.0,1.0,,,0.6666666666666666
overtaking_0048,overtaking,overtaking,give_way,no_action,No action (baseline),1376.1959929383343,829.9904967938245,13.316849989717538,10.05319897579287,vlcc,container_feeder,power_driven,good,1959.6740324213529,-47.000162710970464,0.7771480167255795,1376.195993031057,2.5857732021266737,True,True,False,5.760841485972384e-13,-5.760841485972384e-13,0.0,0,0.0,True,overtaking,0.0,0.0,0.0,,,0.0
overtaking_0048,overtaking,overtaking,give_way,rule_based,Rule-based COLREGS,1376.1959929383343,829.9904967938245,13.316849989717538,10.05319897579287,vlcc,container_feeder,power_driven,good,1959.6740324213529,-47.000162710970464,0.7771480167255795,1376.195993031057,2.5857732021266737,True,True,False,5.760841485972384e-13,-5.760841485972384e-13,0.0,0,0.0,True,overtaking,0.0,0.0,0.0,,,0.0
overtaking_0048,overtaking,overtaking,give_way,velocity_obstacle,Velocity obstacle,1376.1959929383343,829.9904967938245,13.316849989717538,10.05319897579287,vlcc,container_feeder,power_driven,good,1959.6740324213529,-47.000162710970464,0.7771480167255795,1376.195993031057,2.5857732021266737,True,True,False,5.760841485972384e-13,-5.760841485972384e-13,0.0,0,0.0,True,overtaking,0.0,0.0,0.0,,,0.0
overtaking_0048,overtaking,overtaking,give_way,mpc,MPC,1376.1959929383343,829.9904967938245,13.316849989717538,10.05319897579287,vlcc,container_feeder,power_driven,good,1959.6740324213529,-47.000162710970464,0.7771480167255795,1376.195993031057,2.5857732021266737,True,True,False,5.760841485972384e-13,-5.760841485972384e-13,0.0,0,0.0,True,overtaking,0.0,0.0,0.0,,,0.0
overtaking_0049,overtaking,overtaking,give_way,no_action,No action (baseline),22.878886301912093,1105.810009428305,15.320682426860435,11.993639665463457,vlcc,handysize_bulker,power_driven,good,1893.9367951843117,2.434025906261896,-0.4834130331343829,22.920903125377098,0.04320436582975128,False,False,True,-1.425173355455167e-12,1.425173355455167e-12,0.0,0,0.0,True,overtaking,0.0,0.0,0.0,,,0.0
overtaking_0049,overtaking,overtaking,give_way,rule_based,Rule-based COLREGS,22.878886301912093,1105.810009428305,15.320682426860435,11.993639665463457,vlcc,handysize_bulker,power_driven,good,1893.9367951843117,2.434025906261896,-0.4834130331343829,1488.411962760258,1.139105311702672,True,True,False,-4.097976499542188,7.916558279185305,2622.003143885792,135,38.756815193608794,False,overtaking,1.0,1.0,1.0,,,1.0
overtaking_0049,overtaking,overtaking,give_way,velocity_obstacle,Velocity obstacle,22.878886301912093,1105.810009428305,15.320682426860435,11.993639665463457,vlcc,handysize_bulker,power_driven,good,1893.9367951843117,2.434025906261896,-0.4834130331343829,1106.719421107492,1.1841685453596233,True,True,False,-0.1467460047129524,0.45595606696394547,1131.5440751972058,22,10.820106180157202,True,overtaking,1.0,0.0,1.0,,,0.6666666666666666
overtaking_0049,overtaking,overtaking,give_way,mpc,MPC,22.878886301912093,1105.810009428305,15.320682426860435,11.993639665463457,vlcc,handysize_bulker,power_driven,good,1893.9367951843117,2.434025906261896,-0.4834130331343829,1034.3262229853988,1.2317813815605518,True,True,False,-11.66397463740058,11.851067476693911,961.118530839991,197,10.963881327579761,False,overtaking,1.0,0.0,1.0,,,0.6666666666666666
overtaking_0050,overtaking,overtaking,give_way,no_action,No action (baseline),806.1131553186796,638.1611559670066,14.364806066686102,8.560347147981933,vlcc,container_feeder,power_driven,moderate,2077.314593948377,27.103893266138275,-2.907689944470782,806.1320318163347,1.4677586423753428,False,True,False,-6.983823176859609e-13,6.983823176859609e-13,0.0,0,0.0,True,overtaking,0.0,0.0,0.0,,,0.0
overtaking_0050,overtaking,overtaking,give_way,rule_based,Rule-based COLREGS,806.1131553186796,638.1611559670066,14.364806066686102,8.560347147981933,vlcc,container_feeder,power_driven,moderate,2077.314593948377,27.103893266138275,-2.907689944470782,1945.4474050142042,2.335081215983756,True,True,False,-6.3099019672923555,7.946852582031536,2050.422741916179,158,31.298232872535603,False,overtaking,0.0,1.0,1.0,,,0.6666666666666666
overtaking_0050,overtaking,overtaking,give_way,velocity_obstacle,Velocity obstacle,806.1131553186796,638.1611559670066,14.364806066686102,8.560347147981933,vlcc,container_feeder,power_driven,moderate,2077.314593948377,27.103893266138275,-2.907689944470782,1099.6378921440719,0.9419911867240481,True,False,False,-3.37983098886991,4.659054755858489,1825.10118775908,128,28.49394291558434,False,overtaking,1.0,0.0,1.0,,,0.6666666666666666
overtaking_0050,overtaking,overtaking,give_way,mpc,MPC,806.1131553186796,638.1611559670066,14.364806066686102,8.560347147981933,vlcc,container_feeder,power_driven,moderate,2077.314593948377,27.103893266138275,-2.907689944470782,1011.7377344822382,0.9984695029708017,True,False,False,-10.509830661669955,11.422144291443498,1720.5766513368771,162,24.33998013047662,False,overtaking,1.0,0.0,1.0,,,0.6666666666666666
overtaking_0051,overtaking,overtaking,give_way,no_action,No action (baseline),419.19937963329795,819.9350888787736,14.930897823527953,11.064864446236054,vlcc,vlcc,power_driven,good,1698.2565085565718,-7.639452005719099,-2.340634196340231,419.19939987900847,0.7474546875231983,False,False,False,-9.880937810712099e-13,9.880937810712099e-13,0.0,0,0.0,True,overtaking,0.0,0.0,0.0,,,0.0
overtaking_0051,overtaking,overtaking,give_way,rule_based,Rule-based COLREGS,419.19937963329795,819.9350888787736,14.930897823527953,11.064864446236054,vlcc,vlcc,power_driven,good,1698.2565085565718,-7.639452005719099,-2.340634196340231,1638.4395651238262,1.2827420338495772,True,True,False,-1.8086383582878893,4.3961690776479925,2420.514400325686,84,37.944839817747614,False,overtaking,1.0,1.0,1.0,,,1.0
overtaking_0051,overtaking,overtaking,give_way,velocity_obstacle,Velocity obstacle,419.19937963329795,819.9350888787736,14.930897823527953,11.064864446236054,vlcc,vlcc,power_driven,good,1698.2565085565718,-7.639452005719099,-2.340634196340231,1105.009065455617,1.2240377326006149,True,True,False,-0.15163140282943774,0.32664199244056524,686.3821027190859,23,10.877256929117017,False,overtaking,1.0,0.0,1.0,,,0.6666666666666666
overtaking_0051,overtaking,overtaking,give_way,mpc,MPC,419.19937963329795,819.9350888787736,14.930897823527953,11.064864446236054,vlcc,vlcc,power_driven,good,1698.2565085565718,-7.639452005719099,-2.340634196340231,1027.8983646540971,1.2771566969507946,True,True,False,-5.752463320240499,5.866177571301498,430.4578079812538,85,14.87569896109826,False,overtaking,1.0,0.0,1.0,,,0.6666666666666666
overtaking_0052,overtaking,overtaking,give_way,no_action,No action (baseline),1273.850809645869,1412.603006869033,14.220018938830094,9.955689442880564,container_feeder,coastal_tanker,power_driven,good,3797.4605103688073,-4.970893587731229,11.865147181884314,1273.8652735240976,3.1429680962306867,True,True,False,-1.8536487794434095e-12,1.8536487794434095e-12,0.0,0,0.0,False,overtaking,0.0,0.0,0.0,,,0.0
overtaking_0052,overtaking,overtaking,give_way,rule_based,Rule-based COLREGS,1273.850809645869,1412.603006869033,14.220018938830094,9.955689442880564,container_feeder,coastal_tanker,power_driven,good,3797.4605103688073,-4.970893587731229,11.865147181884314,1273.8652735240976,3.1429680962306867,True,True,False,-1.8536487794434095e-12,1.8536487794434095e-12,0.0,0,0.0,False,overtaking,0.0,0.0,0.0,,,0.0
overtaking_0052,overtaking,overtaking,give_way,velocity_obstacle,Velocity obstacle,1273.850809645869,1412.603006869033,14.220018938830094,9.955689442880564,container_feeder,coastal_tanker,power_driven,good,3797.4605103688073,-4.970893587731229,11.865147181884314,1273.8652735240976,3.1429680962306867,True,True,False,-1.8536487794434095e-12,1.8536487794434095e-12,0.0,0,0.0,False,overtaking,0.0,0.0,0.0,,,0.0
overtaking_0052,overtaking,overtaking,give_way,mpc,MPC,1273.850809645869,1412.603006869033,14.220018938830094,9.955689442880564,container_feeder,coastal_tanker,power_driven,good,3797.4605103688073,-4.970893587731229,11.865147181884314,1273.8652735240976,3.1429680962306867,True,True,False,-1.8536487794434095e-12,1.8536487794434095e-12,0.0,0,0.0,False,overtaking,0.0,0.0,0.0,,,0.0
overtaking_0053,overtaking,overtaking,give_way,no_action,No action (baseline),1002.7489844077488,889.2678789255534,15.10394726883304,11.165330403914329,vlcc,container_feeder,power_driven,good,2062.932354626026,-30.718009809203885,0.5769288198886233,1002.7500828725415,1.8917654009778173,True,True,False,-1.1721275522999749e-13,1.1721275522999749e-13,0.0,0,0.0,True,overtaking,0.0,0.0,0.0,,,0.0
overtaking_0053,overtaking,overtaking,give_way,rule_based,Rule-based COLREGS,1002.7489844077488,889.2678789255534,15.10394726883304,11.165330403914329,vlcc,container_feeder,power_driven,good,2062.932354626026,-30.718009809203885,0.5769288198886233,1002.7500828725415,1.8917654009778173,True,True,False,-1.1721275522999749e-13,1.1721275522999749e-13,0.0,0,0.0,True,overtaking,0.0,0.0,0.0,,,0.0
overtaking_0053,overtaking,overtaking,give_way,velocity_obstacle,Velocity obstacle,1002.7489844077488,889.2678789255534,15.10394726883304,11.165330403914329,vlcc,container_feeder,power_driven,good,2062.932354626026,-30.718009809203885,0.5769288198886233,1002.7500828725415,1.8917654009778173,True,True,False,-1.1721275522999749e-13,1.1721275522999749e-13,0.0,0,0.0,True,overtaking,0.0,0.0,0.0,,,0.0
overtaking_0053,overtaking,overtaking,give_way,mpc,MPC,1002.7489844077488,889.2678789255534,15.10394726883304,11.165330403914329,vlcc,container_feeder,power_driven,good,2062.932354626026,-30.718009809203885,0.5769288198886233,1002.7500828725415,1.8917654009778173,True,True,False,-1.1721275522999749e-13,1.1721275522999749e-13,0.0,0,0.0,True,overtaking,0.0,0.0,0.0,,,0.0
overtaking_0054,overtaking,overtaking,give_way,no_action,No action (baseline),1215.190940709507,849.5693011062846,13.317064178561049,9.912647767638639,handysize_bulker,vlcc,power_driven,good,1934.1203212945306,46.30502816620126,-2.5572505586618988,1215.1911801387432,3.9237663355506935,True,True,False,-7.237863914384729e-13,7.237863914384729e-13,0.0,0,0.0,True,overtaking,0.0,0.0,0.0,,,0.0
overtaking_0054,overtaking,overtaking,give_way,rule_based,Rule-based COLREGS,1215.190940709507,849.5693011062846,13.317064178561049,9.912647767638639,handysize_bulker,vlcc,power_driven,good,1934.1203212945306,46.30502816620126,-2.5572505586618988,1215.1911801387432,3.9237663355506935,True,True,False,-7.237863914384729e-13,7.237863914384729e-13,0.0,0,0.0,True,overtaking,0.0,0.0,0.0,,,0.0
overtaking_0054,overtaking,overtaking,give_way,velocity_obstacle,Velocity obstacle,1215.190940709507,849.5693011062846,13.317064178561049,9.912647767638639,handysize_bulker,vlcc,power_driven,good,1934.1203212945306,46.30502816620126,-2.5572505586618988,1215.1911801387432,3.9237663355506935,True,True,False,-7.237863914384729e-13,7.237863914384729e-13,0.0,0,0.0,True,overtaking,0.0,0.0,0.0,,,0.0
overtaking_0054,overtaking,overtaking,give_way,mpc,MPC,1215.190940709507,849.5693011062846,13.317064178561049,9.912647767638639,handysize_bulker,vlcc,power_driven,good,1934.1203212945306,46.30502816620126,-2.5572505586618988,1215.1911801387432,3.9237663355506935,True,True,False,-7.237863914384729e-13,7.237863914384729e-13,0.0,0,0.0,True,overtaking,0.0,0.0,0.0,,,0.0
overtaking_0055,overtaking,overtaking,give_way,no_action,No action (baseline),1357.0732640623157,650.4460836314732,15.258373102046654,10.268571603845023,handysize_bulker,container_feeder,power_driven,good,2151.817525698599,-38.282130203710366,-0.3970433935205424,1357.0737473145207,4.706521711265243,True,True,False,1.6759379996404619e-12,-1.6759379996404619e-12,0.0,0,0.0,False,overtaking,0.0,0.0,0.0,,,0.0
overtaking_0055,overtaking,overtaking,give_way,rule_based,Rule-based COLREGS,1357.0732640623157,650.4460836314732,15.258373102046654,10.268571603845023,handysize_bulker,container_feeder,power_driven,good,2151.817525698599,-38.282130203710366,-0.3970433935205424,1357.0737473145207,4.706521711265243,True,True,False,1.6759379996404619e-12,-1.6759379996404619e-12,0.0,0,0.0,False,overtaking,0.0,0.0,0.0,,,0.0
overtaking_0055,overtaking,overtaking,give_way,velocity_obstacle,Velocity obstacle,1357.0732640623157,650.4460836314732,15.258373102046654,10.268571603845023,handysize_bulker,container_feeder,power_driven,good,2151.817525698599,-38.282130203710366,-0.3970433935205424,1357.0737473145207,4.706521711265243,True,True,False,1.6759379996404619e-12,-1.6759379996404619e-12,0.0,0,0.0,False,overtaking,0.0,0.0,0.0,,,0.0
overtaking_0055,overtaking,overtaking,give_way,mpc,MPC,1357.0732640623157,650.4460836314732,15.258373102046654,10.268571603845023,handysize_bulker,container_feeder,power_driven,good,2151.817525698599,-38.282130203710366,-0.3970433935205424,1357.0737473145207,4.706521711265243,True,True,False,1.6759379996404619e-12,-1.6759379996404619e-12,0.0,0,0.0,False,overtaking,0.0,0.0,0.0,,,0.0
overtaking_0056,overtaking,overtaking,give_way,no_action,No action (baseline),214.1897705799074,1523.3139487607732,15.561839995746087,8.267375835150311,container_feeder,container_feeder,power_driven,good,5720.665047521221,1.738607272648019,0.35923419803564904,214.2832084765874,0.8920490158907863,False,False,False,-6.320215471208409e-13,6.193811161784241e-13,0.0,0,0.0,True,overtaking,0.0,0.0,0.0,,,0.0
overtaking_0056,overtaking,overtaking,give_way,rule_based,Rule-based COLREGS,214.1897705799074,1523.3139487607732,15.561839995746087,8.267375835150311,container_feeder,container_feeder,power_driven,good,5720.665047521221,1.738607272648019,0.35923419803564904,2488.25144255776,5.327362880850231,True,True,False,-3.7567196008066173,5.269034353410344,2450.3789288871412,216,24.838746571397703,False,overtaking,0.0,0.0,1.0,,,0.3333333333333333
overtaking_0056,overtaking,overtaking,give_way,velocity_obstacle,Velocity obstacle,214.1897705799074,1523.3139487607732,15.561839995746087,8.267375835150311,container_feeder,container_feeder,power_driven,good,5720.665047521221,1.738607272648019,0.35923419803564904,1092.6745229221463,4.2654535148193435,True,True,False,-0.027487477089681488,0.3687596650136052,1314.9126444368458,31,9.999999324758205,True,overtaking,1.0,0.0,1.0,,,0.6666666666666666
overtaking_0056,overtaking,overtaking,give_way,mpc,MPC,214.1897705799074,1523.3139487607732,15.561839995746087,8.267375835150311,container_feeder,container_feeder,power_driven,good,5720.665047521221,1.738607272648019,0.35923419803564904,1078.3974230730164,4.49117575657076,True,True,False,-0.8856394530970018,1.5720907153902093,1295.8234872039463,61,19.998967480686225,True,overtaking,1.0,0.0,1.0,,,0.6666666666666666
overtaking_0057,overtaking,overtaking,give_way,no_action,No action (baseline),453.40152612996695,1064.5784852554243,13.14127815707504,8.763478214914247,container_feeder,vlcc,fishing,moderate,2501.4848743261473,0.08267095774747278,-5.372571475894076,453.40257240318334,1.6001125697930492,False,True,False,9.72968039666839e-13,-9.72968039666839e-13,0.0,0,0.0,True,overtaking,0.0,0.0,0.0,,,0.0
overtaking_0057,overtaking,overtaking,give_way,rule_based,Rule-based COLREGS,453.40152612996695,1064.5784852554243,13.14127815707504,8.763478214914247,container_feeder,vlcc,fishing,moderate,2501.4848743261473,0.08267095774747278,-5.372571475894076,1973.8393300778173,3.339181648068282,True,True,False,-0.3859939534269857,3.133948357408878,2296.4085917128878,54,34.999959602424795,False,overtaking,1.0,1.0,1.0,,,1.0
overtaking_0057,overtaking,overtaking,give_way,velocity_obstacle,Velocity obstacle,453.40152612996695,1064.5784852554243,13.14127815707504,8.763478214914247,container_feeder,vlcc,fishing,moderate,2501.4848743261473,0.08267095774747278,-5.372571475894076,1091.2351568660895,3.0121333553399627,True,True,False,-0.03599380574279004,0.17332226451074642,644.3176883461406,31,9.762277470534949,False,overtaking,1.0,0.0,1.0,,,0.6666666666666666
overtaking_0057,overtaking,overtaking,give_way,mpc,MPC,453.40152612996695,1064.5784852554243,13.14127815707504,8.763478214914247,container_feeder,vlcc,fishing,moderate,2501.4848743261473,0.08267095774747278,-5.372571475894076,1029.4233128942524,3.251366027997609,True,True,False,-5.940334207137923,6.026677089012185,313.85407578806996,83,13.304494387272069,False,overtaking,1.0,0.0,1.0,,,0.6666666666666666
overtaking_0058,overtaking,overtaking,give_way,no_action,No action (baseline),389.71043285020613,1697.808854152269,14.520858240596453,11.19707542213337,handysize_bulker,container_feeder,power_driven,good,3088.46594042498,9.03401388401048,-5.039182275869652,389.7304912795478,1.039631503490685,False,True,False,5.283176835151345e-13,-5.283176835151345e-13,0.0,0,0.0,True,overtaking,0.0,0.0,0.0,,,0.0
overtaking_0058,overtaking,overtaking,give_way,rule_based,Rule-based COLREGS,389.71043285020613,1697.808854152269,14.520858240596453,11.19707542213337,handysize_bulker,container_feeder,power_driven,good,3088.46594042498,9.03401388401048,-5.039182275869652,1589.6398824675969,2.3544306607611767,True,True,False,-3.9920138142837436,6.510464947231996,3081.5170671417122,212,29.360925510838758,False,overtaking,0.0,0.0,1.0,,,0.3333333333333333
overtaking_0058,overtaking,overtaking,give_way,velocity_obstacle,Velocity obstacle,389.71043285020613,1697.808854152269,14.520858240596453,11.19707542213337,handysize_bulker,container_feeder,power_driven,good,3088.46594042498,9.03401388401048,-5.039182275869652,1096.020589611361,2.1617874543690823,True,True,False,-0.047496069928619315,0.18357207122950708,724.7597396642867,32,9.720950167630775,False,overtaking,1.0,0.0,1.0,,,0.6666666666666666
overtaking_0058,overtaking,overtaking,give_way,mpc,MPC,389.71043285020613,1697.808854152269,14.520858240596453,11.19707542213337,handysize_bulker,container_feeder,power_driven,good,3088.46594042498,9.03401388401048,-5.039182275869652,1043.1713846736757,2.151102150696174,True,True,False,-8.678720440168524,8.678720440168524,0.0,0,0.0,False,overtaking,0.0,0.0,1.0,,,0.3333333333333333
overtaking_0059,overtaking,overtaking,give_way,no_action,No action (baseline),758.2596606666664,1404.0972270709685,15.779893243937266,9.029784514378711,vlcc,container_feeder,power_driven,good,4940.788565552822,-11.055741804664358,1.6673145449282352,758.2661582845391,1.419012923234974,False,True,False,4.3630160398937283e-13,-4.4876736410335493e-13,0.0,0,0.0,True,overtaking,0.0,0.0,0.0,,,0.0
overtaking_0059,overtaking,overtaking,give_way,rule_based,Rule-based COLREGS,758.2596606666664,1404.0972270709685,15.779893243937266,9.029784514378711,vlcc,container_feeder,power_driven,good,4940.788565552822,-11.055741804664358,1.6673145449282352,1490.1949827562955,2.788762546908642,True,True,False,-2.000952332208773,2.640541511105838,797.7158643560139,77,35.05320510625873,True,overtaking,1.0,1.0,1.0,,,1.0
overtaking_0059,overtaking,overtaking,give_way,velocity_obstacle,Velocity obstacle,758.2596606666664,1404.0972270709685,15.779893243937266,9.029784514378711,vlcc,container_feeder,power_driven,good,4940.788565552822,-11.055741804664358,1.6673145449282352,1106.5444197224122,2.070788763766915,True,True,False,-0.04769010273951563,0.09747750056229812,355.00383646480947,0,5.373293158356983,True,overtaking,1.0,0.0,1.0,,,0.6666666666666666
overtaking_0059,overtaking,overtaking,give_way,mpc,MPC,758.2596606666664,1404.0972270709685,15.779893243937266,9.029784514378711,vlcc,container_feeder,power_driven,good,4940.788565552822,-11.055741804664358,1.6673145449282352,1042.693115659573,1.9512869637023544,True,True,False,-2.782863577566663,2.838924741471068,322.72769465457196,52,10.13300854788318,True,overtaking,1.0,0.0,1.0,,,0.6666666666666666
overtaking_0060,overtaking,overtaking,give_way,no_action,No action (baseline),525.2068891925327,883.6469916893518,13.721744155200302,10.624589681094855,handysize_bulker,container_feeder,power_driven,good,1577.0173394679089,-3.0236406348996097,-4.995617330924715,525.2118243088127,1.398448587992304,False,True,False,2.006973065592884e-13,-2.006973065592884e-13,0.0,0,0.0,False,overtaking,0.0,0.0,0.0,,,0.0
overtaking_0060,overtaking,overtaking,give_way,rule_based,Rule-based COLREGS,525.2068891925327,883.6469916893518,13.721744155200302,10.624589681094855,handysize_bulker,container_feeder,power_driven,good,1577.0173394679089,-3.0236406348996097,-4.995617330924715,1521.2976567750068,2.1209461493490043,True,True,False,-0.5787508588000649,3.2790690485290086,2341.7304714831703,56,35.00121188910105,False,overtaking,1.0,1.0,1.0,,,1.0
overtaking_0060,overtaking,overtaking,give_way,velocity_obstacle,Velocity obstacle,525.2068891925327,883.6469916893518,13.721744155200302,10.624589681094855,handysize_bulker,container_feeder,power_driven,good,1577.0173394679089,-3.0236406348996097,-4.995617330924715,1094.9165648982676,1.9744455316824492,True,True,False,-0.05174473269510424,0.1999360454210055,582.5360171009153,35,9.999242304323811,False,overtaking,1.0,0.0,1.0,,,0.6666666666666666
overtaking_0060,overtaking,overtaking,give_way,mpc,MPC,525.2068891925327,883.6469916893518,13.721744155200302,10.624589681094855,handysize_bulker,container_feeder,power_driven,good,1577.0173394679089,-3.0236406348996097,-4.995617330924715,1036.8503032236092,1.900909396201699,True,True,False,-7.134909596662002,7.134909596662002,0.0,0,0.0,False,overtaking,0.0,0.0,1.0,,,0.3333333333333333
overtaking_0061,overtaking,overtaking,give_way,no_action,No action (baseline),1121.3958198774728,697.6304875987162,14.714945858927628,8.11423775296301,handysize_bulker,coastal_tanker,power_driven,good,2712.2206802522687,36.48334068911019,-10.206393928108767,1121.4271890527416,2.940170767434311,True,True,False,1.0560664571539785e-12,-1.0560664571539785e-12,0.0,0,0.0,True,overtaking,0.0,0.0,0.0,,,0.0
overtaking_0061,overtaking,overtaking,give_way,rule_based,Rule-based COLREGS,1121.3958198774728,697.6304875987162,14.714945858927628,8.11423775296301,handysize_bulker,coastal_tanker,power_driven,good,2712.2206802522687,36.48334068911019,-10.206393928108767,1121.4271890527416,2.940170767434311,True,True,False,1.0560664571539785e-12,-1.0560664571539785e-12,0.0,0,0.0,True,overtaking,0.0,0.0,0.0,,,0.0
overtaking_0061,overtaking,overtaking,give_way,velocity_obstacle,Velocity obstacle,1121.3958198774728,697.6304875987162,14.714945858927628,8.11423775296301,handysize_bulker,coastal_tanker,power_driven,good,2712.2206802522687,36.48334068911019,-10.206393928108767,1121.4271890527416,2.940170767434311,True,True,False,1.0560664571539785e-12,-1.0560664571539785e-12,0.0,0,0.0,True,overtaking,0.0,0.0,0.0,,,0.0
overtaking_0061,overtaking,overtaking,give_way,mpc,MPC,1121.3958198774728,697.6304875987162,14.714945858927628,8.11423775296301,handysize_bulker,coastal_tanker,power_driven,good,2712.2206802522687,36.48334068911019,-10.206393928108767,1121.4271890527416,2.940170767434311,True,True,False,1.0560664571539785e-12,-1.0560664571539785e-12,0.0,0,0.0,True,overtaking,0.0,0.0,0.0,,,0.0
overtaking_0062,overtaking,overtaking,give_way,no_action,No action (baseline),731.716436741539,804.1641480711389,14.327785021857023,8.574143494856326,coastal_tanker,vlcc,fishing,good,2650.697929581636,0.09480663450637497,11.369041451531423,731.7212284749837,2.8660197818699205,False,True,False,1.7573316830476956e-12,-1.7573316830476956e-12,0.0,0,0.0,False,overtaking,0.0,0.0,0.0,,,0.0
overtaking_0062,overtaking,overtaking,give_way,rule_based,Rule-based COLREGS,731.716436741539,804.1641480711389,14.327785021857023,8.574143494856326,coastal_tanker,vlcc,fishing,good,2650.697929581636,0.09480663450637497,11.369041451531423,2003.7540642168578,5.656048459537029,True,True,False,-0.39644070233125966,4.661448057830327,3680.96322097598,65,34.99999983049357,False,overtaking,1.0,1.0,1.0,,,1.0
overtaking_0062,overtaking,overtaking,give_way,velocity_obstacle,Velocity obstacle,731.716436741539,804.1641480711389,14.327785021857023,8.574143494856326,coastal_tanker,vlcc,fishing,good,2650.697929581636,0.09480663450637497,11.369041451531423,1088.3383725051633,4.305935025575653,True,True,False,-0.049484371027055496,1.1280685574038778,1989.4973496665928,52,19.997322001367255,True,overtaking,1.0,0.0,1.0,,,0.6666666666666666
overtaking_0062,overtaking,overtaking,give_way,mpc,MPC,731.716436741539,804.1641480711389,14.327785021857023,8.574143494856326,coastal_tanker,vlcc,fishing,good,2650.697929581636,0.09480663450637497,11.369041451531423,1039.247512018464,3.628233426527614,True,True,False,-4.255910987481792,4.255910987481792,0.0,0,0.0,False,overtaking,0.0,0.0,1.0,,,0.3333333333333333
overtaking_0063,overtaking,overtaking,give_way,no_action,No action (baseline),328.5853829360252,963.2343153294873,15.767376850946283,12.516615728605036,vlcc,container_feeder,fishing,good,2110.3866183771675,-43.21954732245178,10.907328194010347,328.6076025010535,0.3262397183936447,False,False,False,-1.3348951525615269e-12,1.3348951525615269e-12,0.0,0,0.0,True,overtaking,0.0,0.0,0.0,,,0.0
overtaking_0063,overtaking,overtaking,give_way,rule_based,Rule-based COLREGS,328.5853829360252,963.2343153294873,15.767376850946283,12.516615728605036,vlcc,container_feeder,fishing,good,2110.3866183771675,-43.21954732245178,10.907328194010347,1356.3282516269742,1.3463340048080137,True,True,False,-1.64816946494512,3.639561298704047,2004.0372056846497,78,37.625275093883076,True,overtaking,1.0,1.0,1.0,,,1.0
overtaking_0063,overtaking,overtaking,give_way,velocity_obstacle,Velocity obstacle,328.5853829360252,963.2343153294873,15.767376850946283,12.516615728605036,vlcc,container_feeder,fishing,good,2110.3866183771675,-43.21954732245178,10.907328194010347,1090.434268160162,1.0779504597656757,True,True,False,-0.13834091667099221,0.34198176365228694,989.67320980679,25,10.756004733828256,True,overtaking,1.0,0.0,1.0,,,0.6666666666666666
overtaking_0063,overtaking,overtaking,give_way,mpc,MPC,328.5853829360252,963.2343153294873,15.767376850946283,12.516615728605036,vlcc,container_feeder,fishing,good,2110.3866183771675,-43.21954732245178,10.907328194010347,923.2262597345558,0.9163506733530805,False,False,False,-11.844415538256486,12.939576028559154,3311.783721748217,462,21.694703684592128,True,overtaking,1.0,0.0,1.0,,,0.6666666666666666
overtaking_0064,overtaking,overtaking,give_way,no_action,No action (baseline),506.7332878439528,1303.6562812152324,14.791608814353978,10.336783620056673,vlcc,handysize_bulker,fishing,good,3037.3099480040996,-6.312246472138142,-1.4213293025911113,506.7426893109225,0.9431607207270339,False,False,False,8.777106110601356e-13,-8.777106110601356e-13,0.0,0,0.0,True,overtaking,0.0,0.0,0.0,,,0.0
overtaking_0064,overtaking,overtaking,give_way,rule_based,Rule-based COLREGS,506.7332878439528,1303.6562812152324,14.791608814353978,10.336783620056673,vlcc,handysize_bulker,fishing,good,3037.3099480040996,-6.312246472138142,-1.4213293025911113,2045.4424928296476,1.6736873111576631,True,True,False,-1.8327416173857771,4.11678510258081,2134.4742699919507,84,38.00056674886287,False,overtaking,1.0,1.0,1.0,,,1.0
overtaking_0064,overtaking,overtaking,give_way,velocity_obstacle,Velocity obstacle,506.7332878439528,1303.6562812152324,14.791608814353978,10.336783620056673,vlcc,handysize_bulker,fishing,good,3037.3099480040996,-6.312246472138142,-1.4213293025911113,1104.0776623923648,1.782912710087951,True,True,False,-0.05272376223109259,0.14569813559424274,602.5553962817005,0,5.44687324551075,True,overtaking,1.0,0.0,1.0,,,0.6666666666666666
overtaking_0064,overtaking,overtaking,give_way,mpc,MPC,506.7332878439528,1303.6562812152324,14.791608814353978,10.336783620056673,vlcc,handysize_bulker,fishing,good,3037.3099480040996,-6.312246472138142,-1.4213293025911113,1023.1834872413731,1.7917176567664637,True,True,False,-7.256898614314463,7.3429359532531056,412.4627016676024,105,9.728042091993167,True,overtaking,1.0,0.0,1.0,,,0.6666666666666666
overtaking_0065,overtaking,overtaking,give_way,no_action,No action (baseline),62.83107389390774,1651.038912982631,15.825148041130966,11.75636232599879,container_feeder,handysize_bulker,restricted_manoeuvrability,good,3530.939779883144,11.158259493632626,-3.568168039476234,62.870333566341735,0.23015743751683582,False,False,True,-1.479183337289282e-12,1.479183337289282e-12,0.0,0,0.0,True,overtaking,0.0,0.0,0.0,,,0.0
overtaking_0065,overtaking,overtaking,give_way,rule_based,Rule-based COLREGS,62.83107389390774,1651.038912982631,15.825148041130966,11.75636232599879,container_feeder,handysize_bulker,restricted_manoeuvrability,good,3530.939779883144,11.158259493632626,-3.568168039476234,1834.1993431544058,3.690546394703434,True,True,False,-2.4660065144401764,4.242733841251657,2577.1393195705605,185,27.544499928485482,False,overtaking,0.0,0.0,1.0,,,0.3333333333333333
overtaking_0065,overtaking,overtaking,give_way,velocity_obstacle,Velocity obstacle,62.83107389390774,1651.038912982631,15.825148041130966,11.75636232599879,container_feeder,handysize_bulker,restricted_manoeuvrability,good,3530.939779883144,11.158259493632626,-3.568168039476234,1096.9142629075923,2.7053797355343,True,True,False,-0.026783683299016668,0.31890761851938987,1163.9370988423736,31,9.999991620152775,False,overtaking,1.0,0.0,1.0,,,0.6666666666666666
overtaking_0065,overtaking,overtaking,give_way,mpc,MPC,62.83107389390774,1651.038912982631,15.825148041130966,11.75636232599879,container_feeder,handysize_bulker,restricted_manoeuvrability,good,3530.939779883144,11.158259493632626,-3.568168039476234,1030.7806605260346,2.935178483471354,True,True,False,-7.476815464186337,7.773352938464913,704.4357117662353,77,19.766772341874237,False,overtaking,1.0,0.0,1.0,,,0.6666666666666666
overtaking_0066,overtaking,overtaking,give_way,no_action,No action (baseline),735.1429305423964,1702.7017347562587,14.832863163057176,10.929135159143845,container_feeder,coastal_tanker,power_driven,good,4063.1853336494696,-15.826137175630612,10.639046415883577,735.1627181970792,1.8012989490222047,False,True,False,-4.77419701042702e-13,4.77419701042702e-13,0.0,0,0.0,False,overtaking,0.0,0.0,0.0,,,0.0
overtaking_0066,overtaking,overtaking,give_way,rule_based,Rule-based COLREGS,735.1429305423964,1702.7017347562587,14.832863163057176,10.929135159143845,container_feeder,coastal_tanker,power_driven,good,4063.1853336494696,-15.826137175630612,10.639046415883577,1440.0273172784632,3.528453123324586,True,True,False,-0.3067612673790945,3.384372583778821,2883.1209841201116,56,34.99998528017509,True,overtaking,1.0,1.0,1.0,,,1.0
overtaking_0066,overtaking,overtaking,give_way,velocity_obstacle,Velocity obstacle,735.1429305423964,1702.7017347562587,14.832863163057176,10.929135159143845,container_feeder,coastal_tanker,power_driven,good,4063.1853336494696,-15.826137175630612,10.639046415883577,1091.8927477519399,2.681387035135119,True,True,False,-0.056172738986588686,0.7809657133125775,2145.4769313441207,43,14.96438120802164,True,overtaking,1.0,0.0,1.0,,,0.6666666666666666
overtaking_0066,overtaking,overtaking,give_way,mpc,MPC,735.1429305423964,1702.7017347562587,14.832863163057176,10.929135159143845,container_feeder,coastal_tanker,power_driven,good,4063.1853336494696,-15.826137175630612,10.639046415883577,1056.6081838558962,2.5889785622983417,True,True,False,-2.6495132127956986,2.6495132127956986,0.0,0,0.0,False,overtaking,0.0,0.0,1.0,,,0.3333333333333333
overtaking_0067,overtaking,overtaking,give_way,no_action,No action (baseline),1295.9602897094442,1633.936115730178,14.915910130661139,11.727813138428498,vlcc,handysize_bulker,power_driven,good,3089.997223425107,-9.616875080887635,-4.2731028384873815,1295.9615767508983,1.9512565059128786,True,True,False,1.0945892039200229e-12,-1.0945892039200229e-12,0.0,0,0.0,False,overtaking,0.0,0.0,0.0,,,0.0
overtaking_0067,overtaking,overtaking,give_way,rule_based,Rule-based COLREGS,1295.9602897094442,1633.936115730178,14.915910130661139,11.727813138428498,vlcc,handysize_bulker,power_driven,good,3089.997223425107,-9.616875080887635,-4.2731028384873815,1295.9615767508983,1.9512565059128786,True,True,False,1.0945892039200229e-12,-1.0945892039200229e-12,0.0,0,0.0,False,overtaking,0.0,0.0,0.0,,,0.0
overtaking_0067,overtaking,overtaking,give_way,velocity_obstacle,Velocity obstacle,1295.9602897094442,1633.936115730178,14.915910130661139,11.727813138428498,vlcc,handysize_bulker,power_driven,good,3089.997223425107,-9.616875080887635,-4.2731028384873815,1295.9615767508983,1.9512565059128786,True,True,False,1.0945892039200229e-12,-1.0945892039200229e-12,0.0,0,0.0,False,overtaking,0.0,0.0,0.0,,,0.0
overtaking_0067,overtaking,overtaking,give_way,mpc,MPC,1295.9602897094442,1633.936115730178,14.915910130661139,11.727813138428498,vlcc,handysize_bulker,power_driven,good,3089.997223425107,-9.616875080887635,-4.2731028384873815,1295.9615767508983,1.9512565059128786,True,True,False,1.0945892039200229e-12,-1.0945892039200229e-12,0.0,0,0.0,False,overtaking,0.0,0.0,0.0,,,0.0
overtaking_0068,overtaking,overtaking,give_way,no_action,No action (baseline),936.680859409163,1296.7527386926101,14.939197050335938,8.993220184529484,coastal_tanker,vlcc,fishing,good,4270.546566560834,1.019636210343947,-9.460038778863375,936.6977891021618,3.954329418563026,True,True,False,1.4352318656954334e-12,-1.4352318656954334e-12,0.0,0,0.0,False,overtaking,0.0,0.0,0.0,,,0.0
overtaking_0068,overtaking,overtaking,give_way,rule_based,Rule-based COLREGS,936.680859409163,1296.7527386926101,14.939197050335938,8.993220184529484,coastal_tanker,vlcc,fishing,good,4270.546566560834,1.019636210343947,-9.460038778863375,936.6977891021618,3.954329418563026,True,True,False,1.4352318656954334e-12,-1.4352318656954334e-12,0.0,0,0.0,False,overtaking,0.0,0.0,0.0,,,0.0
overtaking_0068,overtaking,overtaking,give_way,velocity_obstacle,Velocity obstacle,936.680859409163,1296.7527386926101,14.939197050335938,8.993220184529484,coastal_tanker,vlcc,fishing,good,4270.546566560834,1.019636210343947,-9.460038778863375,936.6977891021618,3.954329418563026,True,True,False,1.4352318656954334e-12,-1.4352318656954334e-12,0.0,0,0.0,False,overtaking,0.0,0.0,0.0,,,0.0
overtaking_0068,overtaking,overtaking,give_way,mpc,MPC,936.680859409163,1296.7527386926101,14.939197050335938,8.993220184529484,coastal_tanker,vlcc,fishing,good,4270.546566560834,1.019636210343947,-9.460038778863375,936.6977891021618,3.954329418563026,True,True,False,1.4352318656954334e-12,-1.4352318656954334e-12,0.0,0,0.0,False,overtaking,0.0,0.0,0.0,,,0.0
overtaking_0069,overtaking,overtaking,give_way,no_action,No action (baseline),713.7638955867897,702.2196918220576,13.922995042683656,8.702673871778671,vlcc,handysize_bulker,power_driven,good,2177.4334986315544,-37.44400620679577,11.861606851412478,713.793514326225,0.8863734672383885,False,False,False,5.792606325869503e-13,-5.792606325869503e-13,0.0,0,0.0,True,overtaking,0.0,0.0,0.0,,,0.0
overtaking_0069,overtaking,overtaking,give_way,rule_based,Rule-based COLREGS,713.7638955867897,702.2196918220576,13.922995042683656,8.702673871778671,vlcc,handysize_bulker,power_driven,good,2177.4334986315544,-37.44400620679577,11.861606851412478,2032.263906964464,2.9119806488084223,True,True,False,-2.022056700523663,4.4720217477052655,2144.997589799832,87,38.340157944490485,True,overtaking,1.0,1.0,1.0,,,1.0
overtaking_0069,overtaking,overtaking,give_way,velocity_obstacle,Velocity obstacle,713.7638955867897,702.2196918220576,13.922995042683656,8.702673871778671,vlcc,handysize_bulker,power_driven,good,2177.4334986315544,-37.44400620679577,11.861606851412478,1092.9599608006506,1.3656816961684546,True,True,False,-0.057981650578878996,0.1269337865646833,424.746432083571,0,5.516300525882059,True,overtaking,1.0,0.0,1.0,,,0.6666666666666666
overtaking_0069,overtaking,overtaking,give_way,mpc,MPC,713.7638955867897,702.2196918220576,13.922995042683656,8.702673871778671,vlcc,handysize_bulker,power_driven,good,2177.4334986315544,-37.44400620679577,11.861606851412478,1037.5042978110193,1.2930850463072658,True,True,False,-2.3281263287167735,2.462601362879046,561.6643022372923,67,14.179435332827378,True,overtaking,1.0,0.0,1.0,,,0.6666666666666666
overtaking_0070,overtaking,overtaking,give_way,no_action,No action (baseline),1278.307043670842,810.6512115570746,12.990159979052331,9.363701951712521,container_feeder,container_feeder,restricted_manoeuvrability,moderate,2098.410010452676,16.84659429857298,8.65697882430404,1278.30774266553,3.542595968418534,True,True,False,-9.842868500329839e-13,9.842868500329839e-13,0.0,0,0.0,False,overtaking,0.0,0.0,0.0,,,0.0
overtaking_0070,overtaking,overtaking,give_way,rule_based,Rule-based COLREGS,1278.307043670842,810.6512115570746,12.990159979052331,9.363701951712521,container_feeder,container_feeder,restricted_manoeuvrability,moderate,2098.410010452676,16.84659429857298,8.65697882430404,1278.30774266553,3.542595968418534,True,True,False,-9.842868500329839e-13,9.842868500329839e-13,0.0,0,0.0,False,overtaking,0.0,0.0,0.0,,,0.0
overtaking_0070,overtaking,overtaking,give_way,velocity_obstacle,Velocity obstacle,1278.307043670842,810.6512115570746,12.990159979052331,9.363701951712521,container_feeder,container_feeder,restricted_manoeuvrability,moderate,2098.410010452676,16.84659429857298,8.65697882430404,1278.30774266553,3.542595968418534,True,True,False,-9.842868500329839e-13,9.842868500329839e-13,0.0,0,0.0,False,overtaking,0.0,0.0,0.0,,,0.0
overtaking_0070,overtaking,overtaking,give_way,mpc,MPC,1278.307043670842,810.6512115570746,12.990159979052331,9.363701951712521,container_feeder,container_feeder,restricted_manoeuvrability,moderate,2098.410010452676,16.84659429857298,8.65697882430404,1278.30774266553,3.542595968418534,True,True,False,-9.842868500329839e-13,9.842868500329839e-13,0.0,0,0.0,False,overtaking,0.0,0.0,0.0,,,0.0
overtaking_0071,overtaking,overtaking,give_way,no_action,No action (baseline),1357.6977409243498,775.1325882861179,15.827776324846283,11.040347703986827,vlcc,coastal_tanker,power_driven,good,2547.2164467024686,9.511711186180705,10.888558930687086,1357.6977909747998,1.5927075474138128,True,True,False,-6.835426396688948e-13,6.835426396688948e-13,0.0,0,0.0,False,overtaking,0.0,0.0,0.0,,,0.0
overtaking_0071,overtaking,overtaking,give_way,rule_based,Rule-based COLREGS,1357.6977409243498,775.1325882861179,15.827776324846283,11.040347703986827,vlcc,coastal_tanker,power_driven,good,2547.2164467024686,9.511711186180705,10.888558930687086,1357.6977909747998,1.5927075474138128,True,True,False,-6.835426396688948e-13,6.835426396688948e-13,0.0,0,0.0,False,overtaking,0.0,0.0,0.0,,,0.0
overtaking_0071,overtaking,overtaking,give_way,velocity_obstacle,Velocity obstacle,1357.6977409243498,775.1325882861179,15.827776324846283,11.040347703986827,vlcc,coastal_tanker,power_driven,good,2547.2164467024686,9.511711186180705,10.888558930687086,1357.6977909747998,1.5927075474138128,True,True,False,-6.835426396688948e-13,6.835426396688948e-13,0.0,0,0.0,False,overtaking,0.0,0.0,0.0,,,0.0
overtaking_0071,overtaking,overtaking,give_way,mpc,MPC,1357.6977409243498,775.1325882861179,15.827776324846283,11.040347703986827,vlcc,coastal_tanker,power_driven,good,2547.2164467024686,9.511711186180705,10.888558930687086,1357.6977909747998,1.5927075474138128,True,True,False,-6.835426396688948e-13,6.835426396688948e-13,0.0,0,0.0,False,overtaking,0.0,0.0,0.0,,,0.0
overtaking_0072,overtaking,overtaking,give_way,no_action,No action (baseline),1120.66420739355,909.4617882729115,15.800689491699902,10.936805683266677,coastal_tanker,container_feeder,fishing,good,2536.796749747414,-26.827716066334705,0.27186267145595977,1120.665016704392,6.363444446144983,True,True,False,1.7304600905551243e-12,-1.7304600905551243e-12,0.0,0,0.0,True,overtaking,0.0,0.0,0.0,,,0.0
overtaking_0072,overtaking,overtaking,give_way,rule_based,Rule-based COLREGS,1120.66420739355,909.4617882729115,15.800689491699902,10.936805683266677,coastal_tanker,container_feeder,fishing,good,2536.796749747414,-26.827716066334705,0.27186267145595977,1120.665016704392,6.363444446144983,True,True,False,1.7304600905551243e-12,-1.7304600905551243e-12,0.0,0,0.0,True,overtaking,0.0,0.0,0.0,,,0.0
overtaking_0072,overtaking,overtaking,give_way,velocity_obstacle,Velocity obstacle,1120.66420739355,909.4617882729115,15.800689491699902,10.936805683266677,coastal_tanker,container_feeder,fishing,good,2536.796749747414,-26.827716066334705,0.27186267145595977,1120.665016704392,6.363444446144983,True,True,False,1.7304600905551243e-12,-1.7304600905551243e-12,0.0,0,0.0,True,overtaking,0.0,0.0,0.0,,,0.0
overtaking_0072,overtaking,overtaking,give_way,mpc,MPC,1120.66420739355,909.4617882729115,15.800689491699902,10.936805683266677,coastal_tanker,container_feeder,fishing,good,2536.796749747414,-26.827716066334705,0.27186267145595977,1120.665016704392,6.363444446144983,True,True,False,1.7304600905551243e-12,-1.7304600905551243e-12,0.0,0,0.0,True,overtaking,0.0,0.0,0.0,,,0.0
overtaking_0073,overtaking,overtaking,give_way,no_action,No action (baseline),1460.3224615059773,1335.3480253339822,11.846590291184821,8.139647798514094,coastal_tanker,vlcc,power_driven,good,3161.4741845486433,47.7319654733538,-9.98148922373312,1460.322644361401,5.4373471987708335,True,True,False,-4.9813919187246984e-14,4.9813919187246984e-14,0.0,0,0.0,True,overtaking,0.0,0.0,0.0,,,0.0
overtaking_0073,overtaking,overtaking,give_way,rule_based,Rule-based COLREGS,1460.3224615059773,1335.3480253339822,11.846590291184821,8.139647798514094,coastal_tanker,vlcc,power_driven,good,3161.4741845486433,47.7319654733538,-9.98148922373312,1460.322644361401,5.4373471987708335,True,True,False,-4.9813919187246984e-14,4.9813919187246984e-14,0.0,0,0.0,True,overtaking,0.0,0.0,0.0,,,0.0
overtaking_0073,overtaking,overtaking,give_way,velocity_obstacle,Velocity obstacle,1460.3224615059773,1335.3480253339822,11.846590291184821,8.139647798514094,coastal_tanker,vlcc,power_driven,good,3161.4741845486433,47.7319654733538,-9.98148922373312,1460.322644361401,5.4373471987708335,True,True,False,-4.9813919187246984e-14,4.9813919187246984e-14,0.0,0,0.0,True,overtaking,0.0,0.0,0.0,,,0.0
overtaking_0073,overtaking,overtaking,give_way,mpc,MPC,1460.3224615059773,1335.3480253339822,11.846590291184821,8.139647798514094,coastal_tanker,vlcc,power_driven,good,3161.4741845486433,47.7319654733538,-9.98148922373312,1460.322644361401,5.4373471987708335,True,True,False,-4.9813919187246984e-14,4.9813919187246984e-14,0.0,0,0.0,True,overtaking,0.0,0.0,0.0,,,0.0
overtaking_0074,overtaking,overtaking,give_way,no_action,No action (baseline),866.771274995454,940.1737178679484,13.250018514407245,8.352610601710513,vlcc,vlcc,power_driven,good,2526.029410829089,17.444034323908536,1.5407535777722465,866.7713858645562,1.6193494430610058,False,True,False,5.492980596822081e-13,-5.492980596822081e-13,0.0,0,0.0,True,overtaking,0.0,0.0,0.0,,,0.0
overtaking_0074,overtaking,overtaking,give_way,rule_based,Rule-based COLREGS,866.771274995454,940.1737178679484,13.250018514407245,8.352610601710513,vlcc,vlcc,power_driven,good,2526.029410829089,17.444034323908536,1.5407535777722465,2209.8743985488973,2.164127433214447,True,True,False,-6.236419312717314,7.187034553338071,1289.3707503505393,137,29.494755732619748,False,overtaking,0.0,0.0,1.0,,,0.3333333333333333
overtaking_0074,overtaking,overtaking,give_way,velocity_obstacle,Velocity obstacle,866.771274995454,940.1737178679484,13.250018514407245,8.352610601710513,vlcc,vlcc,power_driven,good,2526.029410829089,17.444034323908536,1.5407535777722465,1103.5764208716837,1.1451527767220284,True,True,False,-0.5735176243889435,1.8646126783753503,1993.5654063778297,61,22.27447719815808,True,overtaking,1.0,0.0,1.0,,,0.6666666666666666
overtaking_0074,overtaking,overtaking,give_way,mpc,MPC,866.771274995454,940.1737178679484,13.250018514407245,8.352610601710513,vlcc,vlcc,power_driven,good,2526.029410829089,17.444034323908536,1.5407535777722465,1020.6040276783792,1.885374947446115,True,True,False,-13.769123783026519,13.769123783026519,0.0,0,0.0,True,overtaking,0.0,0.0,1.0,,,0.3333333333333333
overtaking_0075,overtaking,overtaking,give_way,no_action,No action (baseline),392.0479647751538,1652.5801060986537,11.599792167672376,8.827805022163604,handysize_bulker,handysize_bulker,not_under_command,good,2511.9626882737025,-24.80043300361323,5.171386816185681,392.06479948683705,1.05219830550459,False,True,False,5.765693275045775e-13,-5.765693275045775e-13,0.0,0,0.0,True,overtaking,0.0,0.0,0.0,,,0.0
overtaking_0075,overtaking,overtaking,give_way,rule_based,Rule-based COLREGS,392.0479647751538,1652.5801060986537,11.599792167672376,8.827805022163604,handysize_bulker,handysize_bulker,not_under_command,good,2511.9626882737025,-24.80043300361323,5.171386816185681,1363.8647895165632,3.275798417749662,True,True,False,-0.7792109970047053,4.128265257530886,2414.4636469401,62,35.35737818614103,False,overtaking,1.0,1.0,1.0,,,1.0
overtaking_0075,overtaking,overtaking,give_way,velocity_obstacle,Velocity obstacle,392.0479647751538,1652.5801060986537,11.599792167672376,8.827805022163604,handysize_bulker,handysize_bulker,not_under_command,good,2511.9626882737025,-24.80043300361323,5.171386816185681,1090.7811179745734,2.926767623959174,True,True,False,-0.06834798322845141,0.26073831158453503,742.1291090642436,36,10.072779438374356,True,overtaking,1.0,0.0,1.0,,,0.6666666666666666
overtaking_0075,overtaking,overtaking,give_way,mpc,MPC,392.0479647751538,1652.5801060986537,11.599792167672376,8.827805022163604,handysize_bulker,handysize_bulker,not_under_command,good,2511.9626882737025,-24.80043300361323,5.171386816185681,1051.7284164503596,2.8226608257856873,True,True,False,-5.0566261993798225,5.473772040023081,1018.9242209754527,234,15.333567213408319,True,overtaking,1.0,0.0,1.0,,,0.6666666666666666
overtaking_0076,overtaking,overtaking,give_way,no_action,No action (baseline),683.579656640312,1632.3515374792037,12.862725388795354,9.692413385100076,container_feeder,vlcc,power_driven,good,3355.6156809946146,-42.1466092572627,11.78298093269862,683.5960394829901,1.5523310934809749,False,True,False,7.340591653132049e-13,-7.340591653132049e-13,0.0,0,0.0,True,overtaking,0.0,0.0,0.0,,,0.0
overtaking_0076,overtaking,overtaking,give_way,rule_based,Rule-based COLREGS,683.579656640312,1632.3515374792037,12.862725388795354,9.692413385100076,container_feeder,vlcc,power_driven,good,3355.6156809946146,-42.1466092572627,11.78298093269862,1883.4529573702425,4.486674031838528,True,True,False,-0.40091537400236965,2.6453174794328773,1867.111446897698,54,34.99960350497722,True,overtaking,1.0,1.0,1.0,,,1.0
overtaking_0076,overtaking,overtaking,give_way,velocity_obstacle,Velocity obstacle,683.579656640312,1632.3515374792037,12.862725388795354,9.692413385100076,container_feeder,vlcc,power_driven,good,3355.6156809946146,-42.1466092572627,11.78298093269862,1089.5475912821814,2.4742239680038107,True,True,False,-0.014021660025157664,0.09825000431351616,484.3505507757949,16,4.999999989066901,True,overtaking,0.0,0.0,1.0,,,0.3333333333333333
overtaking_0076,overtaking,overtaking,give_way,mpc,MPC,683.579656640312,1632.3515374792037,12.862725388795354,9.692413385100076,container_feeder,vlcc,power_driven,good,3355.6156809946146,-42.1466092572627,11.78298093269862,1035.9029422714648,2.352421154318838,True,True,False,-0.4348914515385375,0.6847818810978457,503.9944474219405,67,19.601575301447014,True,overtaking,1.0,0.0,1.0,,,0.6666666666666666
overtaking_0077,overtaking,overtaking,give_way,no_action,No action (baseline),523.243755944176,762.1138037751195,14.525306687875451,8.162590497064881,container_feeder,container_feeder,power_driven,good,2552.1913237922554,-14.064110205996775,1.743262581879467,523.2896243858148,2.153178512758953,False,True,False,-8.125475132337055e-14,8.125475132337055e-14,0.0,0,0.0,True,overtaking,0.0,0.0,0.0,,,0.0
overtaking_0077,overtaking,overtaking,give_way,rule_based,Rule-based COLREGS,523.243755944176,762.1138037751195,14.525306687875451,8.162590497064881,container_feeder,container_feeder,power_driven,good,2552.1913237922554,-14.064110205996775,1.743262581879467,2346.794038081249,4.914821904364165,True,True,False,-0.31986308716476014,2.4664032353841194,2029.3580005875674,56,34.9990452489467,False,overtaking,1.0,1.0,1.0,,,1.0
overtaking_0077,overtaking,overtaking,give_way,velocity_obstacle,Velocity obstacle,523.243755944176,762.1138037751195,14.525306687875451,8.162590497064881,container_feeder,container_feeder,power_driven,good,2552.1913237922554,-14.064110205996775,1.743262581879467,1090.8714802049672,4.382711526851377,True,True,False,-0.03062712782022021,0.14974303637593014,575.4542446579076,30,9.841445475234243,True,overtaking,1.0,0.0,1.0,,,0.6666666666666666
overtaking_0077,overtaking,overtaking,give_way,mpc,MPC,523.243755944176,762.1138037751195,14.525306687875451,8.162590497064881,container_feeder,container_feeder,power_driven,good,2552.1913237922554,-14.064110205996775,1.743262581879467,1051.9912340194815,4.328988013069591,True,True,False,-0.256461832204198,0.5045296849118006,534.4358217091327,56,19.573079974138142,True,overtaking,1.0,0.0,1.0,,,0.6666666666666666
overtaking_0078,overtaking,overtaking,give_way,no_action,No action (baseline),1134.18543132264,751.5757123410266,11.285700586504685,8.680240913742946,coastal_tanker,handysize_bulker,power_driven,good,1708.3512127784886,9.153222719725768,11.783706349565477,1134.1885938705339,3.418155123983448,True,True,False,-3.8345727591290014e-13,3.8345727591290014e-13,0.0,0,0.0,False,overtaking,0.0,0.0,0.0,,,0.0
overtaking_0078,overtaking,overtaking,give_way,rule_based,Rule-based COLREGS,1134.18543132264,751.5757123410266,11.285700586504685,8.680240913742946,coastal_tanker,handysize_bulker,power_driven,good,1708.3512127784886,9.153222719725768,11.783706349565477,1134.1885938705339,3.418155123983448,True,True,False,-3.8345727591290014e-13,3.8345727591290014e-13,0.0,0,0.0,False,overtaking,0.0,0.0,0.0,,,0.0
overtaking_0078,overtaking,overtaking,give_way,velocity_obstacle,Velocity obstacle,1134.18543132264,751.5757123410266,11.285700586504685,8.680240913742946,coastal_tanker,handysize_bulker,power_driven,good,1708.3512127784886,9.153222719725768,11.783706349565477,1134.1885938705339,3.418155123983448,True,True,False,-3.8345727591290014e-13,3.8345727591290014e-13,0.0,0,0.0,False,overtaking,0.0,0.0,0.0,,,0.0
overtaking_0078,overtaking,overtaking,give_way,mpc,MPC,1134.18543132264,751.5757123410266,11.285700586504685,8.680240913742946,coastal_tanker,handysize_bulker,power_driven,good,1708.3512127784886,9.153222719725768,11.783706349565477,1134.1885938705339,3.418155123983448,True,True,False,-3.8345727591290014e-13,3.8345727591290014e-13,0.0,0,0.0,False,overtaking,0.0,0.0,0.0,,,0.0
overtaking_0079,overtaking,overtaking,give_way,no_action,No action (baseline),793.0771892238129,835.5532722420273,11.736575049198262,8.183746592839093,vlcc,handysize_bulker,power_driven,good,1905.3165216473333,1.494510471893865,11.142086099171443,793.0780188593637,0.9205222531300206,False,False,False,-4.860483170242726e-13,4.860483170242726e-13,0.0,0,0.0,False,overtaking,0.0,0.0,0.0,,,0.0
overtaking_0079,overtaking,overtaking,give_way,rule_based,Rule-based COLREGS,793.0771892238129,835.5532722420273,11.736575049198262,8.183746592839093,vlcc,handysize_bulker,power_driven,good,1905.3165216473333,1.494510471893865,11.142086099171443,1666.1620733785956,1.3845363019108228,True,True,False,-5.636896678304731,12.722910286494232,4477.945105751842,157,39.29529640855769,True,overtaking,1.0,1.0,1.0,,,1.0
overtaking_0079,overtaking,overtaking,give_way,velocity_obstacle,Velocity obstacle,793.0771892238129,835.5532722420273,11.736575049198262,8.183746592839093,vlcc,handysize_bulker,power_driven,good,1905.3165216473333,1.494510471893865,11.142086099171443,1095.2930793350688,1.2612834628635918,True,True,False,-0.9405203004931125,2.653228512636521,2298.2590903061932,53,27.007339655858758,True,overtaking,1.0,0.0,1.0,,,0.6666666666666666
overtaking_0079,overtaking,overtaking,give_way,mpc,MPC,793.0771892238129,835.5532722420273,11.736575049198262,8.183746592839093,vlcc,handysize_bulker,power_driven,good,1905.3165216473333,1.494510471893865,11.142086099171443,1038.2844472837808,1.1298080291232002,True,True,False,-2.8789986091801234,2.8789986091801234,0.0,0,0.0,False,overtaking,0.0,0.0,1.0,,,0.3333333333333333
overtaking_0080,overtaking,overtaking,give_way,no_action,No action (baseline),569.9078839876478,1680.1249466861882,12.750003377638318,9.767432305710605,vlcc,vlcc,power_driven,moderate,3052.3576407186797,-37.22820546313184,9.108643073737444,569.9079276183609,0.6477194226574398,False,False,False,-1.6508070079301979e-12,1.6508070079301979e-12,0.0,0,0.0,True,overtaking,0.0,0.0,0.0,,,0.0
overtaking_0080,overtaking,overtaking,give_way,rule_based,Rule-based COLREGS,569.9078839876478,1680.1249466861882,12.750003377638318,9.767432305710605,vlcc,vlcc,power_driven,moderate,3052.3576407186797,-37.22820546313184,9.108643073737444,1633.8072886380783,2.3168284389986344,True,True,False,-2.3267333029825474,5.136882282789388,2235.093860343192,95,38.79782528892523,True,overtaking,1.0,1.0,1.0,,,1.0
overtaking_0080,overtaking,overtaking,give_way,velocity_obstacle,Velocity obstacle,569.9078839876478,1680.1249466861882,12.750003377638318,9.767432305710605,vlcc,vlcc,power_driven,moderate,3052.3576407186797,-37.22820546313184,9.108643073737444,1093.2070232130886,1.2423753979859482,True,True,False,-0.06642283147892222,0.1771868292106471,613.5907550418522,0,5.617829085009532,True,overtaking,1.0,0.0,1.0,,,0.6666666666666666
overtaking_0080,overtaking,overtaking,give_way,mpc,MPC,569.9078839876478,1680.1249466861882,12.750003377638318,9.767432305710605,vlcc,vlcc,power_driven,moderate,3052.3576407186797,-37.22820546313184,9.108643073737444,1025.910644683953,1.166232151864223,True,True,False,-8.309358206886632,8.776181041664694,1545.6985014591564,239,14.356993267995767,True,overtaking,1.0,0.0,1.0,,,0.6666666666666666
overtaking_0081,overtaking,overtaking,give_way,no_action,No action (baseline),873.8915485574458,1743.6963363945988,12.719424681170066,9.944170848313089,coastal_tanker,container_feeder,power_driven,good,2796.415730252225,-36.15586000094781,5.264481367088184,873.8938052661892,3.6851590063242594,False,True,False,-4.4849061127245275e-13,4.4849061127245275e-13,0.0,0,0.0,True,overtaking,0.0,0.0,0.0,,,0.0
overtaking_0081,overtaking,overtaking,give_way,rule_based,Rule-based COLREGS,873.8915485574458,1743.6963363945988,12.719424681170066,9.944170848313089,coastal_tanker,container_feeder,power_driven,good,2796.415730252225,-36.15586000094781,5.264481367088184,1606.4407690904927,7.867767792819407,True,True,False,-0.18050332485117096,2.382638263790241,1824.5270154697273,54,34.99889692313302,False,overtaking,1.0,1.0,1.0,,,1.0
overtaking_0081,overtaking,overtaking,give_way,velocity_obstacle,Velocity obstacle,873.8915485574458,1743.6963363945988,12.719424681170066,9.944170848313089,coastal_tanker,container_feeder,power_driven,good,2796.415730252225,-36.15586000094781,5.264481367088184,1090.2107114561963,4.597351216141757,True,True,False,-0.008681757984872746,0.04667458784594339,230.93170600973122,14,4.999237368800384,True,overtaking,0.0,0.0,1.0,,,0.3333333333333333
overtaking_0081,overtaking,overtaking,give_way,mpc,MPC,873.8915485574458,1743.6963363945988,12.719424681170066,9.944170848313089,coastal_tanker,container_feeder,power_driven,good,2796.415730252225,-36.15586000094781,5.264481367088184,1066.1844940560454,4.496047176278703,True,True,False,-2.034922727043946,2.1645515126184485,367.0349539950609,80,15.001190685985755,True,overtaking,1.0,0.0,1.0,,,0.6666666666666666
overtaking_0082,overtaking,overtaking,give_way,no_action,No action (baseline),442.422854921835,1145.2784213790464,13.85443098377846,8.449846700705677,handysize_bulker,handysize_bulker,power_driven,good,3417.3063485116845,-22.861588149691606,10.428550227014078,442.423621827362,1.0867490954069188,False,True,False,7.099113779320334e-13,-7.099113779320334e-13,0.0,0,0.0,True,overtaking,0.0,0.0,0.0,,,0.0
overtaking_0082,overtaking,overtaking,give_way,rule_based,Rule-based COLREGS,442.422854921835,1145.2784213790464,13.85443098377846,8.449846700705677,handysize_bulker,handysize_bulker,power_driven,good,3417.3063485116845,-22.861588149691606,10.428550227014078,1780.2101805475443,4.372804436888187,True,True,False,-0.5679413725306385,2.2624648546864443,1547.6831796919412,56,35.000247889088484,True,overtaking,1.0,1.0,1.0,,,1.0
overtaking_0082,overtaking,overtaking,give_way,velocity_obstacle,Velocity obstacle,442.422854921835,1145.2784213790464,13.85443098377846,8.449846700705677,handysize_bulker,handysize_bulker,power_driven,good,3417.3063485116845,-22.861588149691606,10.428550227014078,1093.699728367036,2.689779496553196,True,True,False,-0.01846120756570328,0.13110511089310098,686.2546998019935,18,5.000001893102577,True,overtaking,1.0,0.0,1.0,,,0.6666666666666666
overtaking_0082,overtaking,overtaking,give_way,mpc,MPC,442.422854921835,1145.2784213790464,13.85443098377846,8.449846700705677,handysize_bulker,handysize_bulker,power_driven,good,3417.3063485116845,-22.861588149691606,10.428550227014078,1046.7794738940902,2.5712490528903493,True,True,False,-0.8745622511425837,1.216017673430413,712.8863704061196,90,19.938257077414686,True,overtaking,1.0,0.0,1.0,,,0.6666666666666666
overtaking_0083,overtaking,overtaking,give_way,no_action,No action (baseline),31.417830879867825,869.1425918644081,14.60699821909921,11.685251158730246,handysize_bulker,handysize_bulker,power_driven,good,1322.3238529771127,6.502308121704529,-1.9838110472203745,31.444884813746473,0.10164245472930103,False,False,True,9.157370007155613e-13,-9.157370007155613e-13,0.0,0,0.0,True,overtaking,0.0,0.0,0.0,,,0.0
overtaking_0083,overtaking,overtaking,give_way,rule_based,Rule-based COLREGS,31.417830879867825,869.1425918644081,14.60699821909921,11.685251158730246,handysize_bulker,handysize_bulker,power_driven,good,1322.3238529771127,6.502308121704529,-1.9838110472203745,1277.5323274160146,1.8976706226553839,True,True,False,-4.539257854574987,6.508037265525587,2674.056216140064,195,27.02121517757021,False,overtaking,0.0,0.0,1.0,,,0.3333333333333333
overtaking_0083,overtaking,overtaking,give_way,velocity_obstacle,Velocity obstacle,31.417830879867825,869.1425918644081,14.60699821909921,11.685251158730246,handysize_bulker,handysize_bulker,power_driven,good,1322.3238529771127,6.502308121704529,-1.9838110472203745,1091.1816207218321,1.6250418488614093,True,True,False,-0.1423082827012203,0.6068756296875335,1055.3022579655062,56,19.711005896291784,False,overtaking,1.0,0.0,1.0,,,0.6666666666666666
overtaking_0083,overtaking,overtaking,give_way,mpc,MPC,31.417830879867825,869.1425918644081,14.60699821909921,11.685251158730246,handysize_bulker,handysize_bulker,power_driven,good,1322.3238529771127,6.502308121704529,-1.9838110472203745,1030.5538084297973,1.6250418488614093,True,True,False,-7.203841692664183,7.539570945592687,727.5494378454484,88,19.899629260298088,False,overtaking,1.0,0.0,1.0,,,0.6666666666666666
overtaking_0084,overtaking,overtaking,give_way,no_action,No action (baseline),867.8759900084416,1195.687455955916,13.973182968746155,10.124410111313043,container_feeder,coastal_tanker,power_driven,restricted,2942.378102208361,44.326349964245054,-11.897146204628893,867.8774953469948,2.058743124853311,False,True,False,-6.898005878770911e-13,6.898005878770911e-13,0.0,0,0.0,True,overtaking,0.0,0.0,0.0,,,0.0
overtaking_0084,overtaking,overtaking,give_way,rule_based,Rule-based COLREGS,867.8759900084416,1195.687455955916,13.973182968746155,10.124410111313043,container_feeder,coastal_tanker,power_driven,restricted,2942.378102208361,44.326349964245054,-11.897146204628893,1030.8467373456524,1.725966020002166,True,True,False,-0.8028621267110474,6.09304129975073,3490.0139300027913,104,39.99147402977486,False,overtaking,1.0,1.0,1.0,,,1.0
overtaking_0084,overtaking,overtaking,give_way,velocity_obstacle,Velocity obstacle,867.8759900084416,1195.687455955916,13.973182968746155,10.124410111313043,container_feeder,coastal_tanker,power_driven,restricted,2942.378102208361,44.326349964245054,-11.897146204628893,1083.5626388043363,1.8569816600974542,True,True,False,-0.1344391634373794,1.5164543690615622,2015.4983303413774,73,24.94703707048215,False,overtaking,1.0,0.0,1.0,,,0.6666666666666666
overtaking_0084,overtaking,overtaking,give_way,mpc,MPC,867.8759900084416,1195.687455955916,13.973182968746155,10.124410111313043,container_feeder,coastal_tanker,power_driven,restricted,2942.378102208361,44.326349964245054,-11.897146204628893,1047.4547135859991,2.005756155763505,True,True,False,-9.487574809430093,9.914989212958496,840.605357891839,79,19.88263260990964,False,overtaking,1.0,0.0,1.0,,,0.6666666666666666
overtaking_0085,overtaking,overtaking,give_way,no_action,No action (baseline),1074.870462145043,1070.6377599213963,15.112544638422218,9.183009051584579,container_feeder,handysize_bulker,power_driven,good,3444.101250352431,-20.930985342528384,1.7759073480591514,1074.8722293618957,4.4073049644000974,True,True,False,-8.720874406090919e-13,8.720874406090919e-13,0.0,0,0.0,True,overtaking,0.0,0.0,0.0,,,0.0
overtaking_0085,overtaking,overtaking,give_way,rule_based,Rule-based COLREGS,1074.870462145043,1070.6377599213963,15.112544638422218,9.183009051584579,container_feeder,handysize_bulker,power_driven,good,3444.101250352431,-20.930985342528384,1.7759073480591514,1074.8722293618957,4.4073049644000974,True,True,False,-8.720874406090919e-13,8.720874406090919e-13,0.0,0,0.0,True,overtaking,0.0,0.0,0.0,,,0.0
overtaking_0085,overtaking,overtaking,give_way,velocity_obstacle,Velocity obstacle,1074.870462145043,1070.6377599213963,15.112544638422218,9.183009051584579,container_feeder,handysize_bulker,power_driven,good,3444.101250352431,-20.930985342528384,1.7759073480591514,1074.8722293618957,4.4073049644000974,True,True,False,-8.720874406090919e-13,8.720874406090919e-13,0.0,0,0.0,True,overtaking,0.0,0.0,0.0,,,0.0
overtaking_0085,overtaking,overtaking,give_way,mpc,MPC,1074.870462145043,1070.6377599213963,15.112544638422218,9.183009051584579,container_feeder,handysize_bulker,power_driven,good,3444.101250352431,-20.930985342528384,1.7759073480591514,1074.8722293618957,4.4073049644000974,True,True,False,-8.720874406090919e-13,8.720874406090919e-13,0.0,0,0.0,True,overtaking,0.0,0.0,0.0,,,0.0
overtaking_0086,overtaking,overtaking,give_way,no_action,No action (baseline),797.2182478824692,794.2296061766158,15.365461416149262,9.550521549023788,container_feeder,coastal_tanker,power_driven,good,2599.7499122865297,-30.553929272265222,8.011441863640659,797.2218611457491,2.5810013572038284,False,True,False,-1.3442081327687768e-12,1.3442081327687768e-12,0.0,0,0.0,True,overtaking,0.0,0.0,0.0,,,0.0
overtaking_0086,overtaking,overtaking,give_way,rule_based,Rule-based COLREGS,797.2182478824692,794.2296061766158,15.365461416149262,9.550521549023788,container_feeder,coastal_tanker,power_driven,good,2599.7499122865297,-30.553929272265222,8.011441863640659,2023.2143927432664,6.550019832458712,True,True,False,-0.2869631413840283,1.5546914250228754,1356.2520172766235,54,34.94438839590014,True,overtaking,1.0,1.0,1.0,,,1.0
overtaking_0086,overtaking,overtaking,give_way,velocity_obstacle,Velocity obstacle,797.2182478824692,794.2296061766158,15.365461416149262,9.550521549023788,container_feeder,coastal_tanker,power_driven,good,2599.7499122865297,-30.553929272265222,8.011441863640659,1096.209298482728,3.5489258837992286,True,True,False,-0.011120005970746716,0.053966249005719016,309.9435033721828,16,4.999783143071351,True,overtaking,0.0,0.0,1.0,,,0.3333333333333333
overtaking_0086,overtaking,overtaking,give_way,mpc,MPC,797.2182478824692,794.2296061766158,15.365461416149262,9.550521549023788,container_feeder,coastal_tanker,power_driven,good,2599.7499122865297,-30.553929272265222,8.011441863640659,1021.0827541149843,3.3057212732323196,True,True,False,-0.11524136213098639,0.19913517824634916,242.22005027040868,37,16.71991885237551,True,overtaking,1.0,0.0,1.0,,,0.6666666666666666
overtaking_0087,overtaking,overtaking,give_way,no_action,No action (baseline),600.0304286106244,743.7329892086823,15.627112929169279,8.06417746423098,vlcc,handysize_bulker,power_driven,good,2965.526869814362,8.169454301886118,3.29802577123915,600.0508255781109,1.0967524429151807,False,True,False,-9.566601148146642e-13,9.566601148146642e-13,0.0,0,0.0,True,overtaking,0.0,0.0,0.0,,,0.0
overtaking_0087,overtaking,overtaking,give_way,rule_based,Rule-based COLREGS,600.0304286106244,743.7329892086823,15.627112929169279,8.06417746423098,vlcc,handysize_bulker,power_driven,good,2965.526869814362,8.169454301886118,3.29802577123915,2552.3855410426727,2.1676210315499964,True,True,False,-7.704619321163503,8.792181861328087,1825.4437178424707,173,27.39239214900468,False,overtaking,0.0,0.0,1.0,,,0.3333333333333333
overtaking_0087,overtaking,overtaking,give_way,velocity_obstacle,Velocity obstacle,600.0304286106244,743.7329892086823,15.627112929169279,8.06417746423098,vlcc,handysize_bulker,power_driven,good,2965.526869814362,8.169454301886118,3.29802577123915,1102.884990056397,1.5092336636433088,True,True,False,-0.4681393135936558,1.3750533742389675,1757.6406285930993,60,21.591713978890112,True,overtaking,1.0,0.0,1.0,,,0.6666666666666666
overtaking_0087,overtaking,overtaking,give_way,mpc,MPC,600.0304286106244,743.7329892086823,15.627112929169279,8.06417746423098,vlcc,handysize_bulker,power_driven,good,2965.526869814362,8.169454301886118,3.29802577123915,1010.0218795817128,1.4125152375434997,True,True,False,-6.612670013459378,7.677688405963912,1968.2274116288572,142,26.817519407597647,True,overtaking,1.0,0.0,1.0,,,0.6666666666666666
overtaking_0088,overtaking,overtaking,give_way,no_action,No action (baseline),996.0510310657929,990.1604480852023,12.738540819964726,10.044009803180757,container_feeder,coastal_tanker,power_driven,good,1703.3956840983642,-41.6804044243151,1.5896789765358772,996.0510562340122,3.9768380384814397,True,True,False,9.574031066950897e-13,-9.574031066950897e-13,0.0,0,0.0,True,overtaking,0.0,0.0,0.0,,,0.0
overtaking_0088,overtaking,overtaking,give_way,rule_based,Rule-based COLREGS,996.0510310657929,990.1604480852023,12.738540819964726,10.044009803180757,container_feeder,coastal_tanker,power_driven,good,1703.3956840983642,-41.6804044243151,1.5896789765358772,996.0510562340122,3.9768380384814397,True,True,False,9.574031066950897e-13,-9.574031066950897e-13,0.0,0,0.0,True,overtaking,0.0,0.0,0.0,,,0.0
overtaking_0088,overtaking,overtaking,give_way,velocity_obstacle,Velocity obstacle,996.0510310657929,990.1604480852023,12.738540819964726,10.044009803180757,container_feeder,coastal_tanker,power_driven,good,1703.3956840983642,-41.6804044243151,1.5896789765358772,996.0510562340122,3.9768380384814397,True,True,False,9.574031066950897e-13,-9.574031066950897e-13,0.0,0,0.0,True,overtaking,0.0,0.0,0.0,,,0.0
overtaking_0088,overtaking,overtaking,give_way,mpc,MPC,996.0510310657929,990.1604480852023,12.738540819964726,10.044009803180757,container_feeder,coastal_tanker,power_driven,good,1703.3956840983642,-41.6804044243151,1.5896789765358772,996.0510562340122,3.9768380384814397,True,True,False,9.574031066950897e-13,-9.574031066950897e-13,0.0,0,0.0,True,overtaking,0.0,0.0,0.0,,,0.0
overtaking_0089,overtaking,overtaking,give_way,no_action,No action (baseline),1010.572203287793,930.0450413472502,14.709269907534068,10.433214605538838,container_feeder,vlcc,power_driven,good,2352.5121253567195,12.34642440093528,5.532655261096387,1010.5722085248636,3.397985018126503,True,True,False,-1.043100879452103e-12,1.043100879452103e-12,0.0,0,0.0,False,overtaking,0.0,0.0,0.0,,,0.0
overtaking_0089,overtaking,overtaking,give_way,rule_based,Rule-based COLREGS,1010.572203287793,930.0450413472502,14.709269907534068,10.433214605538838,container_feeder,vlcc,power_driven,good,2352.5121253567195,12.34642440093528,5.532655261096387,1010.5722085248636,3.397985018126503,True,True,False,-1.043100879452103e-12,1.043100879452103e-12,0.0,0,0.0,False,overtaking,0.0,0.0,0.0,,,0.0
overtaking_0089,overtaking,overtaking,give_way,velocity_obstacle,Velocity obstacle,1010.572203287793,930.0450413472502,14.709269907534068,10.433214605538838,container_feeder,vlcc,power_driven,good,2352.5121253567195,12.34642440093528,5.532655261096387,1010.5722085248636,3.397985018126503,True,True,False,-1.043100879452103e-12,1.043100879452103e-12,0.0,0,0.0,False,overtaking,0.0,0.0,0.0,,,0.0
overtaking_0089,overtaking,overtaking,give_way,mpc,MPC,1010.572203287793,930.0450413472502,14.709269907534068,10.433214605538838,container_feeder,vlcc,power_driven,good,2352.5121253567195,12.34642440093528,5.532655261096387,1010.5722085248636,3.397985018126503,True,True,False,-1.043100879452103e-12,1.043100879452103e-12,0.0,0,0.0,False,overtaking,0.0,0.0,0.0,,,0.0
overtaking_0090,overtaking,overtaking,give_way,no_action,No action (baseline),11.502680170140888,711.4691811402328,15.402313341619665,10.865873405900317,coastal_tanker,handysize_bulker,power_driven,good,1691.630974148915,8.845614602664549,-3.9141648354286485,12.02138151196047,0.059279719875149434,False,False,True,7.535097622657834e-13,-7.535097622657834e-13,0.0,0,0.0,True,overtaking,0.0,0.0,0.0,,,0.0
overtaking_0090,overtaking,overtaking,give_way,rule_based,Rule-based COLREGS,11.502680170140888,711.4691811402328,15.402313341619665,10.865873405900317,coastal_tanker,handysize_bulker,power_driven,good,1691.630974148915,8.845614602664549,-3.9141648354286485,1031.7883913500734,2.367341435605756,True,True,False,-1.7238536066303622,9.149658392924827,2595.481929282875,222,59.32567185488972,False,overtaking,1.0,1.0,1.0,,,1.0
overtaking_0090,overtaking,overtaking,give_way,velocity_obstacle,Velocity obstacle,11.502680170140888,711.4691811402328,15.402313341619665,10.865873405900317,coastal_tanker,handysize_bulker,power_driven,good,1691.630974148915,8.845614602664549,-3.9141648354286485,1082.7134713554397,2.9311791360361283,True,True,False,-0.04257672527038749,0.5004922340619529,1078.5419708254676,50,18.19676924271264,False,overtaking,1.0,0.0,1.0,,,0.6666666666666666
overtaking_0090,overtaking,overtaking,give_way,mpc,MPC,11.502680170140888,711.4691811402328,15.402313341619665,10.865873405900317,coastal_tanker,handysize_bulker,power_driven,good,1691.630974148915,8.845614602664549,-3.9141648354286485,1040.8106687402137,3.0317862198375622,True,True,False,-0.3268989335805152,0.828533807917086,1004.5662933311241,69,19.238859238178705,False,overtaking,1.0,0.0,1.0,,,0.6666666666666666
overtaking_0091,overtaking,overtaking,give_way,no_action,No action (baseline),1057.4203205672063,993.6252200618571,14.417567194680952,10.949739578138972,vlcc,vlcc,power_driven,good,2087.0260702047544,39.039115630684094,-2.754477688336653,1057.423251177439,1.8256138018580446,True,True,False,-1.5008024395635467e-12,1.5008024395635467e-12,0.0,0,0.0,True,overtaking,0.0,0.0,0.0,,,0.0
overtaking_0091,overtaking,overtaking,give_way,rule_based,Rule-based COLREGS,1057.4203205672063,993.6252200618571,14.417567194680952,10.949739578138972,vlcc,vlcc,power_driven,good,2087.0260702047544,39.039115630684094,-2.754477688336653,1057.423251177439,1.8256138018580446,True,True,False,-1.5008024395635467e-12,1.5008024395635467e-12,0.0,0,0.0,True,overtaking,0.0,0.0,0.0,,,0.0
overtaking_0091,overtaking,overtaking,give_way,velocity_obstacle,Velocity obstacle,1057.4203205672063,993.6252200618571,14.417567194680952,10.949739578138972,vlcc,vlcc,power_driven,good,2087.0260702047544,39.039115630684094,-2.754477688336653,1057.423251177439,1.8256138018580446,True,True,False,-1.5008024395635467e-12,1.5008024395635467e-12,0.0,0,0.0,True,overtaking,0.0,0.0,0.0,,,0.0
overtaking_0091,overtaking,overtaking,give_way,mpc,MPC,1057.4203205672063,993.6252200618571,14.417567194680952,10.949739578138972,vlcc,vlcc,power_driven,good,2087.0260702047544,39.039115630684094,-2.754477688336653,1057.423251177439,1.8256138018580446,True,True,False,-1.5008024395635467e-12,1.5008024395635467e-12,0.0,0,0.0,True,overtaking,0.0,0.0,0.0,,,0.0
overtaking_0092,overtaking,overtaking,give_way,no_action,No action (baseline),166.49496143787462,645.2155060028855,12.551610569986345,9.356062810732148,container_feeder,container_feeder,power_driven,good,1077.8441450291148,4.484159009972498,1.5081357515728353,166.4953413657203,0.6752003370487921,False,False,False,1.0970373395066838e-12,-1.0970373395066838e-12,0.0,0,0.0,True,overtaking,0.0,0.0,0.0,,,0.0
overtaking_0092,overtaking,overtaking,give_way,rule_based,Rule-based COLREGS,166.49496143787462,645.2155060028855,12.551610569986345,9.356062810732148,container_feeder,container_feeder,power_driven,good,1077.8441450291148,4.484159009972498,1.5081357515728353,1011.5978769040445,1.7281813293396258,True,True,False,-5.728695643341911,15.324202738835131,3298.6204182599704,292,54.97437106470596,False,overtaking,1.0,1.0,1.0,,,1.0
overtaking_0092,overtaking,overtaking,give_way,velocity_obstacle,Velocity obstacle,166.49496143787462,645.2155060028855,12.551610569986345,9.356062810732148,container_feeder,container_feeder,power_driven,good,1077.8441450291148,4.484159009972498,1.5081357515728353,1043.9117460709554,1.7474626173920518,True,True,False,-1.4019876094157067,2.389063308094391,1306.5898027808144,75,42.29047150108114,True,overtaking,1.0,1.0,1.0,,,1.0
overtaking_0092,overtaking,overtaking,give_way,mpc,MPC,166.49496143787462,645.2155060028855,12.551610569986345,9.356062810732148,container_feeder,container_feeder,power_driven,good,1077.8441450291148,4.484159009972498,1.5081357515728353,1020.4270716226398,1.7216761022462843,True,True,False,-21.01727553587135,22.15100447316563,1635.1202046488154,65,19.99999924430792,False,overtaking,1.0,0.0,1.0,,,0.6666666666666666
overtaking_0093,overtaking,overtaking,give_way,no_action,No action (baseline),1095.8444865688398,1347.2367195625236,14.902409208839213,9.460702494749412,vlcc,vlcc,not_under_command,good,3929.6231462188957,-14.63247930154545,-0.8978340342090192,1095.8623965522545,2.065514505021106,True,True,False,-1.1351801611405482e-12,1.1351801611405482e-12,0.0,0,0.0,True,overtaking,0.0,0.0,0.0,,,0.0
overtaking_0093,overtaking,overtaking,give_way,rule_based,Rule-based COLREGS,1095.8444865688398,1347.2367195625236,14.902409208839213,9.460702494749412,vlcc,vlcc,not_under_command,good,3929.6231462188957,-14.63247930154545,-0.8978340342090192,1095.8623965522545,2.065514505021106,True,True,False,-1.1351801611405482e-12,1.1351801611405482e-12,0.0,0,0.0,True,overtaking,0.0,0.0,0.0,,,0.0
overtaking_0093,overtaking,overtaking,give_way,velocity_obstacle,Velocity obstacle,1095.8444865688398,1347.2367195625236,14.902409208839213,9.460702494749412,vlcc,vlcc,not_under_command,good,3929.6231462188957,-14.63247930154545,-0.8978340342090192,1095.8623965522545,2.065514505021106,True,True,False,-1.1351801611405482e-12,1.1351801611405482e-12,0.0,0,0.0,True,overtaking,0.0,0.0,0.0,,,0.0
overtaking_0093,overtaking,overtaking,give_way,mpc,MPC,1095.8444865688398,1347.2367195625236,14.902409208839213,9.460702494749412,vlcc,vlcc,not_under_command,good,3929.6231462188957,-14.63247930154545,-0.8978340342090192,1095.8623965522545,2.065514505021106,True,True,False,-1.1351801611405482e-12,1.1351801611405482e-12,0.0,0,0.0,True,overtaking,0.0,0.0,0.0,,,0.0
overtaking_0094,overtaking,overtaking,give_way,no_action,No action (baseline),158.2455559579747,676.896833663058,15.103933566585075,12.179330675401218,handysize_bulker,handysize_bulker,power_driven,good,1286.481322953987,25.600218263783457,-9.350705665644497,158.28599325746362,0.3002013307255703,False,False,True,6.772298668205443e-13,-6.772298668205443e-13,0.0,0,0.0,False,overtaking,0.0,0.0,0.0,,,0.0
overtaking_0094,overtaking,overtaking,give_way,rule_based,Rule-based COLREGS,158.2455559579747,676.896833663058,15.103933566585075,12.179330675401218,handysize_bulker,handysize_bulker,power_driven,good,1286.481322953987,25.600218263783457,-9.350705665644497,1037.5569166855114,1.4541348350368362,True,True,False,-1.6908605219067159,7.511896779489674,2045.1315145712128,159,39.84229918399875,False,overtaking,1.0,1.0,1.0,,,1.0
overtaking_0094,overtaking,overtaking,give_way,velocity_obstacle,Velocity obstacle,158.2455559579747,676.896833663058,15.103933566585075,12.179330675401218,handysize_bulker,handysize_bulker,power_driven,good,1286.481322953987,25.600218263783457,-9.350705665644497,1094.9333580235357,1.5209307732876802,True,True,False,-1.3662090440299774,1.781538298636216,796.7182995661158,98,24.1717995490167,False,overtaking,1.0,0.0,1.0,,,0.6666666666666666
overtaking_0094,overtaking,overtaking,give_way,mpc,MPC,158.2455559579747,676.896833663058,15.103933566585075,12.179330675401218,handysize_bulker,handysize_bulker,power_driven,good,1286.481322953987,25.600218263783457,-9.350705665644497,1063.707363126568,1.548237515922449,True,True,False,-6.008344923504339,6.008344923504339,0.0,0,0.0,False,overtaking,0.0,0.0,1.0,,,0.3333333333333333
overtaking_0095,overtaking,overtaking,give_way,no_action,No action (baseline),487.6242145907616,1569.28515323286,13.000122447565122,10.095984233499365,vlcc,coastal_tanker,power_driven,moderate,2505.078979966534,26.50423616368517,-4.5567772529082236,487.6254992081638,0.7290828153611215,False,False,False,1.2861579566430129e-12,-1.2861579566430129e-12,0.0,0,0.0,True,overtaking,0.0,0.0,0.0,,,0.0
overtaking_0095,overtaking,overtaking,give_way,rule_based,Rule-based COLREGS,487.6242145907616,1569.28515323286,13.000122447565122,10.095984233499365,vlcc,coastal_tanker,power_driven,moderate,2505.078979966534,26.50423616368517,-4.5567772529082236,1447.5313872804188,1.1375574045149224,True,True,False,-5.175894113581556,10.607174529107779,3097.9045236905863,159,39.92802421519006,False,overtaking,1.0,1.0,1.0,,,1.0
overtaking_0095,overtaking,overtaking,give_way,velocity_obstacle,Velocity obstacle,487.6242145907616,1569.28515323286,13.000122447565122,10.095984233499365,vlcc,coastal_tanker,power_driven,moderate,2505.078979966534,26.50423616368517,-4.5567772529082236,1100.5708825696106,0.9281595656531528,True,False,False,-1.5972772892073475,2.3468229004326715,1496.5733733289699,74,22.089450783543576,False,overtaking,1.0,0.0,1.0,,,0.6666666666666666
overtaking_0095,overtaking,overtaking,give_way,mpc,MPC,487.6242145907616,1569.28515323286,13.000122447565122,10.095984233499365,vlcc,coastal_tanker,power_driven,moderate,2505.078979966534,26.50423616368517,-4.5567772529082236,1195.6515229713186,1.0506849783363743,True,True,False,-17.694767264962994,17.71429833793069,174.62019139016422,22,4.363982530690921,False,overtaking,0.0,0.0,1.0,,,0.3333333333333333
overtaking_0096,overtaking,overtaking,give_way,no_action,No action (baseline),380.92126454834533,716.1070565622285,14.078463380782793,11.013421095112008,container_feeder,container_feeder,power_driven,good,1273.6462683949042,-1.669951452780668,5.617078146083351,380.925898143202,1.146680074681128,False,True,False,1.4950349592604988e-12,-1.4950349592604988e-12,0.0,0,0.0,False,overtaking,0.0,0.0,0.0,,,0.0
overtaking_0096,overtaking,overtaking,give_way,rule_based,Rule-based COLREGS,380.92126454834533,716.1070565622285,14.078463380782793,11.013421095112008,container_feeder,container_feeder,power_driven,good,1273.6462683949042,-1.669951452780668,5.617078146083351,1200.4702883844402,2.13912058675246,True,True,False,-0.34144035828895686,4.021619847665664,3232.229458220036,56,34.99999924443416,False,overtaking,1.0,1.0,1.0,,,1.0
overtaking_0096,overtaking,overtaking,give_way,velocity_obstacle,Velocity obstacle,380.92126454834533,716.1070565622285,14.078463380782793,11.013421095112008,container_feeder,container_feeder,power_driven,good,1273.6462683949042,-1.669951452780668,5.617078146083351,1085.565097434702,2.097796099158452,True,True,False,-0.10828454608029957,0.9881873621327384,1649.8061303754819,62,23.872823418772295,True,overtaking,1.0,0.0,1.0,,,0.6666666666666666
overtaking_0096,overtaking,overtaking,give_way,mpc,MPC,380.92126454834533,716.1070565622285,14.078463380782793,11.013421095112008,container_feeder,container_feeder,power_driven,good,1273.6462683949042,-1.669951452780668,5.617078146083351,1040.949485039606,2.0894775789667444,True,True,False,-7.760778859526968,7.760778859526968,0.0,0,0.0,False,overtaking,0.0,0.0,1.0,,,0.3333333333333333
overtaking_0097,overtaking,overtaking,give_way,no_action,No action (baseline),937.8600738652524,627.3254056721626,14.02028505183071,9.865471582866075,container_feeder,coastal_tanker,power_driven,restricted,1729.137532848771,-14.06912615856922,-8.445524398387633,937.8755332248903,2.697495382211881,True,True,False,-5.752410087323301e-13,5.752410087323301e-13,0.0,0,0.0,False,overtaking,0.0,0.0,0.0,,,0.0
overtaking_0097,overtaking,overtaking,give_way,rule_based,Rule-based COLREGS,937.8600738652524,627.3254056721626,14.02028505183071,9.865471582866075,container_feeder,coastal_tanker,power_driven,restricted,1729.137532848771,-14.06912615856922,-8.445524398387633,937.8755332248903,2.697495382211881,True,True,False,-5.752410087323301e-13,5.752410087323301e-13,0.0,0,0.0,False,overtaking,0.0,0.0,0.0,,,0.0
overtaking_0097,overtaking,overtaking,give_way,velocity_obstacle,Velocity obstacle,937.8600738652524,627.3254056721626,14.02028505183071,9.865471582866075,container_feeder,coastal_tanker,power_driven,restricted,1729.137532848771,-14.06912615856922,-8.445524398387633,937.8755332248903,2.697495382211881,True,True,False,-5.752410087323301e-13,5.752410087323301e-13,0.0,0,0.0,False,overtaking,0.0,0.0,0.0,,,0.0
overtaking_0097,overtaking,overtaking,give_way,mpc,MPC,937.8600738652524,627.3254056721626,14.02028505183071,9.865471582866075,container_feeder,coastal_tanker,power_driven,restricted,1729.137532848771,-14.06912615856922,-8.445524398387633,937.8755332248903,2.697495382211881,True,True,False,-5.752410087323301e-13,5.752410087323301e-13,0.0,0,0.0,False,overtaking,0.0,0.0,0.0,,,0.0
overtaking_0098,overtaking,overtaking,give_way,no_action,No action (baseline),782.1230596395023,971.8097675213111,12.945292734671828,8.670587168743648,coastal_tanker,coastal_tanker,power_driven,good,2285.5547722611004,-24.638044280267625,2.290410172568585,782.1332847636658,4.283775363971574,False,True,False,7.59767924275353e-13,-7.59767924275353e-13,0.0,0,0.0,True,overtaking,0.0,0.0,0.0,,,0.0
overtaking_0098,overtaking,overtaking,give_way,rule_based,Rule-based COLREGS,782.1230596395023,971.8097675213111,12.945292734671828,8.670587168743648,coastal_tanker,coastal_tanker,power_driven,good,2285.5547722611004,-24.638044280267625,2.290410172568585,2072.57020524733,7.1275337422051654,True,True,False,-0.1805220430087937,2.257495196079044,1761.3862268468054,54,34.99810817707966,False,overtaking,1.0,1.0,1.0,,,1.0
overtaking_0098,overtaking,overtaking,give_way,velocity_obstacle,Velocity obstacle,782.1230596395023,971.8097675213111,12.945292734671828,8.670587168743648,coastal_tanker,coastal_tanker,power_driven,good,2285.5547722611004,-24.638044280267625,2.290410172568585,1090.433433617679,5.972431524124304,True,True,False,-0.008595251767728405,0.060345947291770785,310.4886907851914,14,4.999954562654007,True,overtaking,0.0,0.0,1.0,,,0.3333333333333333
overtaking_0098,overtaking,overtaking,give_way,mpc,MPC,782.1230596395023,971.8097675213111,12.945292734671828,8.670587168743648,coastal_tanker,coastal_tanker,power_driven,good,2285.5547722611004,-24.638044280267625,2.290410172568585,1051.3304053131335,5.758188809207919,True,True,False,-0.06701010403588169,0.19594402103038377,273.874500322386,41,18.34073586109527,True,overtaking,1.0,0.0,1.0,,,0.6666666666666666
overtaking_0099,overtaking,overtaking,give_way,no_action,No action (baseline),469.64090512203217,1524.340256473859,14.1814155726141,9.246885902666069,handysize_bulker,container_feeder,fishing,good,3907.7976436513795,3.602310486906439,1.764926729224035,469.64390659798136,1.5983469097966536,False,True,False,2.3580454063496904e-13,-2.3580454063496904e-13,0.0,0,0.0,True,overtaking,0.0,0.0,0.0,,,0.0
overtaking_0099,overtaking,overtaking,give_way,rule_based,Rule-based COLREGS,469.64090512203217,1524.340256473859,14.1814155726141,9.246885902666069,handysize_bulker,container_feeder,fishing,good,3907.7976436513795,3.602310486906439,1.764926729224035,2162.45085696239,3.2726468742541446,True,True,False,-5.408524481997274,6.741091911928247,2043.1903123675531,196,24.96727187269835,False,overtaking,0.0,0.0,1.0,,,0.3333333333333333
overtaking_0099,overtaking,overtaking,give_way,velocity_obstacle,Velocity obstacle,469.64090512203217,1524.340256473859,14.1814155726141,9.246885902666069,handysize_bulker,container_feeder,fishing,good,3907.7976436513795,3.602310486906439,1.764926729224035,1094.4970251727532,2.8401733639082436,True,True,False,-0.09263785318642047,0.6521192940609251,1580.5808773866506,46,14.963441698175012,True,overtaking,1.0,0.0,1.0,,,0.6666666666666666
overtaking_0099,overtaking,overtaking,give_way,mpc,MPC,469.64090512203217,1524.340256473859,14.1814155726141,9.246885902666069,handysize_bulker,container_feeder,fishing,good,3907.7976436513795,3.602310486906439,1.764926729224035,1025.1516632798541,2.982083019499013,True,True,False,-1.6747568968597335,2.5974489038143704,1536.5525670408272,67,19.999999868800113,True,overtaking,1.0,0.0,1.0,,,0.6666666666666666
